Região Geográfica Intermediária,Grupo de idade,Pessoas,Tempo de Deslocamento,Nível de Instrução,Código Região Intermediária,Código UF,UF,Tempo de Deslocamento Médio
Porto Velho,10 a 17 anos,5254.0,Total,Total,1101,11,Rondônia,
Ji-Paraná,10 a 17 anos,5670.0,Total,Total,1102,11,Rondônia,
Rio Branco,10 a 17 anos,2235.0,Total,Total,1201,12,Acre,
Cruzeiro do Sul,10 a 17 anos,1125.0,Total,Total,1202,12,Acre,
Manaus,10 a 17 anos,10845.0,Total,Total,1301,13,Amazonas,
Tefé,10 a 17 anos,3970.0,Total,Total,1302,13,Amazonas,
Lábrea,10 a 17 anos,2219.0,Total,Total,1303,13,Amazonas,
Parintins,10 a 17 anos,1469.0,Total,Total,1304,13,Amazonas,
Boa Vista,10 a 17 anos,2650.0,Total,Total,1401,14,Roraima,
Rorainópolis - Caracaraí,10 a 17 anos,609.0,Total,Total,1402,14,Roraima,
Belém,10 a 17 anos,11134.0,Total,Total,1501,15,Pará,
Castanhal,10 a 17 anos,8072.0,Total,Total,1502,15,Pará,
Marabá,10 a 17 anos,9638.0,Total,Total,1503,15,Pará,
Redenção,10 a 17 anos,4632.0,Total,Total,1504,15,Pará,
Santarém,10 a 17 anos,5810.0,Total,Total,1505,15,Pará,
Altamira,10 a 17 anos,3039.0,Total,Total,1506,15,Pará,
Breves,10 a 17 anos,2118.0,Total,Total,1507,15,Pará,
Macapá,10 a 17 anos,2673.0,Total,Total,1601,16,Amapá,
Oiapoque - Porto Grande,10 a 17 anos,625.0,Total,Total,1602,16,Amapá,
Palmas,10 a 17 anos,4959.0,Total,Total,1701,17,Tocantins,
Araguaína,10 a 17 anos,4581.0,Total,Total,1702,17,Tocantins,
Gurupi,10 a 17 anos,1912.0,Total,Total,1703,17,Tocantins,
São Luís,10 a 17 anos,10243.0,Total,Total,2101,21,Maranhão,
Santa Inês - Bacabal,10 a 17 anos,8081.0,Total,Total,2102,21,Maranhão,
Caxias,10 a 17 anos,3229.0,Total,Total,2103,21,Maranhão,
Presidente Dutra,10 a 17 anos,2883.0,Total,Total,2104,21,Maranhão,
Imperatriz,10 a 17 anos,8757.0,Total,Total,2105,21,Maranhão,
Teresina,10 a 17 anos,5144.0,Total,Total,2201,22,Piauí,
Parnaíba,10 a 17 anos,2342.0,Total,Total,2202,22,Piauí,
Picos,10 a 17 anos,2067.0,Total,Total,2203,22,Piauí,
São Raimundo Nonato,10 a 17 anos,670.0,Total,Total,2204,22,Piauí,
Corrente - Bom Jesus,10 a 17 anos,1001.0,Total,Total,2205,22,Piauí,
Floriano,10 a 17 anos,983.0,Total,Total,2206,22,Piauí,
Fortaleza,10 a 17 anos,13805.0,Total,Total,2301,23,Ceará,
Quixadá,10 a 17 anos,2362.0,Total,Total,2302,23,Ceará,
Iguatu,10 a 17 anos,1181.0,Total,Total,2303,23,Ceará,
Juazeiro do Norte,10 a 17 anos,3568.0,Total,Total,2304,23,Ceará,
Crateús,10 a 17 anos,1278.0,Total,Total,2305,23,Ceará,
Sobral,10 a 17 anos,4961.0,Total,Total,2306,23,Ceará,
Natal,10 a 17 anos,6873.0,Total,Total,2401,24,Rio Grande do Norte,
Caicó,10 a 17 anos,951.0,Total,Total,2402,24,Rio Grande do Norte,
Mossoró,10 a 17 anos,2582.0,Total,Total,2403,24,Rio Grande do Norte,
João Pessoa,10 a 17 anos,5475.0,Total,Total,2501,25,Paraíba,
Campina Grande,10 a 17 anos,4045.0,Total,Total,2502,25,Paraíba,
Patos,10 a 17 anos,2095.0,Total,Total,2503,25,Paraíba,
Sousa - Cajazeiras,10 a 17 anos,748.0,Total,Total,2504,25,Paraíba,
Recife,10 a 17 anos,12966.0,Total,Total,2601,26,Pernambuco,
Caruaru,10 a 17 anos,9913.0,Total,Total,2602,26,Pernambuco,
Serra Talhada,10 a 17 anos,1920.0,Total,Total,2603,26,Pernambuco,
Petrolina,10 a 17 anos,4626.0,Total,Total,2604,26,Pernambuco,
Maceió,10 a 17 anos,6968.0,Total,Total,2701,27,Alagoas,
Arapiraca,10 a 17 anos,5060.0,Total,Total,2702,27,Alagoas,
Aracaju,10 a 17 anos,5148.0,Total,Total,2801,28,Sergipe,
Itabaiana,10 a 17 anos,3171.0,Total,Total,2802,28,Sergipe,
Salvador,10 a 17 anos,14764.0,Total,Total,2901,29,Bahia,
Santo Antônio de Jesus,10 a 17 anos,4176.0,Total,Total,2902,29,Bahia,
Ilhéus - Itabuna,10 a 17 anos,11398.0,Total,Total,,,,
Vitória da Conquista,10 a 17 anos,9066.0,Total,Total,2904,29,Bahia,
Guanambi,10 a 17 anos,3422.0,Total,Total,2905,29,Bahia,
Barreiras,10 a 17 anos,3750.0,Total,Total,2906,29,Bahia,
Irecê,10 a 17 anos,4056.0,Total,Total,2907,29,Bahia,
Juazeiro,10 a 17 anos,3962.0,Total,Total,2908,29,Bahia,
Paulo Afonso,10 a 17 anos,3220.0,Total,Total,2909,29,Bahia,
Feira de Santana,10 a 17 anos,11657.0,Total,Total,2910,29,Bahia,
Belo Horizonte,10 a 17 anos,27988.0,Total,Total,3101,31,Minas Gerais,
Montes Claros,10 a 17 anos,8629.0,Total,Total,3102,31,Minas Gerais,
Teófilo Otoni,10 a 17 anos,6273.0,Total,Total,3103,31,Minas Gerais,
Governador Valadares,10 a 17 anos,4329.0,Total,Total,3104,31,Minas Gerais,
Ipatinga,10 a 17 anos,5026.0,Total,Total,3105,31,Minas Gerais,
Juíz de Fora,10 a 17 anos,10699.0,Total,Total,3106,31,Minas Gerais,
Barbacena,10 a 17 anos,3163.0,Total,Total,3107,31,Minas Gerais,
Varginha,10 a 17 anos,10435.0,Total,Total,3108,31,Minas Gerais,
Pouso Alegre,10 a 17 anos,8121.0,Total,Total,3109,31,Minas Gerais,
Uberaba,10 a 17 anos,5531.0,Total,Total,3110,31,Minas Gerais,
Uberlândia,10 a 17 anos,8153.0,Total,Total,3111,31,Minas Gerais,
Patos de Minas,10 a 17 anos,6834.0,Total,Total,3112,31,Minas Gerais,
Divinópolis,10 a 17 anos,13133.0,Total,Total,3113,31,Minas Gerais,
Vitória,10 a 17 anos,12076.0,Total,Total,3201,32,Espírito Santo,
São Mateus,10 a 17 anos,4059.0,Total,Total,3202,32,Espírito Santo,
Colatina,10 a 17 anos,2353.0,Total,Total,3203,32,Espírito Santo,
Cachoeiro do Itapemirim,10 a 17 anos,2916.0,Total,Total,3204,32,Espírito Santo,
Rio de Janeiro,10 a 17 anos,26777.0,Total,Total,3301,33,Rio de Janeiro,
Volta Redonda - Barra Mansa,10 a 17 anos,3092.0,Total,Total,3302,33,Rio de Janeiro,
Petrópolis,10 a 17 anos,2983.0,Total,Total,3303,33,Rio de Janeiro,
Campos dos Goytacazes,10 a 17 anos,2945.0,Total,Total,3304,33,Rio de Janeiro,
Macaé - Rio das Ostras - Cabo Frio,10 a 17 anos,3345.0,Total,Total,3305,33,Rio de Janeiro,
São Paulo,10 a 17 anos,89626.0,Total,Total,3501,35,São Paulo,
Sorocaba,10 a 17 anos,17476.0,Total,Total,3502,35,São Paulo,
Bauru,10 a 17 anos,8592.0,Total,Total,3503,35,São Paulo,
Marília,10 a 17 anos,5362.0,Total,Total,3504,35,São Paulo,
Presidente Prudente,10 a 17 anos,3655.0,Total,Total,3505,35,São Paulo,
Araçatuba,10 a 17 anos,3785.0,Total,Total,3506,35,São Paulo,
São José do Rio Preto,10 a 17 anos,8839.0,Total,Total,3507,35,São Paulo,
Ribeirão Preto,10 a 17 anos,14660.0,Total,Total,3508,35,São Paulo,
Araraquara,10 a 17 anos,4773.0,Total,Total,3509,35,São Paulo,
Campinas,10 a 17 anos,34344.0,Total,Total,3510,35,São Paulo,
São José dos Campos,10 a 17 anos,11305.0,Total,Total,3511,35,São Paulo,
Curitiba,10 a 17 anos,22304.0,Total,Total,4101,41,Paraná,
Guarapuava,10 a 17 anos,3075.0,Total,Total,4102,41,Paraná,
Cascavel,10 a 17 anos,21867.0,Total,Total,4103,41,Paraná,
Maringá,10 a 17 anos,13442.0,Total,Total,4104,41,Paraná,
Londrina,10 a 17 anos,13086.0,Total,Total,4105,41,Paraná,
Ponta Grossa,10 a 17 anos,5819.0,Total,Total,4106,41,Paraná,
Florianópolis,10 a 17 anos,6584.0,Total,Total,4201,42,Santa Catarina,
Criciúma,10 a 17 anos,9058.0,Total,Total,4202,42,Santa Catarina,
Lages,10 a 17 anos,3158.0,Total,Total,4203,42,Santa Catarina,
Chapecó,10 a 17 anos,12958.0,Total,Total,4204,42,Santa Catarina,
Caçador,10 a 17 anos,2009.0,Total,Total,4205,42,Santa Catarina,
Joinville,10 a 17 anos,11284.0,Total,Total,4206,42,Santa Catarina,
Blumenau,10 a 17 anos,19906.0,Total,Total,4207,42,Santa Catarina,
Porto Alegre,10 a 17 anos,30748.0,Total,Total,4301,43,Rio Grande do Sul,
Pelotas,10 a 17 anos,4391.0,Total,Total,4302,43,Rio Grande do Sul,
Santa Maria,10 a 17 anos,3792.0,Total,Total,4303,43,Rio Grande do Sul,
Uruguaiana,10 a 17 anos,2294.0,Total,Total,4304,43,Rio Grande do Sul,
Ijuí,10 a 17 anos,5068.0,Total,Total,4305,43,Rio Grande do Sul,
Passo Fundo,10 a 17 anos,11441.0,Total,Total,4306,43,Rio Grande do Sul,
Caxias do Sul,10 a 17 anos,12432.0,Total,Total,4307,43,Rio Grande do Sul,
Santa Cruz do Sul - Lajeado,10 a 17 anos,6598.0,Total,Total,4308,43,Rio Grande do Sul,
Campo Grande,10 a 17 anos,10550.0,Total,Total,5001,50,Mato Grosso do Sul,
Dourados,10 a 17 anos,7289.0,Total,Total,5002,50,Mato Grosso do Sul,
Corumbá,10 a 17 anos,2091.0,Total,Total,5003,50,Mato Grosso do Sul,
Cuiabá,10 a 17 anos,10704.0,Total,Total,5101,51,Mato Grosso,
Cáceres,10 a 17 anos,2635.0,Total,Total,5102,51,Mato Grosso,
Sinop,10 a 17 anos,11694.0,Total,Total,5103,51,Mato Grosso,
Barra do Garças,10 a 17 anos,4381.0,Total,Total,5104,51,Mato Grosso,
Rondonópolis,10 a 17 anos,4105.0,Total,Total,5105,51,Mato Grosso,
Goiânia,10 a 17 anos,27297.0,Total,Total,5201,52,Goiás,
Itumbiara,10 a 17 anos,4190.0,Total,Total,5202,52,Goiás,
Rio Verde,10 a 17 anos,6105.0,Total,Total,5203,52,Goiás,
São Luís de Montes Belos - Iporá,10 a 17 anos,2714.0,Total,Total,5204,52,Goiás,
Porangatu - Uruaçu,10 a 17 anos,4479.0,Total,Total,5205,52,Goiás,
Luziânia - Águas Lindas de Goiás,10 a 17 anos,9132.0,Total,Total,5206,52,Goiás,
Distrito Federal,10 a 17 anos,13671.0,Total,Total,5301,53,Distrito Federal,
Porto Velho,10 a 17 anos,2046.0,Total,Sem instrução e fundamental incompleto,1101,11,Rondônia,
Ji-Paraná,10 a 17 anos,1689.0,Total,Sem instrução e fundamental incompleto,1102,11,Rondônia,
Rio Branco,10 a 17 anos,980.0,Total,Sem instrução e fundamental incompleto,1201,12,Acre,
Cruzeiro do Sul,10 a 17 anos,481.0,Total,Sem instrução e fundamental incompleto,1202,12,Acre,
Manaus,10 a 17 anos,3788.0,Total,Sem instrução e fundamental incompleto,1301,13,Amazonas,
Tefé,10 a 17 anos,2357.0,Total,Sem instrução e fundamental incompleto,1302,13,Amazonas,
Lábrea,10 a 17 anos,1098.0,Total,Sem instrução e fundamental incompleto,1303,13,Amazonas,
Parintins,10 a 17 anos,581.0,Total,Sem instrução e fundamental incompleto,1304,13,Amazonas,
Boa Vista,10 a 17 anos,799.0,Total,Sem instrução e fundamental incompleto,1401,14,Roraima,
Rorainópolis - Caracaraí,10 a 17 anos,354.0,Total,Sem instrução e fundamental incompleto,1402,14,Roraima,
Belém,10 a 17 anos,4574.0,Total,Sem instrução e fundamental incompleto,1501,15,Pará,
Castanhal,10 a 17 anos,4121.0,Total,Sem instrução e fundamental incompleto,1502,15,Pará,
Marabá,10 a 17 anos,4099.0,Total,Sem instrução e fundamental incompleto,1503,15,Pará,
Redenção,10 a 17 anos,2092.0,Total,Sem instrução e fundamental incompleto,1504,15,Pará,
Santarém,10 a 17 anos,2615.0,Total,Sem instrução e fundamental incompleto,1505,15,Pará,
Altamira,10 a 17 anos,1275.0,Total,Sem instrução e fundamental incompleto,1506,15,Pará,
Breves,10 a 17 anos,1269.0,Total,Sem instrução e fundamental incompleto,1507,15,Pará,
Macapá,10 a 17 anos,1276.0,Total,Sem instrução e fundamental incompleto,1601,16,Amapá,
Oiapoque - Porto Grande,10 a 17 anos,314.0,Total,Sem instrução e fundamental incompleto,1602,16,Amapá,
Palmas,10 a 17 anos,1210.0,Total,Sem instrução e fundamental incompleto,1701,17,Tocantins,
Araguaína,10 a 17 anos,1612.0,Total,Sem instrução e fundamental incompleto,1702,17,Tocantins,
Gurupi,10 a 17 anos,626.0,Total,Sem instrução e fundamental incompleto,1703,17,Tocantins,
São Luís,10 a 17 anos,3931.0,Total,Sem instrução e fundamental incompleto,2101,21,Maranhão,
Santa Inês - Bacabal,10 a 17 anos,3715.0,Total,Sem instrução e fundamental incompleto,2102,21,Maranhão,
Caxias,10 a 17 anos,1323.0,Total,Sem instrução e fundamental incompleto,2103,21,Maranhão,
Presidente Dutra,10 a 17 anos,1472.0,Total,Sem instrução e fundamental incompleto,2104,21,Maranhão,
Imperatriz,10 a 17 anos,3904.0,Total,Sem instrução e fundamental incompleto,2105,21,Maranhão,
Teresina,10 a 17 anos,1634.0,Total,Sem instrução e fundamental incompleto,2201,22,Piauí,
Parnaíba,10 a 17 anos,1126.0,Total,Sem instrução e fundamental incompleto,2202,22,Piauí,
Picos,10 a 17 anos,990.0,Total,Sem instrução e fundamental incompleto,2203,22,Piauí,
São Raimundo Nonato,10 a 17 anos,349.0,Total,Sem instrução e fundamental incompleto,2204,22,Piauí,
Corrente - Bom Jesus,10 a 17 anos,532.0,Total,Sem instrução e fundamental incompleto,2205,22,Piauí,
Floriano,10 a 17 anos,497.0,Total,Sem instrução e fundamental incompleto,2206,22,Piauí,
Fortaleza,10 a 17 anos,4310.0,Total,Sem instrução e fundamental incompleto,2301,23,Ceará,
Quixadá,10 a 17 anos,896.0,Total,Sem instrução e fundamental incompleto,2302,23,Ceará,
Iguatu,10 a 17 anos,369.0,Total,Sem instrução e fundamental incompleto,2303,23,Ceará,
Juazeiro do Norte,10 a 17 anos,1098.0,Total,Sem instrução e fundamental incompleto,2304,23,Ceará,
Crateús,10 a 17 anos,421.0,Total,Sem instrução e fundamental incompleto,2305,23,Ceará,
Sobral,10 a 17 anos,1498.0,Total,Sem instrução e fundamental incompleto,2306,23,Ceará,
Natal,10 a 17 anos,3618.0,Total,Sem instrução e fundamental incompleto,2401,24,Rio Grande do Norte,
Caicó,10 a 17 anos,327.0,Total,Sem instrução e fundamental incompleto,2402,24,Rio Grande do Norte,
Mossoró,10 a 17 anos,1324.0,Total,Sem instrução e fundamental incompleto,2403,24,Rio Grande do Norte,
João Pessoa,10 a 17 anos,2407.0,Total,Sem instrução e fundamental incompleto,2501,25,Paraíba,
Campina Grande,10 a 17 anos,1975.0,Total,Sem instrução e fundamental incompleto,2502,25,Paraíba,
Patos,10 a 17 anos,1096.0,Total,Sem instrução e fundamental incompleto,2503,25,Paraíba,
Sousa - Cajazeiras,10 a 17 anos,351.0,Total,Sem instrução e fundamental incompleto,2504,25,Paraíba,
Recife,10 a 17 anos,5483.0,Total,Sem instrução e fundamental incompleto,2601,26,Pernambuco,
Caruaru,10 a 17 anos,4729.0,Total,Sem instrução e fundamental incompleto,2602,26,Pernambuco,
Serra Talhada,10 a 17 anos,747.0,Total,Sem instrução e fundamental incompleto,2603,26,Pernambuco,
Petrolina,10 a 17 anos,2052.0,Total,Sem instrução e fundamental incompleto,2604,26,Pernambuco,
Maceió,10 a 17 anos,2848.0,Total,Sem instrução e fundamental incompleto,2701,27,Alagoas,
Arapiraca,10 a 17 anos,2451.0,Total,Sem instrução e fundamental incompleto,2702,27,Alagoas,
Aracaju,10 a 17 anos,2170.0,Total,Sem instrução e fundamental incompleto,2801,28,Sergipe,
Itabaiana,10 a 17 anos,1721.0,Total,Sem instrução e fundamental incompleto,2802,28,Sergipe,
Salvador,10 a 17 anos,5148.0,Total,Sem instrução e fundamental incompleto,2901,29,Bahia,
Santo Antônio de Jesus,10 a 17 anos,1875.0,Total,Sem instrução e fundamental incompleto,2902,29,Bahia,
Ilhéus - Itabuna,10 a 17 anos,5451.0,Total,Sem instrução e fundamental incompleto,,,,
Vitória da Conquista,10 a 17 anos,4202.0,Total,Sem instrução e fundamental incompleto,2904,29,Bahia,
Guanambi,10 a 17 anos,1448.0,Total,Sem instrução e fundamental incompleto,2905,29,Bahia,
Barreiras,10 a 17 anos,1443.0,Total,Sem instrução e fundamental incompleto,2906,29,Bahia,
Irecê,10 a 17 anos,1765.0,Total,Sem instrução e fundamental incompleto,2907,29,Bahia,
Juazeiro,10 a 17 anos,1852.0,Total,Sem instrução e fundamental incompleto,2908,29,Bahia,
Paulo Afonso,10 a 17 anos,1772.0,Total,Sem instrução e fundamental incompleto,2909,29,Bahia,
Feira de Santana,10 a 17 anos,5315.0,Total,Sem instrução e fundamental incompleto,2910,29,Bahia,
Belo Horizonte,10 a 17 anos,6922.0,Total,Sem instrução e fundamental incompleto,3101,31,Minas Gerais,
Montes Claros,10 a 17 anos,2541.0,Total,Sem instrução e fundamental incompleto,3102,31,Minas Gerais,
Teófilo Otoni,10 a 17 anos,2002.0,Total,Sem instrução e fundamental incompleto,3103,31,Minas Gerais,
Governador Valadares,10 a 17 anos,1451.0,Total,Sem instrução e fundamental incompleto,3104,31,Minas Gerais,
Ipatinga,10 a 17 anos,1306.0,Total,Sem instrução e fundamental incompleto,3105,31,Minas Gerais,
Juíz de Fora,10 a 17 anos,3735.0,Total,Sem instrução e fundamental incompleto,3106,31,Minas Gerais,
Barbacena,10 a 17 anos,923.0,Total,Sem instrução e fundamental incompleto,3107,31,Minas Gerais,
Varginha,10 a 17 anos,2575.0,Total,Sem instrução e fundamental incompleto,3108,31,Minas Gerais,
Pouso Alegre,10 a 17 anos,2145.0,Total,Sem instrução e fundamental incompleto,3109,31,Minas Gerais,
Uberaba,10 a 17 anos,1528.0,Total,Sem instrução e fundamental incompleto,3110,31,Minas Gerais,
Uberlândia,10 a 17 anos,2071.0,Total,Sem instrução e fundamental incompleto,3111,31,Minas Gerais,
Patos de Minas,10 a 17 anos,2054.0,Total,Sem instrução e fundamental incompleto,3112,31,Minas Gerais,
Divinópolis,10 a 17 anos,3441.0,Total,Sem instrução e fundamental incompleto,3113,31,Minas Gerais,
Vitória,10 a 17 anos,3386.0,Total,Sem instrução e fundamental incompleto,3201,32,Espírito Santo,
São Mateus,10 a 17 anos,1315.0,Total,Sem instrução e fundamental incompleto,3202,32,Espírito Santo,
Colatina,10 a 17 anos,776.0,Total,Sem instrução e fundamental incompleto,3203,32,Espírito Santo,
Cachoeiro do Itapemirim,10 a 17 anos,912.0,Total,Sem instrução e fundamental incompleto,3204,32,Espírito Santo,
Rio de Janeiro,10 a 17 anos,9034.0,Total,Sem instrução e fundamental incompleto,3301,33,Rio de Janeiro,
Volta Redonda - Barra Mansa,10 a 17 anos,1050.0,Total,Sem instrução e fundamental incompleto,3302,33,Rio de Janeiro,
Petrópolis,10 a 17 anos,1013.0,Total,Sem instrução e fundamental incompleto,3303,33,Rio de Janeiro,
Campos dos Goytacazes,10 a 17 anos,927.0,Total,Sem instrução e fundamental incompleto,3304,33,Rio de Janeiro,
Macaé - Rio das Ostras - Cabo Frio,10 a 17 anos,1079.0,Total,Sem instrução e fundamental incompleto,3305,33,Rio de Janeiro,
São Paulo,10 a 17 anos,15956.0,Total,Sem instrução e fundamental incompleto,3501,35,São Paulo,
Sorocaba,10 a 17 anos,2809.0,Total,Sem instrução e fundamental incompleto,3502,35,São Paulo,
Bauru,10 a 17 anos,1124.0,Total,Sem instrução e fundamental incompleto,3503,35,São Paulo,
Marília,10 a 17 anos,740.0,Total,Sem instrução e fundamental incompleto,3504,35,São Paulo,
Presidente Prudente,10 a 17 anos,509.0,Total,Sem instrução e fundamental incompleto,3505,35,São Paulo,
Araçatuba,10 a 17 anos,682.0,Total,Sem instrução e fundamental incompleto,3506,35,São Paulo,
São José do Rio Preto,10 a 17 anos,1535.0,Total,Sem instrução e fundamental incompleto,3507,35,São Paulo,
Ribeirão Preto,10 a 17 anos,2683.0,Total,Sem instrução e fundamental incompleto,3508,35,São Paulo,
Araraquara,10 a 17 anos,721.0,Total,Sem instrução e fundamental incompleto,3509,35,São Paulo,
Campinas,10 a 17 anos,4706.0,Total,Sem instrução e fundamental incompleto,3510,35,São Paulo,
São José dos Campos,10 a 17 anos,1953.0,Total,Sem instrução e fundamental incompleto,3511,35,São Paulo,
Curitiba,10 a 17 anos,3720.0,Total,Sem instrução e fundamental incompleto,4101,41,Paraná,
Guarapuava,10 a 17 anos,605.0,Total,Sem instrução e fundamental incompleto,4102,41,Paraná,
Cascavel,10 a 17 anos,3712.0,Total,Sem instrução e fundamental incompleto,4103,41,Paraná,
Maringá,10 a 17 anos,2489.0,Total,Sem instrução e fundamental incompleto,4104,41,Paraná,
Londrina,10 a 17 anos,2447.0,Total,Sem instrução e fundamental incompleto,4105,41,Paraná,
Ponta Grossa,10 a 17 anos,950.0,Total,Sem instrução e fundamental incompleto,4106,41,Paraná,
Florianópolis,10 a 17 anos,1239.0,Total,Sem instrução e fundamental incompleto,4201,42,Santa Catarina,
Criciúma,10 a 17 anos,2104.0,Total,Sem instrução e fundamental incompleto,4202,42,Santa Catarina,
Lages,10 a 17 anos,872.0,Total,Sem instrução e fundamental incompleto,4203,42,Santa Catarina,
Chapecó,10 a 17 anos,2940.0,Total,Sem instrução e fundamental incompleto,4204,42,Santa Catarina,
Caçador,10 a 17 anos,513.0,Total,Sem instrução e fundamental incompleto,4205,42,Santa Catarina,
Joinville,10 a 17 anos,1907.0,Total,Sem instrução e fundamental incompleto,4206,42,Santa Catarina,
Blumenau,10 a 17 anos,3842.0,Total,Sem instrução e fundamental incompleto,4207,42,Santa Catarina,
Porto Alegre,10 a 17 anos,7149.0,Total,Sem instrução e fundamental incompleto,4301,43,Rio Grande do Sul,
Pelotas,10 a 17 anos,1165.0,Total,Sem instrução e fundamental incompleto,4302,43,Rio Grande do Sul,
Santa Maria,10 a 17 anos,828.0,Total,Sem instrução e fundamental incompleto,4303,43,Rio Grande do Sul,
Uruguaiana,10 a 17 anos,584.0,Total,Sem instrução e fundamental incompleto,4304,43,Rio Grande do Sul,
Ijuí,10 a 17 anos,1204.0,Total,Sem instrução e fundamental incompleto,4305,43,Rio Grande do Sul,
Passo Fundo,10 a 17 anos,2592.0,Total,Sem instrução e fundamental incompleto,4306,43,Rio Grande do Sul,
Caxias do Sul,10 a 17 anos,2268.0,Total,Sem instrução e fundamental incompleto,4307,43,Rio Grande do Sul,
Santa Cruz do Sul - Lajeado,10 a 17 anos,1462.0,Total,Sem instrução e fundamental incompleto,4308,43,Rio Grande do Sul,
Campo Grande,10 a 17 anos,2820.0,Total,Sem instrução e fundamental incompleto,5001,50,Mato Grosso do Sul,
Dourados,10 a 17 anos,2634.0,Total,Sem instrução e fundamental incompleto,5002,50,Mato Grosso do Sul,
Corumbá,10 a 17 anos,651.0,Total,Sem instrução e fundamental incompleto,5003,50,Mato Grosso do Sul,
Cuiabá,10 a 17 anos,2746.0,Total,Sem instrução e fundamental incompleto,5101,51,Mato Grosso,
Cáceres,10 a 17 anos,670.0,Total,Sem instrução e fundamental incompleto,5102,51,Mato Grosso,
Sinop,10 a 17 anos,2757.0,Total,Sem instrução e fundamental incompleto,5103,51,Mato Grosso,
Barra do Garças,10 a 17 anos,1178.0,Total,Sem instrução e fundamental incompleto,5104,51,Mato Grosso,
Rondonópolis,10 a 17 anos,880.0,Total,Sem instrução e fundamental incompleto,5105,51,Mato Grosso,
Goiânia,10 a 17 anos,6951.0,Total,Sem instrução e fundamental incompleto,5201,52,Goiás,
Itumbiara,10 a 17 anos,1225.0,Total,Sem instrução e fundamental incompleto,5202,52,Goiás,
Rio Verde,10 a 17 anos,1628.0,Total,Sem instrução e fundamental incompleto,5203,52,Goiás,
São Luís de Montes Belos - Iporá,10 a 17 anos,711.0,Total,Sem instrução e fundamental incompleto,5204,52,Goiás,
Porangatu - Uruaçu,10 a 17 anos,1200.0,Total,Sem instrução e fundamental incompleto,5205,52,Goiás,
Luziânia - Águas Lindas de Goiás,10 a 17 anos,2402.0,Total,Sem instrução e fundamental incompleto,5206,52,Goiás,
Distrito Federal,10 a 17 anos,2807.0,Total,Sem instrução e fundamental incompleto,5301,53,Distrito Federal,
Porto Velho,10 a 17 anos,3094.0,Total,Fundamental completo e médio incompleto,1101,11,Rondônia,
Ji-Paraná,10 a 17 anos,3807.0,Total,Fundamental completo e médio incompleto,1102,11,Rondônia,
Rio Branco,10 a 17 anos,1170.0,Total,Fundamental completo e médio incompleto,1201,12,Acre,
Cruzeiro do Sul,10 a 17 anos,607.0,Total,Fundamental completo e médio incompleto,1202,12,Acre,
Manaus,10 a 17 anos,6568.0,Total,Fundamental completo e médio incompleto,1301,13,Amazonas,
Tefé,10 a 17 anos,1512.0,Total,Fundamental completo e médio incompleto,1302,13,Amazonas,
Lábrea,10 a 17 anos,1049.0,Total,Fundamental completo e médio incompleto,1303,13,Amazonas,
Parintins,10 a 17 anos,841.0,Total,Fundamental completo e médio incompleto,1304,13,Amazonas,
Boa Vista,10 a 17 anos,1619.0,Total,Fundamental completo e médio incompleto,1401,14,Roraima,
Rorainópolis - Caracaraí,10 a 17 anos,236.0,Total,Fundamental completo e médio incompleto,1402,14,Roraima,
Belém,10 a 17 anos,6242.0,Total,Fundamental completo e médio incompleto,1501,15,Pará,
Castanhal,10 a 17 anos,3769.0,Total,Fundamental completo e médio incompleto,1502,15,Pará,
Marabá,10 a 17 anos,5089.0,Total,Fundamental completo e médio incompleto,1503,15,Pará,
Redenção,10 a 17 anos,2423.0,Total,Fundamental completo e médio incompleto,1504,15,Pará,
Santarém,10 a 17 anos,3039.0,Total,Fundamental completo e médio incompleto,1505,15,Pará,
Altamira,10 a 17 anos,1677.0,Total,Fundamental completo e médio incompleto,1506,15,Pará,
Breves,10 a 17 anos,806.0,Total,Fundamental completo e médio incompleto,1507,15,Pará,
Macapá,10 a 17 anos,1248.0,Total,Fundamental completo e médio incompleto,1601,16,Amapá,
Oiapoque - Porto Grande,10 a 17 anos,302.0,Total,Fundamental completo e médio incompleto,1602,16,Amapá,
Palmas,10 a 17 anos,3478.0,Total,Fundamental completo e médio incompleto,1701,17,Tocantins,
Araguaína,10 a 17 anos,2787.0,Total,Fundamental completo e médio incompleto,1702,17,Tocantins,
Gurupi,10 a 17 anos,1159.0,Total,Fundamental completo e médio incompleto,1703,17,Tocantins,
São Luís,10 a 17 anos,5820.0,Total,Fundamental completo e médio incompleto,2101,21,Maranhão,
Santa Inês - Bacabal,10 a 17 anos,4169.0,Total,Fundamental completo e médio incompleto,2102,21,Maranhão,
Caxias,10 a 17 anos,1777.0,Total,Fundamental completo e médio incompleto,2103,21,Maranhão,
Presidente Dutra,10 a 17 anos,1347.0,Total,Fundamental completo e médio incompleto,2104,21,Maranhão,
Imperatriz,10 a 17 anos,4620.0,Total,Fundamental completo e médio incompleto,2105,21,Maranhão,
Teresina,10 a 17 anos,3259.0,Total,Fundamental completo e médio incompleto,2201,22,Piauí,
Parnaíba,10 a 17 anos,1127.0,Total,Fundamental completo e médio incompleto,2202,22,Piauí,
Picos,10 a 17 anos,1019.0,Total,Fundamental completo e médio incompleto,2203,22,Piauí,
São Raimundo Nonato,10 a 17 anos,310.0,Total,Fundamental completo e médio incompleto,2204,22,Piauí,
Corrente - Bom Jesus,10 a 17 anos,449.0,Total,Fundamental completo e médio incompleto,2205,22,Piauí,
Floriano,10 a 17 anos,455.0,Total,Fundamental completo e médio incompleto,2206,22,Piauí,
Fortaleza,10 a 17 anos,8472.0,Total,Fundamental completo e médio incompleto,2301,23,Ceará,
Quixadá,10 a 17 anos,1313.0,Total,Fundamental completo e médio incompleto,2302,23,Ceará,
Iguatu,10 a 17 anos,801.0,Total,Fundamental completo e médio incompleto,2303,23,Ceará,
Juazeiro do Norte,10 a 17 anos,2373.0,Total,Fundamental completo e médio incompleto,2304,23,Ceará,
Crateús,10 a 17 anos,840.0,Total,Fundamental completo e médio incompleto,2305,23,Ceará,
Sobral,10 a 17 anos,3279.0,Total,Fundamental completo e médio incompleto,2306,23,Ceará,
Natal,10 a 17 anos,3142.0,Total,Fundamental completo e médio incompleto,2401,24,Rio Grande do Norte,
Caicó,10 a 17 anos,608.0,Total,Fundamental completo e médio incompleto,2402,24,Rio Grande do Norte,
Mossoró,10 a 17 anos,1182.0,Total,Fundamental completo e médio incompleto,2403,24,Rio Grande do Norte,
João Pessoa,10 a 17 anos,2681.0,Total,Fundamental completo e médio incompleto,2501,25,Paraíba,
Campina Grande,10 a 17 anos,1882.0,Total,Fundamental completo e médio incompleto,2502,25,Paraíba,
Patos,10 a 17 anos,893.0,Total,Fundamental completo e médio incompleto,2503,25,Paraíba,
Sousa - Cajazeiras,10 a 17 anos,376.0,Total,Fundamental completo e médio incompleto,2504,25,Paraíba,
Recife,10 a 17 anos,6572.0,Total,Fundamental completo e médio incompleto,2601,26,Pernambuco,
Caruaru,10 a 17 anos,4815.0,Total,Fundamental completo e médio incompleto,2602,26,Pernambuco,
Serra Talhada,10 a 17 anos,1083.0,Total,Fundamental completo e médio incompleto,2603,26,Pernambuco,
Petrolina,10 a 17 anos,2391.0,Total,Fundamental completo e médio incompleto,2604,26,Pernambuco,
Maceió,10 a 17 anos,3819.0,Total,Fundamental completo e médio incompleto,2701,27,Alagoas,
Arapiraca,10 a 17 anos,2480.0,Total,Fundamental completo e médio incompleto,2702,27,Alagoas,
Aracaju,10 a 17 anos,2862.0,Total,Fundamental completo e médio incompleto,2801,28,Sergipe,
Itabaiana,10 a 17 anos,1383.0,Total,Fundamental completo e médio incompleto,2802,28,Sergipe,
Salvador,10 a 17 anos,8693.0,Total,Fundamental completo e médio incompleto,2901,29,Bahia,
Santo Antônio de Jesus,10 a 17 anos,2175.0,Total,Fundamental completo e médio incompleto,2902,29,Bahia,
Ilhéus - Itabuna,10 a 17 anos,5562.0,Total,Fundamental completo e médio incompleto,,,,
Vitória da Conquista,10 a 17 anos,4546.0,Total,Fundamental completo e médio incompleto,2904,29,Bahia,
Guanambi,10 a 17 anos,1900.0,Total,Fundamental completo e médio incompleto,2905,29,Bahia,
Barreiras,10 a 17 anos,2126.0,Total,Fundamental completo e médio incompleto,2906,29,Bahia,
Irecê,10 a 17 anos,2134.0,Total,Fundamental completo e médio incompleto,2907,29,Bahia,
Juazeiro,10 a 17 anos,1935.0,Total,Fundamental completo e médio incompleto,2908,29,Bahia,
Paulo Afonso,10 a 17 anos,1392.0,Total,Fundamental completo e médio incompleto,2909,29,Bahia,
Feira de Santana,10 a 17 anos,5909.0,Total,Fundamental completo e médio incompleto,2910,29,Bahia,
Belo Horizonte,10 a 17 anos,19645.0,Total,Fundamental completo e médio incompleto,3101,31,Minas Gerais,
Montes Claros,10 a 17 anos,5839.0,Total,Fundamental completo e médio incompleto,3102,31,Minas Gerais,
Teófilo Otoni,10 a 17 anos,4138.0,Total,Fundamental completo e médio incompleto,3103,31,Minas Gerais,
Governador Valadares,10 a 17 anos,2746.0,Total,Fundamental completo e médio incompleto,3104,31,Minas Gerais,
Ipatinga,10 a 17 anos,3461.0,Total,Fundamental completo e médio incompleto,3105,31,Minas Gerais,
Juíz de Fora,10 a 17 anos,6568.0,Total,Fundamental completo e médio incompleto,3106,31,Minas Gerais,
Barbacena,10 a 17 anos,2158.0,Total,Fundamental completo e médio incompleto,3107,31,Minas Gerais,
Varginha,10 a 17 anos,7494.0,Total,Fundamental completo e médio incompleto,3108,31,Minas Gerais,
Pouso Alegre,10 a 17 anos,5570.0,Total,Fundamental completo e médio incompleto,3109,31,Minas Gerais,
Uberaba,10 a 17 anos,3665.0,Total,Fundamental completo e médio incompleto,3110,31,Minas Gerais,
Uberlândia,10 a 17 anos,5584.0,Total,Fundamental completo e médio incompleto,3111,31,Minas Gerais,
Patos de Minas,10 a 17 anos,4598.0,Total,Fundamental completo e médio incompleto,3112,31,Minas Gerais,
Divinópolis,10 a 17 anos,9127.0,Total,Fundamental completo e médio incompleto,3113,31,Minas Gerais,
Vitória,10 a 17 anos,8349.0,Total,Fundamental completo e médio incompleto,3201,32,Espírito Santo,
São Mateus,10 a 17 anos,2518.0,Total,Fundamental completo e médio incompleto,3202,32,Espírito Santo,
Colatina,10 a 17 anos,1498.0,Total,Fundamental completo e médio incompleto,3203,32,Espírito Santo,
Cachoeiro do Itapemirim,10 a 17 anos,1889.0,Total,Fundamental completo e médio incompleto,3204,32,Espírito Santo,
Rio de Janeiro,10 a 17 anos,16432.0,Total,Fundamental completo e médio incompleto,3301,33,Rio de Janeiro,
Volta Redonda - Barra Mansa,10 a 17 anos,1969.0,Total,Fundamental completo e médio incompleto,3302,33,Rio de Janeiro,
Petrópolis,10 a 17 anos,1864.0,Total,Fundamental completo e médio incompleto,3303,33,Rio de Janeiro,
Campos dos Goytacazes,10 a 17 anos,1956.0,Total,Fundamental completo e médio incompleto,3304,33,Rio de Janeiro,
Macaé - Rio das Ostras - Cabo Frio,10 a 17 anos,2145.0,Total,Fundamental completo e médio incompleto,3305,33,Rio de Janeiro,
São Paulo,10 a 17 anos,64325.0,Total,Fundamental completo e médio incompleto,3501,35,São Paulo,
Sorocaba,10 a 17 anos,12917.0,Total,Fundamental completo e médio incompleto,3502,35,São Paulo,
Bauru,10 a 17 anos,6862.0,Total,Fundamental completo e médio incompleto,3503,35,São Paulo,
Marília,10 a 17 anos,4255.0,Total,Fundamental completo e médio incompleto,3504,35,São Paulo,
Presidente Prudente,10 a 17 anos,2803.0,Total,Fundamental completo e médio incompleto,3505,35,São Paulo,
Araçatuba,10 a 17 anos,2869.0,Total,Fundamental completo e médio incompleto,3506,35,São Paulo,
São José do Rio Preto,10 a 17 anos,6654.0,Total,Fundamental completo e médio incompleto,3507,35,São Paulo,
Ribeirão Preto,10 a 17 anos,10957.0,Total,Fundamental completo e médio incompleto,3508,35,São Paulo,
Araraquara,10 a 17 anos,3591.0,Total,Fundamental completo e médio incompleto,3509,35,São Paulo,
Campinas,10 a 17 anos,26459.0,Total,Fundamental completo e médio incompleto,3510,35,São Paulo,
São José dos Campos,10 a 17 anos,8744.0,Total,Fundamental completo e médio incompleto,3511,35,São Paulo,
Curitiba,10 a 17 anos,15276.0,Total,Fundamental completo e médio incompleto,4101,41,Paraná,
Guarapuava,10 a 17 anos,2198.0,Total,Fundamental completo e médio incompleto,4102,41,Paraná,
Cascavel,10 a 17 anos,15259.0,Total,Fundamental completo e médio incompleto,4103,41,Paraná,
Maringá,10 a 17 anos,9090.0,Total,Fundamental completo e médio incompleto,4104,41,Paraná,
Londrina,10 a 17 anos,9266.0,Total,Fundamental completo e médio incompleto,4105,41,Paraná,
Ponta Grossa,10 a 17 anos,4252.0,Total,Fundamental completo e médio incompleto,4106,41,Paraná,
Florianópolis,10 a 17 anos,4969.0,Total,Fundamental completo e médio incompleto,4201,42,Santa Catarina,
Criciúma,10 a 17 anos,6610.0,Total,Fundamental completo e médio incompleto,4202,42,Santa Catarina,
Lages,10 a 17 anos,2149.0,Total,Fundamental completo e médio incompleto,4203,42,Santa Catarina,
Chapecó,10 a 17 anos,9526.0,Total,Fundamental completo e médio incompleto,4204,42,Santa Catarina,
Caçador,10 a 17 anos,1419.0,Total,Fundamental completo e médio incompleto,4205,42,Santa Catarina,
Joinville,10 a 17 anos,8666.0,Total,Fundamental completo e médio incompleto,4206,42,Santa Catarina,
Blumenau,10 a 17 anos,15090.0,Total,Fundamental completo e médio incompleto,4207,42,Santa Catarina,
Porto Alegre,10 a 17 anos,22393.0,Total,Fundamental completo e médio incompleto,4301,43,Rio Grande do Sul,
Pelotas,10 a 17 anos,3085.0,Total,Fundamental completo e médio incompleto,4302,43,Rio Grande do Sul,
Santa Maria,10 a 17 anos,2860.0,Total,Fundamental completo e médio incompleto,4303,43,Rio Grande do Sul,
Uruguaiana,10 a 17 anos,1584.0,Total,Fundamental completo e médio incompleto,4304,43,Rio Grande do Sul,
Ijuí,10 a 17 anos,3737.0,Total,Fundamental completo e médio incompleto,4305,43,Rio Grande do Sul,
Passo Fundo,10 a 17 anos,8423.0,Total,Fundamental completo e médio incompleto,4306,43,Rio Grande do Sul,
Caxias do Sul,10 a 17 anos,9653.0,Total,Fundamental completo e médio incompleto,4307,43,Rio Grande do Sul,
Santa Cruz do Sul - Lajeado,10 a 17 anos,4952.0,Total,Fundamental completo e médio incompleto,4308,43,Rio Grande do Sul,
Campo Grande,10 a 17 anos,6671.0,Total,Fundamental completo e médio incompleto,5001,50,Mato Grosso do Sul,
Dourados,10 a 17 anos,4205.0,Total,Fundamental completo e médio incompleto,5002,50,Mato Grosso do Sul,
Corumbá,10 a 17 anos,1252.0,Total,Fundamental completo e médio incompleto,5003,50,Mato Grosso do Sul,
Cuiabá,10 a 17 anos,7208.0,Total,Fundamental completo e médio incompleto,5101,51,Mato Grosso,
Cáceres,10 a 17 anos,1828.0,Total,Fundamental completo e médio incompleto,5102,51,Mato Grosso,
Sinop,10 a 17 anos,8118.0,Total,Fundamental completo e médio incompleto,5103,51,Mato Grosso,
Barra do Garças,10 a 17 anos,2995.0,Total,Fundamental completo e médio incompleto,5104,51,Mato Grosso,
Rondonópolis,10 a 17 anos,2908.0,Total,Fundamental completo e médio incompleto,5105,51,Mato Grosso,
Goiânia,10 a 17 anos,18628.0,Total,Fundamental completo e médio incompleto,5201,52,Goiás,
Itumbiara,10 a 17 anos,2732.0,Total,Fundamental completo e médio incompleto,5202,52,Goiás,
Rio Verde,10 a 17 anos,4018.0,Total,Fundamental completo e médio incompleto,5203,52,Goiás,
São Luís de Montes Belos - Iporá,10 a 17 anos,1838.0,Total,Fundamental completo e médio incompleto,5204,52,Goiás,
Porangatu - Uruaçu,10 a 17 anos,2907.0,Total,Fundamental completo e médio incompleto,5205,52,Goiás,
Luziânia - Águas Lindas de Goiás,10 a 17 anos,6251.0,Total,Fundamental completo e médio incompleto,5206,52,Goiás,
Distrito Federal,10 a 17 anos,10187.0,Total,Fundamental completo e médio incompleto,5301,53,Distrito Federal,
Porto Velho,10 a 17 anos,114.0,Total,Médio completo e superior incompleto,1101,11,Rondônia,
Ji-Paraná,10 a 17 anos,174.0,Total,Médio completo e superior incompleto,1102,11,Rondônia,
Rio Branco,10 a 17 anos,85.0,Total,Médio completo e superior incompleto,1201,12,Acre,
Cruzeiro do Sul,10 a 17 anos,36.0,Total,Médio completo e superior incompleto,1202,12,Acre,
Manaus,10 a 17 anos,489.0,Total,Médio completo e superior incompleto,1301,13,Amazonas,
Tefé,10 a 17 anos,101.0,Total,Médio completo e superior incompleto,1302,13,Amazonas,
Lábrea,10 a 17 anos,72.0,Total,Médio completo e superior incompleto,1303,13,Amazonas,
Parintins,10 a 17 anos,46.0,Total,Médio completo e superior incompleto,1304,13,Amazonas,
Boa Vista,10 a 17 anos,232.0,Total,Médio completo e superior incompleto,1401,14,Roraima,
Rorainópolis - Caracaraí,10 a 17 anos,19.0,Total,Médio completo e superior incompleto,1402,14,Roraima,
Belém,10 a 17 anos,317.0,Total,Médio completo e superior incompleto,1501,15,Pará,
Castanhal,10 a 17 anos,183.0,Total,Médio completo e superior incompleto,1502,15,Pará,
Marabá,10 a 17 anos,450.0,Total,Médio completo e superior incompleto,1503,15,Pará,
Redenção,10 a 17 anos,117.0,Total,Médio completo e superior incompleto,1504,15,Pará,
Santarém,10 a 17 anos,157.0,Total,Médio completo e superior incompleto,1505,15,Pará,
Altamira,10 a 17 anos,87.0,Total,Médio completo e superior incompleto,1506,15,Pará,
Breves,10 a 17 anos,42.0,Total,Médio completo e superior incompleto,1507,15,Pará,
Macapá,10 a 17 anos,149.0,Total,Médio completo e superior incompleto,1601,16,Amapá,
Oiapoque - Porto Grande,10 a 17 anos,9.0,Total,Médio completo e superior incompleto,1602,16,Amapá,
Palmas,10 a 17 anos,270.0,Total,Médio completo e superior incompleto,1701,17,Tocantins,
Araguaína,10 a 17 anos,182.0,Total,Médio completo e superior incompleto,1702,17,Tocantins,
Gurupi,10 a 17 anos,126.0,Total,Médio completo e superior incompleto,1703,17,Tocantins,
São Luís,10 a 17 anos,491.0,Total,Médio completo e superior incompleto,2101,21,Maranhão,
Santa Inês - Bacabal,10 a 17 anos,197.0,Total,Médio completo e superior incompleto,2102,21,Maranhão,
Caxias,10 a 17 anos,129.0,Total,Médio completo e superior incompleto,2103,21,Maranhão,
Presidente Dutra,10 a 17 anos,63.0,Total,Médio completo e superior incompleto,2104,21,Maranhão,
Imperatriz,10 a 17 anos,233.0,Total,Médio completo e superior incompleto,2105,21,Maranhão,
Teresina,10 a 17 anos,250.0,Total,Médio completo e superior incompleto,2201,22,Piauí,
Parnaíba,10 a 17 anos,89.0,Total,Médio completo e superior incompleto,2202,22,Piauí,
Picos,10 a 17 anos,58.0,Total,Médio completo e superior incompleto,2203,22,Piauí,
São Raimundo Nonato,10 a 17 anos,11.0,Total,Médio completo e superior incompleto,2204,22,Piauí,
Corrente - Bom Jesus,10 a 17 anos,20.0,Total,Médio completo e superior incompleto,2205,22,Piauí,
Floriano,10 a 17 anos,31.0,Total,Médio completo e superior incompleto,2206,22,Piauí,
Fortaleza,10 a 17 anos,1023.0,Total,Médio completo e superior incompleto,2301,23,Ceará,
Quixadá,10 a 17 anos,153.0,Total,Médio completo e superior incompleto,2302,23,Ceará,
Iguatu,10 a 17 anos,10.0,Total,Médio completo e superior incompleto,2303,23,Ceará,
Juazeiro do Norte,10 a 17 anos,98.0,Total,Médio completo e superior incompleto,2304,23,Ceará,
Crateús,10 a 17 anos,16.0,Total,Médio completo e superior incompleto,2305,23,Ceará,
Sobral,10 a 17 anos,184.0,Total,Médio completo e superior incompleto,2306,23,Ceará,
Natal,10 a 17 anos,113.0,Total,Médio completo e superior incompleto,2401,24,Rio Grande do Norte,
Caicó,10 a 17 anos,16.0,Total,Médio completo e superior incompleto,2402,24,Rio Grande do Norte,
Mossoró,10 a 17 anos,75.0,Total,Médio completo e superior incompleto,2403,24,Rio Grande do Norte,
João Pessoa,10 a 17 anos,387.0,Total,Médio completo e superior incompleto,2501,25,Paraíba,
Campina Grande,10 a 17 anos,189.0,Total,Médio completo e superior incompleto,2502,25,Paraíba,
Patos,10 a 17 anos,107.0,Total,Médio completo e superior incompleto,2503,25,Paraíba,
Sousa - Cajazeiras,10 a 17 anos,21.0,Total,Médio completo e superior incompleto,2504,25,Paraíba,
Recife,10 a 17 anos,911.0,Total,Médio completo e superior incompleto,2601,26,Pernambuco,
Caruaru,10 a 17 anos,369.0,Total,Médio completo e superior incompleto,2602,26,Pernambuco,
Serra Talhada,10 a 17 anos,90.0,Total,Médio completo e superior incompleto,2603,26,Pernambuco,
Petrolina,10 a 17 anos,184.0,Total,Médio completo e superior incompleto,2604,26,Pernambuco,
Maceió,10 a 17 anos,301.0,Total,Médio completo e superior incompleto,2701,27,Alagoas,
Arapiraca,10 a 17 anos,129.0,Total,Médio completo e superior incompleto,2702,27,Alagoas,
Aracaju,10 a 17 anos,116.0,Total,Médio completo e superior incompleto,2801,28,Sergipe,
Itabaiana,10 a 17 anos,66.0,Total,Médio completo e superior incompleto,2802,28,Sergipe,
Salvador,10 a 17 anos,923.0,Total,Médio completo e superior incompleto,2901,29,Bahia,
Santo Antônio de Jesus,10 a 17 anos,126.0,Total,Médio completo e superior incompleto,2902,29,Bahia,
Ilhéus - Itabuna,10 a 17 anos,385.0,Total,Médio completo e superior incompleto,,,,
Vitória da Conquista,10 a 17 anos,319.0,Total,Médio completo e superior incompleto,2904,29,Bahia,
Guanambi,10 a 17 anos,73.0,Total,Médio completo e superior incompleto,2905,29,Bahia,
Barreiras,10 a 17 anos,181.0,Total,Médio completo e superior incompleto,2906,29,Bahia,
Irecê,10 a 17 anos,157.0,Total,Médio completo e superior incompleto,2907,29,Bahia,
Juazeiro,10 a 17 anos,175.0,Total,Médio completo e superior incompleto,2908,29,Bahia,
Paulo Afonso,10 a 17 anos,56.0,Total,Médio completo e superior incompleto,2909,29,Bahia,
Feira de Santana,10 a 17 anos,433.0,Total,Médio completo e superior incompleto,2910,29,Bahia,
Belo Horizonte,10 a 17 anos,1421.0,Total,Médio completo e superior incompleto,3101,31,Minas Gerais,
Montes Claros,10 a 17 anos,249.0,Total,Médio completo e superior incompleto,3102,31,Minas Gerais,
Teófilo Otoni,10 a 17 anos,133.0,Total,Médio completo e superior incompleto,3103,31,Minas Gerais,
Governador Valadares,10 a 17 anos,132.0,Total,Médio completo e superior incompleto,3104,31,Minas Gerais,
Ipatinga,10 a 17 anos,259.0,Total,Médio completo e superior incompleto,3105,31,Minas Gerais,
Juíz de Fora,10 a 17 anos,395.0,Total,Médio completo e superior incompleto,3106,31,Minas Gerais,
Barbacena,10 a 17 anos,82.0,Total,Médio completo e superior incompleto,3107,31,Minas Gerais,
Varginha,10 a 17 anos,366.0,Total,Médio completo e superior incompleto,3108,31,Minas Gerais,
Pouso Alegre,10 a 17 anos,405.0,Total,Médio completo e superior incompleto,3109,31,Minas Gerais,
Uberaba,10 a 17 anos,338.0,Total,Médio completo e superior incompleto,3110,31,Minas Gerais,
Uberlândia,10 a 17 anos,497.0,Total,Médio completo e superior incompleto,3111,31,Minas Gerais,
Patos de Minas,10 a 17 anos,181.0,Total,Médio completo e superior incompleto,3112,31,Minas Gerais,
Divinópolis,10 a 17 anos,565.0,Total,Médio completo e superior incompleto,3113,31,Minas Gerais,
Vitória,10 a 17 anos,341.0,Total,Médio completo e superior incompleto,3201,32,Espírito Santo,
São Mateus,10 a 17 anos,226.0,Total,Médio completo e superior incompleto,3202,32,Espírito Santo,
Colatina,10 a 17 anos,79.0,Total,Médio completo e superior incompleto,3203,32,Espírito Santo,
Cachoeiro do Itapemirim,10 a 17 anos,115.0,Total,Médio completo e superior incompleto,3204,32,Espírito Santo,
Rio de Janeiro,10 a 17 anos,1310.0,Total,Médio completo e superior incompleto,3301,33,Rio de Janeiro,
Volta Redonda - Barra Mansa,10 a 17 anos,73.0,Total,Médio completo e superior incompleto,3302,33,Rio de Janeiro,
Petrópolis,10 a 17 anos,107.0,Total,Médio completo e superior incompleto,3303,33,Rio de Janeiro,
Campos dos Goytacazes,10 a 17 anos,62.0,Total,Médio completo e superior incompleto,3304,33,Rio de Janeiro,
Macaé - Rio das Ostras - Cabo Frio,10 a 17 anos,120.0,Total,Médio completo e superior incompleto,3305,33,Rio de Janeiro,
São Paulo,10 a 17 anos,9345.0,Total,Médio completo e superior incompleto,3501,35,São Paulo,
Sorocaba,10 a 17 anos,1749.0,Total,Médio completo e superior incompleto,3502,35,São Paulo,
Bauru,10 a 17 anos,606.0,Total,Médio completo e superior incompleto,3503,35,São Paulo,
Marília,10 a 17 anos,367.0,Total,Médio completo e superior incompleto,3504,35,São Paulo,
Presidente Prudente,10 a 17 anos,343.0,Total,Médio completo e superior incompleto,3505,35,São Paulo,
Araçatuba,10 a 17 anos,234.0,Total,Médio completo e superior incompleto,3506,35,São Paulo,
São José do Rio Preto,10 a 17 anos,650.0,Total,Médio completo e superior incompleto,3507,35,São Paulo,
Ribeirão Preto,10 a 17 anos,1020.0,Total,Médio completo e superior incompleto,3508,35,São Paulo,
Araraquara,10 a 17 anos,461.0,Total,Médio completo e superior incompleto,3509,35,São Paulo,
Campinas,10 a 17 anos,3179.0,Total,Médio completo e superior incompleto,3510,35,São Paulo,
São José dos Campos,10 a 17 anos,607.0,Total,Médio completo e superior incompleto,3511,35,São Paulo,
Curitiba,10 a 17 anos,3309.0,Total,Médio completo e superior incompleto,4101,41,Paraná,
Guarapuava,10 a 17 anos,272.0,Total,Médio completo e superior incompleto,4102,41,Paraná,
Cascavel,10 a 17 anos,2896.0,Total,Médio completo e superior incompleto,4103,41,Paraná,
Maringá,10 a 17 anos,1864.0,Total,Médio completo e superior incompleto,4104,41,Paraná,
Londrina,10 a 17 anos,1373.0,Total,Médio completo e superior incompleto,4105,41,Paraná,
Ponta Grossa,10 a 17 anos,617.0,Total,Médio completo e superior incompleto,4106,41,Paraná,
Florianópolis,10 a 17 anos,376.0,Total,Médio completo e superior incompleto,4201,42,Santa Catarina,
Criciúma,10 a 17 anos,345.0,Total,Médio completo e superior incompleto,4202,42,Santa Catarina,
Lages,10 a 17 anos,137.0,Total,Médio completo e superior incompleto,4203,42,Santa Catarina,
Chapecó,10 a 17 anos,492.0,Total,Médio completo e superior incompleto,4204,42,Santa Catarina,
Caçador,10 a 17 anos,77.0,Total,Médio completo e superior incompleto,4205,42,Santa Catarina,
Joinville,10 a 17 anos,711.0,Total,Médio completo e superior incompleto,4206,42,Santa Catarina,
Blumenau,10 a 17 anos,975.0,Total,Médio completo e superior incompleto,4207,42,Santa Catarina,
Porto Alegre,10 a 17 anos,1206.0,Total,Médio completo e superior incompleto,4301,43,Rio Grande do Sul,
Pelotas,10 a 17 anos,141.0,Total,Médio completo e superior incompleto,4302,43,Rio Grande do Sul,
Santa Maria,10 a 17 anos,104.0,Total,Médio completo e superior incompleto,4303,43,Rio Grande do Sul,
Uruguaiana,10 a 17 anos,127.0,Total,Médio completo e superior incompleto,4304,43,Rio Grande do Sul,
Ijuí,10 a 17 anos,128.0,Total,Médio completo e superior incompleto,4305,43,Rio Grande do Sul,
Passo Fundo,10 a 17 anos,426.0,Total,Médio completo e superior incompleto,4306,43,Rio Grande do Sul,
Caxias do Sul,10 a 17 anos,511.0,Total,Médio completo e superior incompleto,4307,43,Rio Grande do Sul,
Santa Cruz do Sul - Lajeado,10 a 17 anos,184.0,Total,Médio completo e superior incompleto,4308,43,Rio Grande do Sul,
Campo Grande,10 a 17 anos,1060.0,Total,Médio completo e superior incompleto,5001,50,Mato Grosso do Sul,
Dourados,10 a 17 anos,450.0,Total,Médio completo e superior incompleto,5002,50,Mato Grosso do Sul,
Corumbá,10 a 17 anos,188.0,Total,Médio completo e superior incompleto,5003,50,Mato Grosso do Sul,
Cuiabá,10 a 17 anos,751.0,Total,Médio completo e superior incompleto,5101,51,Mato Grosso,
Cáceres,10 a 17 anos,138.0,Total,Médio completo e superior incompleto,5102,51,Mato Grosso,
Sinop,10 a 17 anos,820.0,Total,Médio completo e superior incompleto,5103,51,Mato Grosso,
Barra do Garças,10 a 17 anos,208.0,Total,Médio completo e superior incompleto,5104,51,Mato Grosso,
Rondonópolis,10 a 17 anos,318.0,Total,Médio completo e superior incompleto,5105,51,Mato Grosso,
Goiânia,10 a 17 anos,1718.0,Total,Médio completo e superior incompleto,5201,52,Goiás,
Itumbiara,10 a 17 anos,232.0,Total,Médio completo e superior incompleto,5202,52,Goiás,
Rio Verde,10 a 17 anos,459.0,Total,Médio completo e superior incompleto,5203,52,Goiás,
São Luís de Montes Belos - Iporá,10 a 17 anos,164.0,Total,Médio completo e superior incompleto,5204,52,Goiás,
Porangatu - Uruaçu,10 a 17 anos,372.0,Total,Médio completo e superior incompleto,5205,52,Goiás,
Luziânia - Águas Lindas de Goiás,10 a 17 anos,478.0,Total,Médio completo e superior incompleto,5206,52,Goiás,
Distrito Federal,10 a 17 anos,676.0,Total,Médio completo e superior incompleto,5301,53,Distrito Federal,
Porto Velho,10 a 17 anos,907.0,Até cinco minutos,Total,1101,11,Rondônia,2.5
Ji-Paraná,10 a 17 anos,1081.0,Até cinco minutos,Total,1102,11,Rondônia,2.5
Rio Branco,10 a 17 anos,308.0,Até cinco minutos,Total,1201,12,Acre,2.5
Cruzeiro do Sul,10 a 17 anos,232.0,Até cinco minutos,Total,1202,12,Acre,2.5
Manaus,10 a 17 anos,1758.0,Até cinco minutos,Total,1301,13,Amazonas,2.5
Tefé,10 a 17 anos,835.0,Até cinco minutos,Total,1302,13,Amazonas,2.5
Lábrea,10 a 17 anos,469.0,Até cinco minutos,Total,1303,13,Amazonas,2.5
Parintins,10 a 17 anos,398.0,Até cinco minutos,Total,1304,13,Amazonas,2.5
Boa Vista,10 a 17 anos,500.0,Até cinco minutos,Total,1401,14,Roraima,2.5
Rorainópolis - Caracaraí,10 a 17 anos,150.0,Até cinco minutos,Total,1402,14,Roraima,2.5
Belém,10 a 17 anos,2148.0,Até cinco minutos,Total,1501,15,Pará,2.5
Castanhal,10 a 17 anos,1844.0,Até cinco minutos,Total,1502,15,Pará,2.5
Marabá,10 a 17 anos,1597.0,Até cinco minutos,Total,1503,15,Pará,2.5
Redenção,10 a 17 anos,846.0,Até cinco minutos,Total,1504,15,Pará,2.5
Santarém,10 a 17 anos,1115.0,Até cinco minutos,Total,1505,15,Pará,2.5
Altamira,10 a 17 anos,677.0,Até cinco minutos,Total,1506,15,Pará,2.5
Breves,10 a 17 anos,481.0,Até cinco minutos,Total,1507,15,Pará,2.5
Macapá,10 a 17 anos,476.0,Até cinco minutos,Total,1601,16,Amapá,2.5
Oiapoque - Porto Grande,10 a 17 anos,129.0,Até cinco minutos,Total,1602,16,Amapá,2.5
Palmas,10 a 17 anos,901.0,Até cinco minutos,Total,1701,17,Tocantins,2.5
Araguaína,10 a 17 anos,1062.0,Até cinco minutos,Total,1702,17,Tocantins,2.5
Gurupi,10 a 17 anos,511.0,Até cinco minutos,Total,1703,17,Tocantins,2.5
São Luís,10 a 17 anos,2129.0,Até cinco minutos,Total,2101,21,Maranhão,2.5
Santa Inês - Bacabal,10 a 17 anos,1921.0,Até cinco minutos,Total,2102,21,Maranhão,2.5
Caxias,10 a 17 anos,743.0,Até cinco minutos,Total,2103,21,Maranhão,2.5
Presidente Dutra,10 a 17 anos,723.0,Até cinco minutos,Total,2104,21,Maranhão,2.5
Imperatriz,10 a 17 anos,1762.0,Até cinco minutos,Total,2105,21,Maranhão,2.5
Teresina,10 a 17 anos,960.0,Até cinco minutos,Total,2201,22,Piauí,2.5
Parnaíba,10 a 17 anos,522.0,Até cinco minutos,Total,2202,22,Piauí,2.5
Picos,10 a 17 anos,608.0,Até cinco minutos,Total,2203,22,Piauí,2.5
São Raimundo Nonato,10 a 17 anos,288.0,Até cinco minutos,Total,2204,22,Piauí,2.5
Corrente - Bom Jesus,10 a 17 anos,188.0,Até cinco minutos,Total,2205,22,Piauí,2.5
Floriano,10 a 17 anos,226.0,Até cinco minutos,Total,2206,22,Piauí,2.5
Fortaleza,10 a 17 anos,2512.0,Até cinco minutos,Total,2301,23,Ceará,2.5
Quixadá,10 a 17 anos,529.0,Até cinco minutos,Total,2302,23,Ceará,2.5
Iguatu,10 a 17 anos,183.0,Até cinco minutos,Total,2303,23,Ceará,2.5
Juazeiro do Norte,10 a 17 anos,763.0,Até cinco minutos,Total,2304,23,Ceará,2.5
Crateús,10 a 17 anos,374.0,Até cinco minutos,Total,2305,23,Ceará,2.5
Sobral,10 a 17 anos,1198.0,Até cinco minutos,Total,2306,23,Ceará,2.5
Natal,10 a 17 anos,1187.0,Até cinco minutos,Total,2401,24,Rio Grande do Norte,2.5
Caicó,10 a 17 anos,327.0,Até cinco minutos,Total,2402,24,Rio Grande do Norte,2.5
Mossoró,10 a 17 anos,754.0,Até cinco minutos,Total,2403,24,Rio Grande do Norte,2.5
João Pessoa,10 a 17 anos,989.0,Até cinco minutos,Total,2501,25,Paraíba,2.5
Campina Grande,10 a 17 anos,1036.0,Até cinco minutos,Total,2502,25,Paraíba,2.5
Patos,10 a 17 anos,598.0,Até cinco minutos,Total,2503,25,Paraíba,2.5
Sousa - Cajazeiras,10 a 17 anos,129.0,Até cinco minutos,Total,2504,25,Paraíba,2.5
Recife,10 a 17 anos,2109.0,Até cinco minutos,Total,2601,26,Pernambuco,2.5
Caruaru,10 a 17 anos,1866.0,Até cinco minutos,Total,2602,26,Pernambuco,2.5
Serra Talhada,10 a 17 anos,489.0,Até cinco minutos,Total,2603,26,Pernambuco,2.5
Petrolina,10 a 17 anos,699.0,Até cinco minutos,Total,2604,26,Pernambuco,2.5
Maceió,10 a 17 anos,1482.0,Até cinco minutos,Total,2701,27,Alagoas,2.5
Arapiraca,10 a 17 anos,1091.0,Até cinco minutos,Total,2702,27,Alagoas,2.5
Aracaju,10 a 17 anos,908.0,Até cinco minutos,Total,2801,28,Sergipe,2.5
Itabaiana,10 a 17 anos,749.0,Até cinco minutos,Total,2802,28,Sergipe,2.5
Salvador,10 a 17 anos,2006.0,Até cinco minutos,Total,2901,29,Bahia,2.5
Santo Antônio de Jesus,10 a 17 anos,837.0,Até cinco minutos,Total,2902,29,Bahia,2.5
Ilhéus - Itabuna,10 a 17 anos,1925.0,Até cinco minutos,Total,,,,2.5
Vitória da Conquista,10 a 17 anos,1612.0,Até cinco minutos,Total,2904,29,Bahia,2.5
Guanambi,10 a 17 anos,635.0,Até cinco minutos,Total,2905,29,Bahia,2.5
Barreiras,10 a 17 anos,677.0,Até cinco minutos,Total,2906,29,Bahia,2.5
Irecê,10 a 17 anos,718.0,Até cinco minutos,Total,2907,29,Bahia,2.5
Juazeiro,10 a 17 anos,721.0,Até cinco minutos,Total,2908,29,Bahia,2.5
Paulo Afonso,10 a 17 anos,700.0,Até cinco minutos,Total,2909,29,Bahia,2.5
Feira de Santana,10 a 17 anos,2381.0,Até cinco minutos,Total,2910,29,Bahia,2.5
Belo Horizonte,10 a 17 anos,2742.0,Até cinco minutos,Total,3101,31,Minas Gerais,2.5
Montes Claros,10 a 17 anos,1740.0,Até cinco minutos,Total,3102,31,Minas Gerais,2.5
Teófilo Otoni,10 a 17 anos,1025.0,Até cinco minutos,Total,3103,31,Minas Gerais,2.5
Governador Valadares,10 a 17 anos,790.0,Até cinco minutos,Total,3104,31,Minas Gerais,2.5
Ipatinga,10 a 17 anos,640.0,Até cinco minutos,Total,3105,31,Minas Gerais,2.5
Juíz de Fora,10 a 17 anos,1641.0,Até cinco minutos,Total,3106,31,Minas Gerais,2.5
Barbacena,10 a 17 anos,452.0,Até cinco minutos,Total,3107,31,Minas Gerais,2.5
Varginha,10 a 17 anos,1459.0,Até cinco minutos,Total,3108,31,Minas Gerais,2.5
Pouso Alegre,10 a 17 anos,1414.0,Até cinco minutos,Total,3109,31,Minas Gerais,2.5
Uberaba,10 a 17 anos,869.0,Até cinco minutos,Total,3110,31,Minas Gerais,2.5
Uberlândia,10 a 17 anos,985.0,Até cinco minutos,Total,3111,31,Minas Gerais,2.5
Patos de Minas,10 a 17 anos,1239.0,Até cinco minutos,Total,3112,31,Minas Gerais,2.5
Divinópolis,10 a 17 anos,2099.0,Até cinco minutos,Total,3113,31,Minas Gerais,2.5
Vitória,10 a 17 anos,928.0,Até cinco minutos,Total,3201,32,Espírito Santo,2.5
São Mateus,10 a 17 anos,551.0,Até cinco minutos,Total,3202,32,Espírito Santo,2.5
Colatina,10 a 17 anos,439.0,Até cinco minutos,Total,3203,32,Espírito Santo,2.5
Cachoeiro do Itapemirim,10 a 17 anos,450.0,Até cinco minutos,Total,3204,32,Espírito Santo,2.5
Rio de Janeiro,10 a 17 anos,3542.0,Até cinco minutos,Total,3301,33,Rio de Janeiro,2.5
Volta Redonda - Barra Mansa,10 a 17 anos,460.0,Até cinco minutos,Total,3302,33,Rio de Janeiro,2.5
Petrópolis,10 a 17 anos,391.0,Até cinco minutos,Total,3303,33,Rio de Janeiro,2.5
Campos dos Goytacazes,10 a 17 anos,680.0,Até cinco minutos,Total,3304,33,Rio de Janeiro,2.5
Macaé - Rio das Ostras - Cabo Frio,10 a 17 anos,540.0,Até cinco minutos,Total,3305,33,Rio de Janeiro,2.5
São Paulo,10 a 17 anos,7464.0,Até cinco minutos,Total,3501,35,São Paulo,2.5
Sorocaba,10 a 17 anos,2375.0,Até cinco minutos,Total,3502,35,São Paulo,2.5
Bauru,10 a 17 anos,749.0,Até cinco minutos,Total,3503,35,São Paulo,2.5
Marília,10 a 17 anos,780.0,Até cinco minutos,Total,3504,35,São Paulo,2.5
Presidente Prudente,10 a 17 anos,575.0,Até cinco minutos,Total,3505,35,São Paulo,2.5
Araçatuba,10 a 17 anos,692.0,Até cinco minutos,Total,3506,35,São Paulo,2.5
São José do Rio Preto,10 a 17 anos,1287.0,Até cinco minutos,Total,3507,35,São Paulo,2.5
Ribeirão Preto,10 a 17 anos,1885.0,Até cinco minutos,Total,3508,35,São Paulo,2.5
Araraquara,10 a 17 anos,576.0,Até cinco minutos,Total,3509,35,São Paulo,2.5
Campinas,10 a 17 anos,3303.0,Até cinco minutos,Total,3510,35,São Paulo,2.5
São José dos Campos,10 a 17 anos,1397.0,Até cinco minutos,Total,3511,35,São Paulo,2.5
Curitiba,10 a 17 anos,2586.0,Até cinco minutos,Total,4101,41,Paraná,2.5
Guarapuava,10 a 17 anos,484.0,Até cinco minutos,Total,4102,41,Paraná,2.5
Cascavel,10 a 17 anos,3822.0,Até cinco minutos,Total,4103,41,Paraná,2.5
Maringá,10 a 17 anos,2510.0,Até cinco minutos,Total,4104,41,Paraná,2.5
Londrina,10 a 17 anos,2084.0,Até cinco minutos,Total,4105,41,Paraná,2.5
Ponta Grossa,10 a 17 anos,946.0,Até cinco minutos,Total,4106,41,Paraná,2.5
Florianópolis,10 a 17 anos,995.0,Até cinco minutos,Total,4201,42,Santa Catarina,2.5
Criciúma,10 a 17 anos,1592.0,Até cinco minutos,Total,4202,42,Santa Catarina,2.5
Lages,10 a 17 anos,553.0,Até cinco minutos,Total,4203,42,Santa Catarina,2.5
Chapecó,10 a 17 anos,2587.0,Até cinco minutos,Total,4204,42,Santa Catarina,2.5
Caçador,10 a 17 anos,277.0,Até cinco minutos,Total,4205,42,Santa Catarina,2.5
Joinville,10 a 17 anos,1188.0,Até cinco minutos,Total,4206,42,Santa Catarina,2.5
Blumenau,10 a 17 anos,2894.0,Até cinco minutos,Total,4207,42,Santa Catarina,2.5
Porto Alegre,10 a 17 anos,3909.0,Até cinco minutos,Total,4301,43,Rio Grande do Sul,2.5
Pelotas,10 a 17 anos,498.0,Até cinco minutos,Total,4302,43,Rio Grande do Sul,2.5
Santa Maria,10 a 17 anos,505.0,Até cinco minutos,Total,4303,43,Rio Grande do Sul,2.5
Uruguaiana,10 a 17 anos,321.0,Até cinco minutos,Total,4304,43,Rio Grande do Sul,2.5
Ijuí,10 a 17 anos,749.0,Até cinco minutos,Total,4305,43,Rio Grande do Sul,2.5
Passo Fundo,10 a 17 anos,1915.0,Até cinco minutos,Total,4306,43,Rio Grande do Sul,2.5
Caxias do Sul,10 a 17 anos,1810.0,Até cinco minutos,Total,4307,43,Rio Grande do Sul,2.5
Santa Cruz do Sul - Lajeado,10 a 17 anos,913.0,Até cinco minutos,Total,4308,43,Rio Grande do Sul,2.5
Campo Grande,10 a 17 anos,1351.0,Até cinco minutos,Total,5001,50,Mato Grosso do Sul,2.5
Dourados,10 a 17 anos,1381.0,Até cinco minutos,Total,5002,50,Mato Grosso do Sul,2.5
Corumbá,10 a 17 anos,344.0,Até cinco minutos,Total,5003,50,Mato Grosso do Sul,2.5
Cuiabá,10 a 17 anos,1274.0,Até cinco minutos,Total,5101,51,Mato Grosso,2.5
Cáceres,10 a 17 anos,621.0,Até cinco minutos,Total,5102,51,Mato Grosso,2.5
Sinop,10 a 17 anos,2330.0,Até cinco minutos,Total,5103,51,Mato Grosso,2.5
Barra do Garças,10 a 17 anos,1081.0,Até cinco minutos,Total,5104,51,Mato Grosso,2.5
Rondonópolis,10 a 17 anos,514.0,Até cinco minutos,Total,5105,51,Mato Grosso,2.5
Goiânia,10 a 17 anos,3897.0,Até cinco minutos,Total,5201,52,Goiás,2.5
Itumbiara,10 a 17 anos,810.0,Até cinco minutos,Total,5202,52,Goiás,2.5
Rio Verde,10 a 17 anos,936.0,Até cinco minutos,Total,5203,52,Goiás,2.5
São Luís de Montes Belos - Iporá,10 a 17 anos,750.0,Até cinco minutos,Total,5204,52,Goiás,2.5
Porangatu - Uruaçu,10 a 17 anos,933.0,Até cinco minutos,Total,5205,52,Goiás,2.5
Luziânia - Águas Lindas de Goiás,10 a 17 anos,1124.0,Até cinco minutos,Total,5206,52,Goiás,2.5
Distrito Federal,10 a 17 anos,929.0,Até cinco minutos,Total,5301,53,Distrito Federal,2.5
Porto Velho,10 a 17 anos,408.0,Até cinco minutos,Sem instrução e fundamental incompleto,1101,11,Rondônia,2.5
Ji-Paraná,10 a 17 anos,327.0,Até cinco minutos,Sem instrução e fundamental incompleto,1102,11,Rondônia,2.5
Rio Branco,10 a 17 anos,94.0,Até cinco minutos,Sem instrução e fundamental incompleto,1201,12,Acre,2.5
Cruzeiro do Sul,10 a 17 anos,97.0,Até cinco minutos,Sem instrução e fundamental incompleto,1202,12,Acre,2.5
Manaus,10 a 17 anos,774.0,Até cinco minutos,Sem instrução e fundamental incompleto,1301,13,Amazonas,2.5
Tefé,10 a 17 anos,466.0,Até cinco minutos,Sem instrução e fundamental incompleto,1302,13,Amazonas,2.5
Lábrea,10 a 17 anos,189.0,Até cinco minutos,Sem instrução e fundamental incompleto,1303,13,Amazonas,2.5
Parintins,10 a 17 anos,122.0,Até cinco minutos,Sem instrução e fundamental incompleto,1304,13,Amazonas,2.5
Boa Vista,10 a 17 anos,208.0,Até cinco minutos,Sem instrução e fundamental incompleto,1401,14,Roraima,2.5
Rorainópolis - Caracaraí,10 a 17 anos,108.0,Até cinco minutos,Sem instrução e fundamental incompleto,1402,14,Roraima,2.5
Belém,10 a 17 anos,970.0,Até cinco minutos,Sem instrução e fundamental incompleto,1501,15,Pará,2.5
Castanhal,10 a 17 anos,905.0,Até cinco minutos,Sem instrução e fundamental incompleto,1502,15,Pará,2.5
Marabá,10 a 17 anos,685.0,Até cinco minutos,Sem instrução e fundamental incompleto,1503,15,Pará,2.5
Redenção,10 a 17 anos,379.0,Até cinco minutos,Sem instrução e fundamental incompleto,1504,15,Pará,2.5
Santarém,10 a 17 anos,500.0,Até cinco minutos,Sem instrução e fundamental incompleto,1505,15,Pará,2.5
Altamira,10 a 17 anos,262.0,Até cinco minutos,Sem instrução e fundamental incompleto,1506,15,Pará,2.5
Breves,10 a 17 anos,267.0,Até cinco minutos,Sem instrução e fundamental incompleto,1507,15,Pará,2.5
Macapá,10 a 17 anos,300.0,Até cinco minutos,Sem instrução e fundamental incompleto,1601,16,Amapá,2.5
Oiapoque - Porto Grande,10 a 17 anos,49.0,Até cinco minutos,Sem instrução e fundamental incompleto,1602,16,Amapá,2.5
Palmas,10 a 17 anos,201.0,Até cinco minutos,Sem instrução e fundamental incompleto,1701,17,Tocantins,2.5
Araguaína,10 a 17 anos,395.0,Até cinco minutos,Sem instrução e fundamental incompleto,1702,17,Tocantins,2.5
Gurupi,10 a 17 anos,169.0,Até cinco minutos,Sem instrução e fundamental incompleto,1703,17,Tocantins,2.5
São Luís,10 a 17 anos,801.0,Até cinco minutos,Sem instrução e fundamental incompleto,2101,21,Maranhão,2.5
Santa Inês - Bacabal,10 a 17 anos,864.0,Até cinco minutos,Sem instrução e fundamental incompleto,2102,21,Maranhão,2.5
Caxias,10 a 17 anos,308.0,Até cinco minutos,Sem instrução e fundamental incompleto,2103,21,Maranhão,2.5
Presidente Dutra,10 a 17 anos,299.0,Até cinco minutos,Sem instrução e fundamental incompleto,2104,21,Maranhão,2.5
Imperatriz,10 a 17 anos,832.0,Até cinco minutos,Sem instrução e fundamental incompleto,2105,21,Maranhão,2.5
Teresina,10 a 17 anos,372.0,Até cinco minutos,Sem instrução e fundamental incompleto,2201,22,Piauí,2.5
Parnaíba,10 a 17 anos,255.0,Até cinco minutos,Sem instrução e fundamental incompleto,2202,22,Piauí,2.5
Picos,10 a 17 anos,237.0,Até cinco minutos,Sem instrução e fundamental incompleto,2203,22,Piauí,2.5
São Raimundo Nonato,10 a 17 anos,150.0,Até cinco minutos,Sem instrução e fundamental incompleto,2204,22,Piauí,2.5
Corrente - Bom Jesus,10 a 17 anos,81.0,Até cinco minutos,Sem instrução e fundamental incompleto,2205,22,Piauí,2.5
Floriano,10 a 17 anos,122.0,Até cinco minutos,Sem instrução e fundamental incompleto,2206,22,Piauí,2.5
Fortaleza,10 a 17 anos,958.0,Até cinco minutos,Sem instrução e fundamental incompleto,2301,23,Ceará,2.5
Quixadá,10 a 17 anos,194.0,Até cinco minutos,Sem instrução e fundamental incompleto,2302,23,Ceará,2.5
Iguatu,10 a 17 anos,53.0,Até cinco minutos,Sem instrução e fundamental incompleto,2303,23,Ceará,2.5
Juazeiro do Norte,10 a 17 anos,291.0,Até cinco minutos,Sem instrução e fundamental incompleto,2304,23,Ceará,2.5
Crateús,10 a 17 anos,95.0,Até cinco minutos,Sem instrução e fundamental incompleto,2305,23,Ceará,2.5
Sobral,10 a 17 anos,433.0,Até cinco minutos,Sem instrução e fundamental incompleto,2306,23,Ceará,2.5
Natal,10 a 17 anos,671.0,Até cinco minutos,Sem instrução e fundamental incompleto,2401,24,Rio Grande do Norte,2.5
Caicó,10 a 17 anos,137.0,Até cinco minutos,Sem instrução e fundamental incompleto,2402,24,Rio Grande do Norte,2.5
Mossoró,10 a 17 anos,390.0,Até cinco minutos,Sem instrução e fundamental incompleto,2403,24,Rio Grande do Norte,2.5
João Pessoa,10 a 17 anos,420.0,Até cinco minutos,Sem instrução e fundamental incompleto,2501,25,Paraíba,2.5
Campina Grande,10 a 17 anos,506.0,Até cinco minutos,Sem instrução e fundamental incompleto,2502,25,Paraíba,2.5
Patos,10 a 17 anos,287.0,Até cinco minutos,Sem instrução e fundamental incompleto,2503,25,Paraíba,2.5
Sousa - Cajazeiras,10 a 17 anos,49.0,Até cinco minutos,Sem instrução e fundamental incompleto,2504,25,Paraíba,2.5
Recife,10 a 17 anos,1060.0,Até cinco minutos,Sem instrução e fundamental incompleto,2601,26,Pernambuco,2.5
Caruaru,10 a 17 anos,868.0,Até cinco minutos,Sem instrução e fundamental incompleto,2602,26,Pernambuco,2.5
Serra Talhada,10 a 17 anos,212.0,Até cinco minutos,Sem instrução e fundamental incompleto,2603,26,Pernambuco,2.5
Petrolina,10 a 17 anos,293.0,Até cinco minutos,Sem instrução e fundamental incompleto,2604,26,Pernambuco,2.5
Maceió,10 a 17 anos,785.0,Até cinco minutos,Sem instrução e fundamental incompleto,2701,27,Alagoas,2.5
Arapiraca,10 a 17 anos,657.0,Até cinco minutos,Sem instrução e fundamental incompleto,2702,27,Alagoas,2.5
Aracaju,10 a 17 anos,464.0,Até cinco minutos,Sem instrução e fundamental incompleto,2801,28,Sergipe,2.5
Itabaiana,10 a 17 anos,380.0,Até cinco minutos,Sem instrução e fundamental incompleto,2802,28,Sergipe,2.5
Salvador,10 a 17 anos,886.0,Até cinco minutos,Sem instrução e fundamental incompleto,2901,29,Bahia,2.5
Santo Antônio de Jesus,10 a 17 anos,448.0,Até cinco minutos,Sem instrução e fundamental incompleto,2902,29,Bahia,2.5
Ilhéus - Itabuna,10 a 17 anos,976.0,Até cinco minutos,Sem instrução e fundamental incompleto,,,,2.5
Vitória da Conquista,10 a 17 anos,851.0,Até cinco minutos,Sem instrução e fundamental incompleto,2904,29,Bahia,2.5
Guanambi,10 a 17 anos,223.0,Até cinco minutos,Sem instrução e fundamental incompleto,2905,29,Bahia,2.5
Barreiras,10 a 17 anos,286.0,Até cinco minutos,Sem instrução e fundamental incompleto,2906,29,Bahia,2.5
Irecê,10 a 17 anos,267.0,Até cinco minutos,Sem instrução e fundamental incompleto,2907,29,Bahia,2.5
Juazeiro,10 a 17 anos,309.0,Até cinco minutos,Sem instrução e fundamental incompleto,2908,29,Bahia,2.5
Paulo Afonso,10 a 17 anos,338.0,Até cinco minutos,Sem instrução e fundamental incompleto,2909,29,Bahia,2.5
Feira de Santana,10 a 17 anos,1093.0,Até cinco minutos,Sem instrução e fundamental incompleto,2910,29,Bahia,2.5
Belo Horizonte,10 a 17 anos,1014.0,Até cinco minutos,Sem instrução e fundamental incompleto,3101,31,Minas Gerais,2.5
Montes Claros,10 a 17 anos,530.0,Até cinco minutos,Sem instrução e fundamental incompleto,3102,31,Minas Gerais,2.5
Teófilo Otoni,10 a 17 anos,366.0,Até cinco minutos,Sem instrução e fundamental incompleto,3103,31,Minas Gerais,2.5
Governador Valadares,10 a 17 anos,269.0,Até cinco minutos,Sem instrução e fundamental incompleto,3104,31,Minas Gerais,2.5
Ipatinga,10 a 17 anos,203.0,Até cinco minutos,Sem instrução e fundamental incompleto,3105,31,Minas Gerais,2.5
Juíz de Fora,10 a 17 anos,560.0,Até cinco minutos,Sem instrução e fundamental incompleto,3106,31,Minas Gerais,2.5
Barbacena,10 a 17 anos,125.0,Até cinco minutos,Sem instrução e fundamental incompleto,3107,31,Minas Gerais,2.5
Varginha,10 a 17 anos,429.0,Até cinco minutos,Sem instrução e fundamental incompleto,3108,31,Minas Gerais,2.5
Pouso Alegre,10 a 17 anos,404.0,Até cinco minutos,Sem instrução e fundamental incompleto,3109,31,Minas Gerais,2.5
Uberaba,10 a 17 anos,324.0,Até cinco minutos,Sem instrução e fundamental incompleto,3110,31,Minas Gerais,2.5
Uberlândia,10 a 17 anos,319.0,Até cinco minutos,Sem instrução e fundamental incompleto,3111,31,Minas Gerais,2.5
Patos de Minas,10 a 17 anos,451.0,Até cinco minutos,Sem instrução e fundamental incompleto,3112,31,Minas Gerais,2.5
Divinópolis,10 a 17 anos,557.0,Até cinco minutos,Sem instrução e fundamental incompleto,3113,31,Minas Gerais,2.5
Vitória,10 a 17 anos,226.0,Até cinco minutos,Sem instrução e fundamental incompleto,3201,32,Espírito Santo,2.5
São Mateus,10 a 17 anos,201.0,Até cinco minutos,Sem instrução e fundamental incompleto,3202,32,Espírito Santo,2.5
Colatina,10 a 17 anos,167.0,Até cinco minutos,Sem instrução e fundamental incompleto,3203,32,Espírito Santo,2.5
Cachoeiro do Itapemirim,10 a 17 anos,122.0,Até cinco minutos,Sem instrução e fundamental incompleto,3204,32,Espírito Santo,2.5
Rio de Janeiro,10 a 17 anos,1385.0,Até cinco minutos,Sem instrução e fundamental incompleto,3301,33,Rio de Janeiro,2.5
Volta Redonda - Barra Mansa,10 a 17 anos,200.0,Até cinco minutos,Sem instrução e fundamental incompleto,3302,33,Rio de Janeiro,2.5
Petrópolis,10 a 17 anos,142.0,Até cinco minutos,Sem instrução e fundamental incompleto,3303,33,Rio de Janeiro,2.5
Campos dos Goytacazes,10 a 17 anos,243.0,Até cinco minutos,Sem instrução e fundamental incompleto,3304,33,Rio de Janeiro,2.5
Macaé - Rio das Ostras - Cabo Frio,10 a 17 anos,210.0,Até cinco minutos,Sem instrução e fundamental incompleto,3305,33,Rio de Janeiro,2.5
São Paulo,10 a 17 anos,2089.0,Até cinco minutos,Sem instrução e fundamental incompleto,3501,35,São Paulo,2.5
Sorocaba,10 a 17 anos,502.0,Até cinco minutos,Sem instrução e fundamental incompleto,3502,35,São Paulo,2.5
Bauru,10 a 17 anos,123.0,Até cinco minutos,Sem instrução e fundamental incompleto,3503,35,São Paulo,2.5
Marília,10 a 17 anos,135.0,Até cinco minutos,Sem instrução e fundamental incompleto,3504,35,São Paulo,2.5
Presidente Prudente,10 a 17 anos,133.0,Até cinco minutos,Sem instrução e fundamental incompleto,3505,35,São Paulo,2.5
Araçatuba,10 a 17 anos,126.0,Até cinco minutos,Sem instrução e fundamental incompleto,3506,35,São Paulo,2.5
São José do Rio Preto,10 a 17 anos,277.0,Até cinco minutos,Sem instrução e fundamental incompleto,3507,35,São Paulo,2.5
Ribeirão Preto,10 a 17 anos,437.0,Até cinco minutos,Sem instrução e fundamental incompleto,3508,35,São Paulo,2.5
Araraquara,10 a 17 anos,148.0,Até cinco minutos,Sem instrução e fundamental incompleto,3509,35,São Paulo,2.5
Campinas,10 a 17 anos,717.0,Até cinco minutos,Sem instrução e fundamental incompleto,3510,35,São Paulo,2.5
São José dos Campos,10 a 17 anos,247.0,Até cinco minutos,Sem instrução e fundamental incompleto,3511,35,São Paulo,2.5
Curitiba,10 a 17 anos,624.0,Até cinco minutos,Sem instrução e fundamental incompleto,4101,41,Paraná,2.5
Guarapuava,10 a 17 anos,108.0,Até cinco minutos,Sem instrução e fundamental incompleto,4102,41,Paraná,2.5
Cascavel,10 a 17 anos,774.0,Até cinco minutos,Sem instrução e fundamental incompleto,4103,41,Paraná,2.5
Maringá,10 a 17 anos,483.0,Até cinco minutos,Sem instrução e fundamental incompleto,4104,41,Paraná,2.5
Londrina,10 a 17 anos,428.0,Até cinco minutos,Sem instrução e fundamental incompleto,4105,41,Paraná,2.5
Ponta Grossa,10 a 17 anos,150.0,Até cinco minutos,Sem instrução e fundamental incompleto,4106,41,Paraná,2.5
Florianópolis,10 a 17 anos,178.0,Até cinco minutos,Sem instrução e fundamental incompleto,4201,42,Santa Catarina,2.5
Criciúma,10 a 17 anos,356.0,Até cinco minutos,Sem instrução e fundamental incompleto,4202,42,Santa Catarina,2.5
Lages,10 a 17 anos,164.0,Até cinco minutos,Sem instrução e fundamental incompleto,4203,42,Santa Catarina,2.5
Chapecó,10 a 17 anos,766.0,Até cinco minutos,Sem instrução e fundamental incompleto,4204,42,Santa Catarina,2.5
Caçador,10 a 17 anos,39.0,Até cinco minutos,Sem instrução e fundamental incompleto,4205,42,Santa Catarina,2.5
Joinville,10 a 17 anos,302.0,Até cinco minutos,Sem instrução e fundamental incompleto,4206,42,Santa Catarina,2.5
Blumenau,10 a 17 anos,601.0,Até cinco minutos,Sem instrução e fundamental incompleto,4207,42,Santa Catarina,2.5
Porto Alegre,10 a 17 anos,1102.0,Até cinco minutos,Sem instrução e fundamental incompleto,4301,43,Rio Grande do Sul,2.5
Pelotas,10 a 17 anos,108.0,Até cinco minutos,Sem instrução e fundamental incompleto,4302,43,Rio Grande do Sul,2.5
Santa Maria,10 a 17 anos,72.0,Até cinco minutos,Sem instrução e fundamental incompleto,4303,43,Rio Grande do Sul,2.5
Uruguaiana,10 a 17 anos,73.0,Até cinco minutos,Sem instrução e fundamental incompleto,4304,43,Rio Grande do Sul,2.5
Ijuí,10 a 17 anos,208.0,Até cinco minutos,Sem instrução e fundamental incompleto,4305,43,Rio Grande do Sul,2.5
Passo Fundo,10 a 17 anos,472.0,Até cinco minutos,Sem instrução e fundamental incompleto,4306,43,Rio Grande do Sul,2.5
Caxias do Sul,10 a 17 anos,477.0,Até cinco minutos,Sem instrução e fundamental incompleto,4307,43,Rio Grande do Sul,2.5
Santa Cruz do Sul - Lajeado,10 a 17 anos,168.0,Até cinco minutos,Sem instrução e fundamental incompleto,4308,43,Rio Grande do Sul,2.5
Campo Grande,10 a 17 anos,484.0,Até cinco minutos,Sem instrução e fundamental incompleto,5001,50,Mato Grosso do Sul,2.5
Dourados,10 a 17 anos,474.0,Até cinco minutos,Sem instrução e fundamental incompleto,5002,50,Mato Grosso do Sul,2.5
Corumbá,10 a 17 anos,156.0,Até cinco minutos,Sem instrução e fundamental incompleto,5003,50,Mato Grosso do Sul,2.5
Cuiabá,10 a 17 anos,448.0,Até cinco minutos,Sem instrução e fundamental incompleto,5101,51,Mato Grosso,2.5
Cáceres,10 a 17 anos,180.0,Até cinco minutos,Sem instrução e fundamental incompleto,5102,51,Mato Grosso,2.5
Sinop,10 a 17 anos,527.0,Até cinco minutos,Sem instrução e fundamental incompleto,5103,51,Mato Grosso,2.5
Barra do Garças,10 a 17 anos,243.0,Até cinco minutos,Sem instrução e fundamental incompleto,5104,51,Mato Grosso,2.5
Rondonópolis,10 a 17 anos,169.0,Até cinco minutos,Sem instrução e fundamental incompleto,5105,51,Mato Grosso,2.5
Goiânia,10 a 17 anos,1197.0,Até cinco minutos,Sem instrução e fundamental incompleto,5201,52,Goiás,2.5
Itumbiara,10 a 17 anos,279.0,Até cinco minutos,Sem instrução e fundamental incompleto,5202,52,Goiás,2.5
Rio Verde,10 a 17 anos,231.0,Até cinco minutos,Sem instrução e fundamental incompleto,5203,52,Goiás,2.5
São Luís de Montes Belos - Iporá,10 a 17 anos,208.0,Até cinco minutos,Sem instrução e fundamental incompleto,5204,52,Goiás,2.5
Porangatu - Uruaçu,10 a 17 anos,223.0,Até cinco minutos,Sem instrução e fundamental incompleto,5205,52,Goiás,2.5
Luziânia - Águas Lindas de Goiás,10 a 17 anos,268.0,Até cinco minutos,Sem instrução e fundamental incompleto,5206,52,Goiás,2.5
Distrito Federal,10 a 17 anos,250.0,Até cinco minutos,Sem instrução e fundamental incompleto,5301,53,Distrito Federal,2.5
Porto Velho,10 a 17 anos,451.0,Até cinco minutos,Fundamental completo e médio incompleto,1101,11,Rondônia,2.5
Ji-Paraná,10 a 17 anos,701.0,Até cinco minutos,Fundamental completo e médio incompleto,1102,11,Rondônia,2.5
Rio Branco,10 a 17 anos,197.0,Até cinco minutos,Fundamental completo e médio incompleto,1201,12,Acre,2.5
Cruzeiro do Sul,10 a 17 anos,100.0,Até cinco minutos,Fundamental completo e médio incompleto,1202,12,Acre,2.5
Manaus,10 a 17 anos,942.0,Até cinco minutos,Fundamental completo e médio incompleto,1301,13,Amazonas,2.5
Tefé,10 a 17 anos,346.0,Até cinco minutos,Fundamental completo e médio incompleto,1302,13,Amazonas,2.5
Lábrea,10 a 17 anos,240.0,Até cinco minutos,Fundamental completo e médio incompleto,1303,13,Amazonas,2.5
Parintins,10 a 17 anos,261.0,Até cinco minutos,Fundamental completo e médio incompleto,1304,13,Amazonas,2.5
Boa Vista,10 a 17 anos,272.0,Até cinco minutos,Fundamental completo e médio incompleto,1401,14,Roraima,2.5
Rorainópolis - Caracaraí,10 a 17 anos,39.0,Até cinco minutos,Fundamental completo e médio incompleto,1402,14,Roraima,2.5
Belém,10 a 17 anos,1126.0,Até cinco minutos,Fundamental completo e médio incompleto,1501,15,Pará,2.5
Castanhal,10 a 17 anos,903.0,Até cinco minutos,Fundamental completo e médio incompleto,1502,15,Pará,2.5
Marabá,10 a 17 anos,873.0,Até cinco minutos,Fundamental completo e médio incompleto,1503,15,Pará,2.5
Redenção,10 a 17 anos,457.0,Até cinco minutos,Fundamental completo e médio incompleto,1504,15,Pará,2.5
Santarém,10 a 17 anos,605.0,Até cinco minutos,Fundamental completo e médio incompleto,1505,15,Pará,2.5
Altamira,10 a 17 anos,399.0,Até cinco minutos,Fundamental completo e médio incompleto,1506,15,Pará,2.5
Breves,10 a 17 anos,195.0,Até cinco minutos,Fundamental completo e médio incompleto,1507,15,Pará,2.5
Macapá,10 a 17 anos,176.0,Até cinco minutos,Fundamental completo e médio incompleto,1601,16,Amapá,2.5
Oiapoque - Porto Grande,10 a 17 anos,78.0,Até cinco minutos,Fundamental completo e médio incompleto,1602,16,Amapá,2.5
Palmas,10 a 17 anos,670.0,Até cinco minutos,Fundamental completo e médio incompleto,1701,17,Tocantins,2.5
Araguaína,10 a 17 anos,645.0,Até cinco minutos,Fundamental completo e médio incompleto,1702,17,Tocantins,2.5
Gurupi,10 a 17 anos,306.0,Até cinco minutos,Fundamental completo e médio incompleto,1703,17,Tocantins,2.5
São Luís,10 a 17 anos,1242.0,Até cinco minutos,Fundamental completo e médio incompleto,2101,21,Maranhão,2.5
Santa Inês - Bacabal,10 a 17 anos,1006.0,Até cinco minutos,Fundamental completo e médio incompleto,2102,21,Maranhão,2.5
Caxias,10 a 17 anos,402.0,Até cinco minutos,Fundamental completo e médio incompleto,2103,21,Maranhão,2.5
Presidente Dutra,10 a 17 anos,403.0,Até cinco minutos,Fundamental completo e médio incompleto,2104,21,Maranhão,2.5
Imperatriz,10 a 17 anos,901.0,Até cinco minutos,Fundamental completo e médio incompleto,2105,21,Maranhão,2.5
Teresina,10 a 17 anos,540.0,Até cinco minutos,Fundamental completo e médio incompleto,2201,22,Piauí,2.5
Parnaíba,10 a 17 anos,224.0,Até cinco minutos,Fundamental completo e médio incompleto,2202,22,Piauí,2.5
Picos,10 a 17 anos,354.0,Até cinco minutos,Fundamental completo e médio incompleto,2203,22,Piauí,2.5
São Raimundo Nonato,10 a 17 anos,129.0,Até cinco minutos,Fundamental completo e médio incompleto,2204,22,Piauí,2.5
Corrente - Bom Jesus,10 a 17 anos,107.0,Até cinco minutos,Fundamental completo e médio incompleto,2205,22,Piauí,2.5
Floriano,10 a 17 anos,100.0,Até cinco minutos,Fundamental completo e médio incompleto,2206,22,Piauí,2.5
Fortaleza,10 a 17 anos,1402.0,Até cinco minutos,Fundamental completo e médio incompleto,2301,23,Ceará,2.5
Quixadá,10 a 17 anos,290.0,Até cinco minutos,Fundamental completo e médio incompleto,2302,23,Ceará,2.5
Iguatu,10 a 17 anos,130.0,Até cinco minutos,Fundamental completo e médio incompleto,2303,23,Ceará,2.5
Juazeiro do Norte,10 a 17 anos,460.0,Até cinco minutos,Fundamental completo e médio incompleto,2304,23,Ceará,2.5
Crateús,10 a 17 anos,279.0,Até cinco minutos,Fundamental completo e médio incompleto,2305,23,Ceará,2.5
Sobral,10 a 17 anos,730.0,Até cinco minutos,Fundamental completo e médio incompleto,2306,23,Ceará,2.5
Natal,10 a 17 anos,501.0,Até cinco minutos,Fundamental completo e médio incompleto,2401,24,Rio Grande do Norte,2.5
Caicó,10 a 17 anos,190.0,Até cinco minutos,Fundamental completo e médio incompleto,2402,24,Rio Grande do Norte,2.5
Mossoró,10 a 17 anos,338.0,Até cinco minutos,Fundamental completo e médio incompleto,2403,24,Rio Grande do Norte,2.5
João Pessoa,10 a 17 anos,532.0,Até cinco minutos,Fundamental completo e médio incompleto,2501,25,Paraíba,2.5
Campina Grande,10 a 17 anos,508.0,Até cinco minutos,Fundamental completo e médio incompleto,2502,25,Paraíba,2.5
Patos,10 a 17 anos,272.0,Até cinco minutos,Fundamental completo e médio incompleto,2503,25,Paraíba,2.5
Sousa - Cajazeiras,10 a 17 anos,69.0,Até cinco minutos,Fundamental completo e médio incompleto,2504,25,Paraíba,2.5
Recife,10 a 17 anos,932.0,Até cinco minutos,Fundamental completo e médio incompleto,2601,26,Pernambuco,2.5
Caruaru,10 a 17 anos,911.0,Até cinco minutos,Fundamental completo e médio incompleto,2602,26,Pernambuco,2.5
Serra Talhada,10 a 17 anos,269.0,Até cinco minutos,Fundamental completo e médio incompleto,2603,26,Pernambuco,2.5
Petrolina,10 a 17 anos,399.0,Até cinco minutos,Fundamental completo e médio incompleto,2604,26,Pernambuco,2.5
Maceió,10 a 17 anos,670.0,Até cinco minutos,Fundamental completo e médio incompleto,2701,27,Alagoas,2.5
Arapiraca,10 a 17 anos,401.0,Até cinco minutos,Fundamental completo e médio incompleto,2702,27,Alagoas,2.5
Aracaju,10 a 17 anos,417.0,Até cinco minutos,Fundamental completo e médio incompleto,2801,28,Sergipe,2.5
Itabaiana,10 a 17 anos,352.0,Até cinco minutos,Fundamental completo e médio incompleto,2802,28,Sergipe,2.5
Salvador,10 a 17 anos,1003.0,Até cinco minutos,Fundamental completo e médio incompleto,2901,29,Bahia,2.5
Santo Antônio de Jesus,10 a 17 anos,356.0,Até cinco minutos,Fundamental completo e médio incompleto,2902,29,Bahia,2.5
Ilhéus - Itabuna,10 a 17 anos,889.0,Até cinco minutos,Fundamental completo e médio incompleto,,,,2.5
Vitória da Conquista,10 a 17 anos,722.0,Até cinco minutos,Fundamental completo e médio incompleto,2904,29,Bahia,2.5
Guanambi,10 a 17 anos,375.0,Até cinco minutos,Fundamental completo e médio incompleto,2905,29,Bahia,2.5
Barreiras,10 a 17 anos,370.0,Até cinco minutos,Fundamental completo e médio incompleto,2906,29,Bahia,2.5
Irecê,10 a 17 anos,432.0,Até cinco minutos,Fundamental completo e médio incompleto,2907,29,Bahia,2.5
Juazeiro,10 a 17 anos,397.0,Até cinco minutos,Fundamental completo e médio incompleto,2908,29,Bahia,2.5
Paulo Afonso,10 a 17 anos,362.0,Até cinco minutos,Fundamental completo e médio incompleto,2909,29,Bahia,2.5
Feira de Santana,10 a 17 anos,1235.0,Até cinco minutos,Fundamental completo e médio incompleto,2910,29,Bahia,2.5
Belo Horizonte,10 a 17 anos,1691.0,Até cinco minutos,Fundamental completo e médio incompleto,3101,31,Minas Gerais,2.5
Montes Claros,10 a 17 anos,1179.0,Até cinco minutos,Fundamental completo e médio incompleto,3102,31,Minas Gerais,2.5
Teófilo Otoni,10 a 17 anos,653.0,Até cinco minutos,Fundamental completo e médio incompleto,3103,31,Minas Gerais,2.5
Governador Valadares,10 a 17 anos,498.0,Até cinco minutos,Fundamental completo e médio incompleto,3104,31,Minas Gerais,2.5
Ipatinga,10 a 17 anos,414.0,Até cinco minutos,Fundamental completo e médio incompleto,3105,31,Minas Gerais,2.5
Juíz de Fora,10 a 17 anos,1020.0,Até cinco minutos,Fundamental completo e médio incompleto,3106,31,Minas Gerais,2.5
Barbacena,10 a 17 anos,314.0,Até cinco minutos,Fundamental completo e médio incompleto,3107,31,Minas Gerais,2.5
Varginha,10 a 17 anos,992.0,Até cinco minutos,Fundamental completo e médio incompleto,3108,31,Minas Gerais,2.5
Pouso Alegre,10 a 17 anos,982.0,Até cinco minutos,Fundamental completo e médio incompleto,3109,31,Minas Gerais,2.5
Uberaba,10 a 17 anos,508.0,Até cinco minutos,Fundamental completo e médio incompleto,3110,31,Minas Gerais,2.5
Uberlândia,10 a 17 anos,638.0,Até cinco minutos,Fundamental completo e médio incompleto,3111,31,Minas Gerais,2.5
Patos de Minas,10 a 17 anos,730.0,Até cinco minutos,Fundamental completo e médio incompleto,3112,31,Minas Gerais,2.5
Divinópolis,10 a 17 anos,1426.0,Até cinco minutos,Fundamental completo e médio incompleto,3113,31,Minas Gerais,2.5
Vitória,10 a 17 anos,689.0,Até cinco minutos,Fundamental completo e médio incompleto,3201,32,Espírito Santo,2.5
São Mateus,10 a 17 anos,326.0,Até cinco minutos,Fundamental completo e médio incompleto,3202,32,Espírito Santo,2.5
Colatina,10 a 17 anos,248.0,Até cinco minutos,Fundamental completo e médio incompleto,3203,32,Espírito Santo,2.5
Cachoeiro do Itapemirim,10 a 17 anos,303.0,Até cinco minutos,Fundamental completo e médio incompleto,3204,32,Espírito Santo,2.5
Rio de Janeiro,10 a 17 anos,2090.0,Até cinco minutos,Fundamental completo e médio incompleto,3301,33,Rio de Janeiro,2.5
Volta Redonda - Barra Mansa,10 a 17 anos,260.0,Até cinco minutos,Fundamental completo e médio incompleto,3302,33,Rio de Janeiro,2.5
Petrópolis,10 a 17 anos,245.0,Até cinco minutos,Fundamental completo e médio incompleto,3303,33,Rio de Janeiro,2.5
Campos dos Goytacazes,10 a 17 anos,424.0,Até cinco minutos,Fundamental completo e médio incompleto,3304,33,Rio de Janeiro,2.5
Macaé - Rio das Ostras - Cabo Frio,10 a 17 anos,330.0,Até cinco minutos,Fundamental completo e médio incompleto,3305,33,Rio de Janeiro,2.5
São Paulo,10 a 17 anos,5040.0,Até cinco minutos,Fundamental completo e médio incompleto,3501,35,São Paulo,2.5
Sorocaba,10 a 17 anos,1707.0,Até cinco minutos,Fundamental completo e médio incompleto,3502,35,São Paulo,2.5
Bauru,10 a 17 anos,545.0,Até cinco minutos,Fundamental completo e médio incompleto,3503,35,São Paulo,2.5
Marília,10 a 17 anos,608.0,Até cinco minutos,Fundamental completo e médio incompleto,3504,35,São Paulo,2.5
Presidente Prudente,10 a 17 anos,384.0,Até cinco minutos,Fundamental completo e médio incompleto,3505,35,São Paulo,2.5
Araçatuba,10 a 17 anos,521.0,Até cinco minutos,Fundamental completo e médio incompleto,3506,35,São Paulo,2.5
São José do Rio Preto,10 a 17 anos,867.0,Até cinco minutos,Fundamental completo e médio incompleto,3507,35,São Paulo,2.5
Ribeirão Preto,10 a 17 anos,1318.0,Até cinco minutos,Fundamental completo e médio incompleto,3508,35,São Paulo,2.5
Araraquara,10 a 17 anos,403.0,Até cinco minutos,Fundamental completo e médio incompleto,3509,35,São Paulo,2.5
Campinas,10 a 17 anos,2287.0,Até cinco minutos,Fundamental completo e médio incompleto,3510,35,São Paulo,2.5
São José dos Campos,10 a 17 anos,1121.0,Até cinco minutos,Fundamental completo e médio incompleto,3511,35,São Paulo,2.5
Curitiba,10 a 17 anos,1629.0,Até cinco minutos,Fundamental completo e médio incompleto,4101,41,Paraná,2.5
Guarapuava,10 a 17 anos,306.0,Até cinco minutos,Fundamental completo e médio incompleto,4102,41,Paraná,2.5
Cascavel,10 a 17 anos,2637.0,Até cinco minutos,Fundamental completo e médio incompleto,4103,41,Paraná,2.5
Maringá,10 a 17 anos,1681.0,Até cinco minutos,Fundamental completo e médio incompleto,4104,41,Paraná,2.5
Londrina,10 a 17 anos,1441.0,Até cinco minutos,Fundamental completo e médio incompleto,4105,41,Paraná,2.5
Ponta Grossa,10 a 17 anos,692.0,Até cinco minutos,Fundamental completo e médio incompleto,4106,41,Paraná,2.5
Florianópolis,10 a 17 anos,792.0,Até cinco minutos,Fundamental completo e médio incompleto,4201,42,Santa Catarina,2.5
Criciúma,10 a 17 anos,1188.0,Até cinco minutos,Fundamental completo e médio incompleto,4202,42,Santa Catarina,2.5
Lages,10 a 17 anos,384.0,Até cinco minutos,Fundamental completo e médio incompleto,4203,42,Santa Catarina,2.5
Chapecó,10 a 17 anos,1729.0,Até cinco minutos,Fundamental completo e médio incompleto,4204,42,Santa Catarina,2.5
Caçador,10 a 17 anos,227.0,Até cinco minutos,Fundamental completo e médio incompleto,4205,42,Santa Catarina,2.5
Joinville,10 a 17 anos,848.0,Até cinco minutos,Fundamental completo e médio incompleto,4206,42,Santa Catarina,2.5
Blumenau,10 a 17 anos,2183.0,Até cinco minutos,Fundamental completo e médio incompleto,4207,42,Santa Catarina,2.5
Porto Alegre,10 a 17 anos,2674.0,Até cinco minutos,Fundamental completo e médio incompleto,4301,43,Rio Grande do Sul,2.5
Pelotas,10 a 17 anos,380.0,Até cinco minutos,Fundamental completo e médio incompleto,4302,43,Rio Grande do Sul,2.5
Santa Maria,10 a 17 anos,424.0,Até cinco minutos,Fundamental completo e médio incompleto,4303,43,Rio Grande do Sul,2.5
Uruguaiana,10 a 17 anos,235.0,Até cinco minutos,Fundamental completo e médio incompleto,4304,43,Rio Grande do Sul,2.5
Ijuí,10 a 17 anos,529.0,Até cinco minutos,Fundamental completo e médio incompleto,4305,43,Rio Grande do Sul,2.5
Passo Fundo,10 a 17 anos,1373.0,Até cinco minutos,Fundamental completo e médio incompleto,4306,43,Rio Grande do Sul,2.5
Caxias do Sul,10 a 17 anos,1257.0,Até cinco minutos,Fundamental completo e médio incompleto,4307,43,Rio Grande do Sul,2.5
Santa Cruz do Sul - Lajeado,10 a 17 anos,722.0,Até cinco minutos,Fundamental completo e médio incompleto,4308,43,Rio Grande do Sul,2.5
Campo Grande,10 a 17 anos,806.0,Até cinco minutos,Fundamental completo e médio incompleto,5001,50,Mato Grosso do Sul,2.5
Dourados,10 a 17 anos,785.0,Até cinco minutos,Fundamental completo e médio incompleto,5002,50,Mato Grosso do Sul,2.5
Corumbá,10 a 17 anos,153.0,Até cinco minutos,Fundamental completo e médio incompleto,5003,50,Mato Grosso do Sul,2.5
Cuiabá,10 a 17 anos,740.0,Até cinco minutos,Fundamental completo e médio incompleto,5101,51,Mato Grosso,2.5
Cáceres,10 a 17 anos,423.0,Até cinco minutos,Fundamental completo e médio incompleto,5102,51,Mato Grosso,2.5
Sinop,10 a 17 anos,1608.0,Até cinco minutos,Fundamental completo e médio incompleto,5103,51,Mato Grosso,2.5
Barra do Garças,10 a 17 anos,825.0,Até cinco minutos,Fundamental completo e médio incompleto,5104,51,Mato Grosso,2.5
Rondonópolis,10 a 17 anos,316.0,Até cinco minutos,Fundamental completo e médio incompleto,5105,51,Mato Grosso,2.5
Goiânia,10 a 17 anos,2521.0,Até cinco minutos,Fundamental completo e médio incompleto,5201,52,Goiás,2.5
Itumbiara,10 a 17 anos,464.0,Até cinco minutos,Fundamental completo e médio incompleto,5202,52,Goiás,2.5
Rio Verde,10 a 17 anos,660.0,Até cinco minutos,Fundamental completo e médio incompleto,5203,52,Goiás,2.5
São Luís de Montes Belos - Iporá,10 a 17 anos,513.0,Até cinco minutos,Fundamental completo e médio incompleto,5204,52,Goiás,2.5
Porangatu - Uruaçu,10 a 17 anos,597.0,Até cinco minutos,Fundamental completo e médio incompleto,5205,52,Goiás,2.5
Luziânia - Águas Lindas de Goiás,10 a 17 anos,813.0,Até cinco minutos,Fundamental completo e médio incompleto,5206,52,Goiás,2.5
Distrito Federal,10 a 17 anos,677.0,Até cinco minutos,Fundamental completo e médio incompleto,5301,53,Distrito Federal,2.5
Porto Velho,10 a 17 anos,48.0,Até cinco minutos,Médio completo e superior incompleto,1101,11,Rondônia,2.5
Ji-Paraná,10 a 17 anos,53.0,Até cinco minutos,Médio completo e superior incompleto,1102,11,Rondônia,2.5
Rio Branco,10 a 17 anos,17.0,Até cinco minutos,Médio completo e superior incompleto,1201,12,Acre,2.5
Cruzeiro do Sul,10 a 17 anos,35.0,Até cinco minutos,Médio completo e superior incompleto,1202,12,Acre,2.5
Manaus,10 a 17 anos,41.0,Até cinco minutos,Médio completo e superior incompleto,1301,13,Amazonas,2.5
Tefé,10 a 17 anos,23.0,Até cinco minutos,Médio completo e superior incompleto,1302,13,Amazonas,2.5
Lábrea,10 a 17 anos,40.0,Até cinco minutos,Médio completo e superior incompleto,1303,13,Amazonas,2.5
Parintins,10 a 17 anos,15.0,Até cinco minutos,Médio completo e superior incompleto,1304,13,Amazonas,2.5
Boa Vista,10 a 17 anos,19.0,Até cinco minutos,Médio completo e superior incompleto,1401,14,Roraima,2.5
Rorainópolis - Caracaraí,10 a 17 anos,4.0,Até cinco minutos,Médio completo e superior incompleto,1402,14,Roraima,2.5
Belém,10 a 17 anos,53.0,Até cinco minutos,Médio completo e superior incompleto,1501,15,Pará,2.5
Castanhal,10 a 17 anos,36.0,Até cinco minutos,Médio completo e superior incompleto,1502,15,Pará,2.5
Marabá,10 a 17 anos,39.0,Até cinco minutos,Médio completo e superior incompleto,1503,15,Pará,2.5
Redenção,10 a 17 anos,11.0,Até cinco minutos,Médio completo e superior incompleto,1504,15,Pará,2.5
Santarém,10 a 17 anos,9.0,Até cinco minutos,Médio completo e superior incompleto,1505,15,Pará,2.5
Altamira,10 a 17 anos,16.0,Até cinco minutos,Médio completo e superior incompleto,1506,15,Pará,2.5
Breves,10 a 17 anos,19.0,Até cinco minutos,Médio completo e superior incompleto,1507,15,Pará,2.5
Oiapoque - Porto Grande,10 a 17 anos,1.0,Até cinco minutos,Médio completo e superior incompleto,1602,16,Amapá,2.5
Palmas,10 a 17 anos,30.0,Até cinco minutos,Médio completo e superior incompleto,1701,17,Tocantins,2.5
Araguaína,10 a 17 anos,22.0,Até cinco minutos,Médio completo e superior incompleto,1702,17,Tocantins,2.5
Gurupi,10 a 17 anos,35.0,Até cinco minutos,Médio completo e superior incompleto,1703,17,Tocantins,2.5
São Luís,10 a 17 anos,85.0,Até cinco minutos,Médio completo e superior incompleto,2101,21,Maranhão,2.5
Santa Inês - Bacabal,10 a 17 anos,51.0,Até cinco minutos,Médio completo e superior incompleto,2102,21,Maranhão,2.5
Caxias,10 a 17 anos,33.0,Até cinco minutos,Médio completo e superior incompleto,2103,21,Maranhão,2.5
Presidente Dutra,10 a 17 anos,20.0,Até cinco minutos,Médio completo e superior incompleto,2104,21,Maranhão,2.5
Imperatriz,10 a 17 anos,28.0,Até cinco minutos,Médio completo e superior incompleto,2105,21,Maranhão,2.5
Teresina,10 a 17 anos,48.0,Até cinco minutos,Médio completo e superior incompleto,2201,22,Piauí,2.5
Parnaíba,10 a 17 anos,43.0,Até cinco minutos,Médio completo e superior incompleto,2202,22,Piauí,2.5
Picos,10 a 17 anos,18.0,Até cinco minutos,Médio completo e superior incompleto,2203,22,Piauí,2.5
São Raimundo Nonato,10 a 17 anos,9.0,Até cinco minutos,Médio completo e superior incompleto,2204,22,Piauí,2.5
Floriano,10 a 17 anos,4.0,Até cinco minutos,Médio completo e superior incompleto,2206,22,Piauí,2.5
Fortaleza,10 a 17 anos,152.0,Até cinco minutos,Médio completo e superior incompleto,2301,23,Ceará,2.5
Quixadá,10 a 17 anos,45.0,Até cinco minutos,Médio completo e superior incompleto,2302,23,Ceará,2.5
Juazeiro do Norte,10 a 17 anos,11.0,Até cinco minutos,Médio completo e superior incompleto,2304,23,Ceará,2.5
Sobral,10 a 17 anos,36.0,Até cinco minutos,Médio completo e superior incompleto,2306,23,Ceará,2.5
Natal,10 a 17 anos,15.0,Até cinco minutos,Médio completo e superior incompleto,2401,24,Rio Grande do Norte,2.5
Mossoró,10 a 17 anos,25.0,Até cinco minutos,Médio completo e superior incompleto,2403,24,Rio Grande do Norte,2.5
João Pessoa,10 a 17 anos,37.0,Até cinco minutos,Médio completo e superior incompleto,2501,25,Paraíba,2.5
Campina Grande,10 a 17 anos,21.0,Até cinco minutos,Médio completo e superior incompleto,2502,25,Paraíba,2.5
Patos,10 a 17 anos,39.0,Até cinco minutos,Médio completo e superior incompleto,2503,25,Paraíba,2.5
Sousa - Cajazeiras,10 a 17 anos,11.0,Até cinco minutos,Médio completo e superior incompleto,2504,25,Paraíba,2.5
Recife,10 a 17 anos,117.0,Até cinco minutos,Médio completo e superior incompleto,2601,26,Pernambuco,2.5
Caruaru,10 a 17 anos,87.0,Até cinco minutos,Médio completo e superior incompleto,2602,26,Pernambuco,2.5
Serra Talhada,10 a 17 anos,8.0,Até cinco minutos,Médio completo e superior incompleto,2603,26,Pernambuco,2.5
Petrolina,10 a 17 anos,7.0,Até cinco minutos,Médio completo e superior incompleto,2604,26,Pernambuco,2.5
Maceió,10 a 17 anos,27.0,Até cinco minutos,Médio completo e superior incompleto,2701,27,Alagoas,2.5
Arapiraca,10 a 17 anos,32.0,Até cinco minutos,Médio completo e superior incompleto,2702,27,Alagoas,2.5
Aracaju,10 a 17 anos,27.0,Até cinco minutos,Médio completo e superior incompleto,2801,28,Sergipe,2.5
Itabaiana,10 a 17 anos,17.0,Até cinco minutos,Médio completo e superior incompleto,2802,28,Sergipe,2.5
Salvador,10 a 17 anos,117.0,Até cinco minutos,Médio completo e superior incompleto,2901,29,Bahia,2.5
Santo Antônio de Jesus,10 a 17 anos,33.0,Até cinco minutos,Médio completo e superior incompleto,2902,29,Bahia,2.5
Ilhéus - Itabuna,10 a 17 anos,60.0,Até cinco minutos,Médio completo e superior incompleto,,,,2.5
Vitória da Conquista,10 a 17 anos,38.0,Até cinco minutos,Médio completo e superior incompleto,2904,29,Bahia,2.5
Guanambi,10 a 17 anos,37.0,Até cinco minutos,Médio completo e superior incompleto,2905,29,Bahia,2.5
Barreiras,10 a 17 anos,20.0,Até cinco minutos,Médio completo e superior incompleto,2906,29,Bahia,2.5
Irecê,10 a 17 anos,19.0,Até cinco minutos,Médio completo e superior incompleto,2907,29,Bahia,2.5
Juazeiro,10 a 17 anos,15.0,Até cinco minutos,Médio completo e superior incompleto,2908,29,Bahia,2.5
Feira de Santana,10 a 17 anos,53.0,Até cinco minutos,Médio completo e superior incompleto,2910,29,Bahia,2.5
Belo Horizonte,10 a 17 anos,37.0,Até cinco minutos,Médio completo e superior incompleto,3101,31,Minas Gerais,2.5
Montes Claros,10 a 17 anos,31.0,Até cinco minutos,Médio completo e superior incompleto,3102,31,Minas Gerais,2.5
Teófilo Otoni,10 a 17 anos,6.0,Até cinco minutos,Médio completo e superior incompleto,3103,31,Minas Gerais,2.5
Governador Valadares,10 a 17 anos,23.0,Até cinco minutos,Médio completo e superior incompleto,3104,31,Minas Gerais,2.5
Ipatinga,10 a 17 anos,22.0,Até cinco minutos,Médio completo e superior incompleto,3105,31,Minas Gerais,2.5
Juíz de Fora,10 a 17 anos,61.0,Até cinco minutos,Médio completo e superior incompleto,3106,31,Minas Gerais,2.5
Barbacena,10 a 17 anos,14.0,Até cinco minutos,Médio completo e superior incompleto,3107,31,Minas Gerais,2.5
Varginha,10 a 17 anos,38.0,Até cinco minutos,Médio completo e superior incompleto,3108,31,Minas Gerais,2.5
Pouso Alegre,10 a 17 anos,28.0,Até cinco minutos,Médio completo e superior incompleto,3109,31,Minas Gerais,2.5
Uberaba,10 a 17 anos,36.0,Até cinco minutos,Médio completo e superior incompleto,3110,31,Minas Gerais,2.5
Uberlândia,10 a 17 anos,28.0,Até cinco minutos,Médio completo e superior incompleto,3111,31,Minas Gerais,2.5
Patos de Minas,10 a 17 anos,58.0,Até cinco minutos,Médio completo e superior incompleto,3112,31,Minas Gerais,2.5
Divinópolis,10 a 17 anos,116.0,Até cinco minutos,Médio completo e superior incompleto,3113,31,Minas Gerais,2.5
Vitória,10 a 17 anos,13.0,Até cinco minutos,Médio completo e superior incompleto,3201,32,Espírito Santo,2.5
São Mateus,10 a 17 anos,24.0,Até cinco minutos,Médio completo e superior incompleto,3202,32,Espírito Santo,2.5
Colatina,10 a 17 anos,24.0,Até cinco minutos,Médio completo e superior incompleto,3203,32,Espírito Santo,2.5
Cachoeiro do Itapemirim,10 a 17 anos,25.0,Até cinco minutos,Médio completo e superior incompleto,3204,32,Espírito Santo,2.5
Rio de Janeiro,10 a 17 anos,67.0,Até cinco minutos,Médio completo e superior incompleto,3301,33,Rio de Janeiro,2.5
Petrópolis,10 a 17 anos,5.0,Até cinco minutos,Médio completo e superior incompleto,3303,33,Rio de Janeiro,2.5
Campos dos Goytacazes,10 a 17 anos,13.0,Até cinco minutos,Médio completo e superior incompleto,3304,33,Rio de Janeiro,2.5
São Paulo,10 a 17 anos,335.0,Até cinco minutos,Médio completo e superior incompleto,3501,35,São Paulo,2.5
Sorocaba,10 a 17 anos,166.0,Até cinco minutos,Médio completo e superior incompleto,3502,35,São Paulo,2.5
Bauru,10 a 17 anos,82.0,Até cinco minutos,Médio completo e superior incompleto,3503,35,São Paulo,2.5
Marília,10 a 17 anos,37.0,Até cinco minutos,Médio completo e superior incompleto,3504,35,São Paulo,2.5
Presidente Prudente,10 a 17 anos,58.0,Até cinco minutos,Médio completo e superior incompleto,3505,35,São Paulo,2.5
Araçatuba,10 a 17 anos,45.0,Até cinco minutos,Médio completo e superior incompleto,3506,35,São Paulo,2.5
São José do Rio Preto,10 a 17 anos,143.0,Até cinco minutos,Médio completo e superior incompleto,3507,35,São Paulo,2.5
Ribeirão Preto,10 a 17 anos,129.0,Até cinco minutos,Médio completo e superior incompleto,3508,35,São Paulo,2.5
Araraquara,10 a 17 anos,25.0,Até cinco minutos,Médio completo e superior incompleto,3509,35,São Paulo,2.5
Campinas,10 a 17 anos,300.0,Até cinco minutos,Médio completo e superior incompleto,3510,35,São Paulo,2.5
São José dos Campos,10 a 17 anos,29.0,Até cinco minutos,Médio completo e superior incompleto,3511,35,São Paulo,2.5
Curitiba,10 a 17 anos,334.0,Até cinco minutos,Médio completo e superior incompleto,4101,41,Paraná,2.5
Guarapuava,10 a 17 anos,69.0,Até cinco minutos,Médio completo e superior incompleto,4102,41,Paraná,2.5
Cascavel,10 a 17 anos,410.0,Até cinco minutos,Médio completo e superior incompleto,4103,41,Paraná,2.5
Maringá,10 a 17 anos,347.0,Até cinco minutos,Médio completo e superior incompleto,4104,41,Paraná,2.5
Londrina,10 a 17 anos,215.0,Até cinco minutos,Médio completo e superior incompleto,4105,41,Paraná,2.5
Ponta Grossa,10 a 17 anos,104.0,Até cinco minutos,Médio completo e superior incompleto,4106,41,Paraná,2.5
Florianópolis,10 a 17 anos,25.0,Até cinco minutos,Médio completo e superior incompleto,4201,42,Santa Catarina,2.5
Criciúma,10 a 17 anos,47.0,Até cinco minutos,Médio completo e superior incompleto,4202,42,Santa Catarina,2.5
Lages,10 a 17 anos,5.0,Até cinco minutos,Médio completo e superior incompleto,4203,42,Santa Catarina,2.5
Chapecó,10 a 17 anos,92.0,Até cinco minutos,Médio completo e superior incompleto,4204,42,Santa Catarina,2.5
Caçador,10 a 17 anos,11.0,Até cinco minutos,Médio completo e superior incompleto,4205,42,Santa Catarina,2.5
Joinville,10 a 17 anos,38.0,Até cinco minutos,Médio completo e superior incompleto,4206,42,Santa Catarina,2.5
Blumenau,10 a 17 anos,111.0,Até cinco minutos,Médio completo e superior incompleto,4207,42,Santa Catarina,2.5
Porto Alegre,10 a 17 anos,133.0,Até cinco minutos,Médio completo e superior incompleto,4301,43,Rio Grande do Sul,2.5
Pelotas,10 a 17 anos,11.0,Até cinco minutos,Médio completo e superior incompleto,4302,43,Rio Grande do Sul,2.5
Santa Maria,10 a 17 anos,9.0,Até cinco minutos,Médio completo e superior incompleto,4303,43,Rio Grande do Sul,2.5
Uruguaiana,10 a 17 anos,13.0,Até cinco minutos,Médio completo e superior incompleto,4304,43,Rio Grande do Sul,2.5
Ijuí,10 a 17 anos,12.0,Até cinco minutos,Médio completo e superior incompleto,4305,43,Rio Grande do Sul,2.5
Passo Fundo,10 a 17 anos,70.0,Até cinco minutos,Médio completo e superior incompleto,4306,43,Rio Grande do Sul,2.5
Caxias do Sul,10 a 17 anos,76.0,Até cinco minutos,Médio completo e superior incompleto,4307,43,Rio Grande do Sul,2.5
Santa Cruz do Sul - Lajeado,10 a 17 anos,23.0,Até cinco minutos,Médio completo e superior incompleto,4308,43,Rio Grande do Sul,2.5
Campo Grande,10 a 17 anos,62.0,Até cinco minutos,Médio completo e superior incompleto,5001,50,Mato Grosso do Sul,2.5
Dourados,10 a 17 anos,122.0,Até cinco minutos,Médio completo e superior incompleto,5002,50,Mato Grosso do Sul,2.5
Corumbá,10 a 17 anos,35.0,Até cinco minutos,Médio completo e superior incompleto,5003,50,Mato Grosso do Sul,2.5
Cuiabá,10 a 17 anos,86.0,Até cinco minutos,Médio completo e superior incompleto,5101,51,Mato Grosso,2.5
Cáceres,10 a 17 anos,18.0,Até cinco minutos,Médio completo e superior incompleto,5102,51,Mato Grosso,2.5
Sinop,10 a 17 anos,194.0,Até cinco minutos,Médio completo e superior incompleto,5103,51,Mato Grosso,2.5
Barra do Garças,10 a 17 anos,14.0,Até cinco minutos,Médio completo e superior incompleto,5104,51,Mato Grosso,2.5
Rondonópolis,10 a 17 anos,29.0,Até cinco minutos,Médio completo e superior incompleto,5105,51,Mato Grosso,2.5
Goiânia,10 a 17 anos,178.0,Até cinco minutos,Médio completo e superior incompleto,5201,52,Goiás,2.5
Itumbiara,10 a 17 anos,67.0,Até cinco minutos,Médio completo e superior incompleto,5202,52,Goiás,2.5
Rio Verde,10 a 17 anos,44.0,Até cinco minutos,Médio completo e superior incompleto,5203,52,Goiás,2.5
São Luís de Montes Belos - Iporá,10 a 17 anos,29.0,Até cinco minutos,Médio completo e superior incompleto,5204,52,Goiás,2.5
Porangatu - Uruaçu,10 a 17 anos,113.0,Até cinco minutos,Médio completo e superior incompleto,5205,52,Goiás,2.5
Luziânia - Águas Lindas de Goiás,10 a 17 anos,43.0,Até cinco minutos,Médio completo e superior incompleto,5206,52,Goiás,2.5
Distrito Federal,10 a 17 anos,2.0,Até cinco minutos,Médio completo e superior incompleto,5301,53,Distrito Federal,2.5
Porto Velho,10 a 17 anos,1767.0,De seis minutos até quinze minutos,Total,1101,11,Rondônia,10.5
Ji-Paraná,10 a 17 anos,2561.0,De seis minutos até quinze minutos,Total,1102,11,Rondônia,10.5
Rio Branco,10 a 17 anos,786.0,De seis minutos até quinze minutos,Total,1201,12,Acre,10.5
Cruzeiro do Sul,10 a 17 anos,348.0,De seis minutos até quinze minutos,Total,1202,12,Acre,10.5
Manaus,10 a 17 anos,1825.0,De seis minutos até quinze minutos,Total,1301,13,Amazonas,10.5
Tefé,10 a 17 anos,809.0,De seis minutos até quinze minutos,Total,1302,13,Amazonas,10.5
Lábrea,10 a 17 anos,631.0,De seis minutos até quinze minutos,Total,1303,13,Amazonas,10.5
Parintins,10 a 17 anos,505.0,De seis minutos até quinze minutos,Total,1304,13,Amazonas,10.5
Boa Vista,10 a 17 anos,790.0,De seis minutos até quinze minutos,Total,1401,14,Roraima,10.5
Rorainópolis - Caracaraí,10 a 17 anos,205.0,De seis minutos até quinze minutos,Total,1402,14,Roraima,10.5
Belém,10 a 17 anos,2975.0,De seis minutos até quinze minutos,Total,1501,15,Pará,10.5
Castanhal,10 a 17 anos,2631.0,De seis minutos até quinze minutos,Total,1502,15,Pará,10.5
Marabá,10 a 17 anos,3292.0,De seis minutos até quinze minutos,Total,1503,15,Pará,10.5
Redenção,10 a 17 anos,1899.0,De seis minutos até quinze minutos,Total,1504,15,Pará,10.5
Santarém,10 a 17 anos,1855.0,De seis minutos até quinze minutos,Total,1505,15,Pará,10.5
Altamira,10 a 17 anos,1127.0,De seis minutos até quinze minutos,Total,1506,15,Pará,10.5
Breves,10 a 17 anos,664.0,De seis minutos até quinze minutos,Total,1507,15,Pará,10.5
Macapá,10 a 17 anos,690.0,De seis minutos até quinze minutos,Total,1601,16,Amapá,10.5
Oiapoque - Porto Grande,10 a 17 anos,153.0,De seis minutos até quinze minutos,Total,1602,16,Amapá,10.5
Palmas,10 a 17 anos,1768.0,De seis minutos até quinze minutos,Total,1701,17,Tocantins,10.5
Araguaína,10 a 17 anos,1693.0,De seis minutos até quinze minutos,Total,1702,17,Tocantins,10.5
Gurupi,10 a 17 anos,665.0,De seis minutos até quinze minutos,Total,1703,17,Tocantins,10.5
São Luís,10 a 17 anos,2602.0,De seis minutos até quinze minutos,Total,2101,21,Maranhão,10.5
Santa Inês - Bacabal,10 a 17 anos,2635.0,De seis minutos até quinze minutos,Total,2102,21,Maranhão,10.5
Caxias,10 a 17 anos,1074.0,De seis minutos até quinze minutos,Total,2103,21,Maranhão,10.5
Presidente Dutra,10 a 17 anos,986.0,De seis minutos até quinze minutos,Total,2104,21,Maranhão,10.5
Imperatriz,10 a 17 anos,3026.0,De seis minutos até quinze minutos,Total,2105,21,Maranhão,10.5
Teresina,10 a 17 anos,1600.0,De seis minutos até quinze minutos,Total,2201,22,Piauí,10.5
Parnaíba,10 a 17 anos,836.0,De seis minutos até quinze minutos,Total,2202,22,Piauí,10.5
Picos,10 a 17 anos,666.0,De seis minutos até quinze minutos,Total,2203,22,Piauí,10.5
São Raimundo Nonato,10 a 17 anos,211.0,De seis minutos até quinze minutos,Total,2204,22,Piauí,10.5
Corrente - Bom Jesus,10 a 17 anos,366.0,De seis minutos até quinze minutos,Total,2205,22,Piauí,10.5
Floriano,10 a 17 anos,385.0,De seis minutos até quinze minutos,Total,2206,22,Piauí,10.5
Fortaleza,10 a 17 anos,3769.0,De seis minutos até quinze minutos,Total,2301,23,Ceará,10.5
Quixadá,10 a 17 anos,893.0,De seis minutos até quinze minutos,Total,2302,23,Ceará,10.5
Iguatu,10 a 17 anos,468.0,De seis minutos até quinze minutos,Total,2303,23,Ceará,10.5
Juazeiro do Norte,10 a 17 anos,1059.0,De seis minutos até quinze minutos,Total,2304,23,Ceará,10.5
Crateús,10 a 17 anos,451.0,De seis minutos até quinze minutos,Total,2305,23,Ceará,10.5
Sobral,10 a 17 anos,1966.0,De seis minutos até quinze minutos,Total,2306,23,Ceará,10.5
Natal,10 a 17 anos,1898.0,De seis minutos até quinze minutos,Total,2401,24,Rio Grande do Norte,10.5
Caicó,10 a 17 anos,408.0,De seis minutos até quinze minutos,Total,2402,24,Rio Grande do Norte,10.5
Mossoró,10 a 17 anos,960.0,De seis minutos até quinze minutos,Total,2403,24,Rio Grande do Norte,10.5
João Pessoa,10 a 17 anos,1660.0,De seis minutos até quinze minutos,Total,2501,25,Paraíba,10.5
Campina Grande,10 a 17 anos,1440.0,De seis minutos até quinze minutos,Total,2502,25,Paraíba,10.5
Patos,10 a 17 anos,752.0,De seis minutos até quinze minutos,Total,2503,25,Paraíba,10.5
Sousa - Cajazeiras,10 a 17 anos,307.0,De seis minutos até quinze minutos,Total,2504,25,Paraíba,10.5
Recife,10 a 17 anos,3181.0,De seis minutos até quinze minutos,Total,2601,26,Pernambuco,10.5
Caruaru,10 a 17 anos,3076.0,De seis minutos até quinze minutos,Total,2602,26,Pernambuco,10.5
Serra Talhada,10 a 17 anos,611.0,De seis minutos até quinze minutos,Total,2603,26,Pernambuco,10.5
Petrolina,10 a 17 anos,1584.0,De seis minutos até quinze minutos,Total,2604,26,Pernambuco,10.5
Maceió,10 a 17 anos,1763.0,De seis minutos até quinze minutos,Total,2701,27,Alagoas,10.5
Arapiraca,10 a 17 anos,1713.0,De seis minutos até quinze minutos,Total,2702,27,Alagoas,10.5
Aracaju,10 a 17 anos,1377.0,De seis minutos até quinze minutos,Total,2801,28,Sergipe,10.5
Itabaiana,10 a 17 anos,1041.0,De seis minutos até quinze minutos,Total,2802,28,Sergipe,10.5
Salvador,10 a 17 anos,3737.0,De seis minutos até quinze minutos,Total,2901,29,Bahia,10.5
Santo Antônio de Jesus,10 a 17 anos,1376.0,De seis minutos até quinze minutos,Total,2902,29,Bahia,10.5
Ilhéus - Itabuna,10 a 17 anos,3591.0,De seis minutos até quinze minutos,Total,,,,10.5
Vitória da Conquista,10 a 17 anos,2890.0,De seis minutos até quinze minutos,Total,2904,29,Bahia,10.5
Guanambi,10 a 17 anos,1310.0,De seis minutos até quinze minutos,Total,2905,29,Bahia,10.5
Barreiras,10 a 17 anos,1236.0,De seis minutos até quinze minutos,Total,2906,29,Bahia,10.5
Irecê,10 a 17 anos,1149.0,De seis minutos até quinze minutos,Total,2907,29,Bahia,10.5
Juazeiro,10 a 17 anos,1196.0,De seis minutos até quinze minutos,Total,2908,29,Bahia,10.5
Paulo Afonso,10 a 17 anos,1116.0,De seis minutos até quinze minutos,Total,2909,29,Bahia,10.5
Feira de Santana,10 a 17 anos,3489.0,De seis minutos até quinze minutos,Total,2910,29,Bahia,10.5
Belo Horizonte,10 a 17 anos,5582.0,De seis minutos até quinze minutos,Total,3101,31,Minas Gerais,10.5
Montes Claros,10 a 17 anos,2968.0,De seis minutos até quinze minutos,Total,3102,31,Minas Gerais,10.5
Teófilo Otoni,10 a 17 anos,2227.0,De seis minutos até quinze minutos,Total,3103,31,Minas Gerais,10.5
Governador Valadares,10 a 17 anos,1413.0,De seis minutos até quinze minutos,Total,3104,31,Minas Gerais,10.5
Ipatinga,10 a 17 anos,1631.0,De seis minutos até quinze minutos,Total,3105,31,Minas Gerais,10.5
Juíz de Fora,10 a 17 anos,3308.0,De seis minutos até quinze minutos,Total,3106,31,Minas Gerais,10.5
Barbacena,10 a 17 anos,1107.0,De seis minutos até quinze minutos,Total,3107,31,Minas Gerais,10.5
Varginha,10 a 17 anos,3746.0,De seis minutos até quinze minutos,Total,3108,31,Minas Gerais,10.5
Pouso Alegre,10 a 17 anos,2637.0,De seis minutos até quinze minutos,Total,3109,31,Minas Gerais,10.5
Uberaba,10 a 17 anos,1890.0,De seis minutos até quinze minutos,Total,3110,31,Minas Gerais,10.5
Uberlândia,10 a 17 anos,2663.0,De seis minutos até quinze minutos,Total,3111,31,Minas Gerais,10.5
Patos de Minas,10 a 17 anos,2213.0,De seis minutos até quinze minutos,Total,3112,31,Minas Gerais,10.5
Divinópolis,10 a 17 anos,4989.0,De seis minutos até quinze minutos,Total,3113,31,Minas Gerais,10.5
Vitória,10 a 17 anos,2845.0,De seis minutos até quinze minutos,Total,3201,32,Espírito Santo,10.5
São Mateus,10 a 17 anos,1333.0,De seis minutos até quinze minutos,Total,3202,32,Espírito Santo,10.5
Colatina,10 a 17 anos,836.0,De seis minutos até quinze minutos,Total,3203,32,Espírito Santo,10.5
Cachoeiro do Itapemirim,10 a 17 anos,975.0,De seis minutos até quinze minutos,Total,3204,32,Espírito Santo,10.5
Rio de Janeiro,10 a 17 anos,5730.0,De seis minutos até quinze minutos,Total,3301,33,Rio de Janeiro,10.5
Volta Redonda - Barra Mansa,10 a 17 anos,820.0,De seis minutos até quinze minutos,Total,3302,33,Rio de Janeiro,10.5
Petrópolis,10 a 17 anos,692.0,De seis minutos até quinze minutos,Total,3303,33,Rio de Janeiro,10.5
Campos dos Goytacazes,10 a 17 anos,809.0,De seis minutos até quinze minutos,Total,3304,33,Rio de Janeiro,10.5
Macaé - Rio das Ostras - Cabo Frio,10 a 17 anos,1067.0,De seis minutos até quinze minutos,Total,3305,33,Rio de Janeiro,10.5
São Paulo,10 a 17 anos,16144.0,De seis minutos até quinze minutos,Total,3501,35,São Paulo,10.5
Sorocaba,10 a 17 anos,5565.0,De seis minutos até quinze minutos,Total,3502,35,São Paulo,10.5
Bauru,10 a 17 anos,2505.0,De seis minutos até quinze minutos,Total,3503,35,São Paulo,10.5
Marília,10 a 17 anos,1879.0,De seis minutos até quinze minutos,Total,3504,35,São Paulo,10.5
Presidente Prudente,10 a 17 anos,1365.0,De seis minutos até quinze minutos,Total,3505,35,São Paulo,10.5
Araçatuba,10 a 17 anos,1555.0,De seis minutos até quinze minutos,Total,3506,35,São Paulo,10.5
São José do Rio Preto,10 a 17 anos,3321.0,De seis minutos até quinze minutos,Total,3507,35,São Paulo,10.5
Ribeirão Preto,10 a 17 anos,5033.0,De seis minutos até quinze minutos,Total,3508,35,São Paulo,10.5
Araraquara,10 a 17 anos,1633.0,De seis minutos até quinze minutos,Total,3509,35,São Paulo,10.5
Campinas,10 a 17 anos,9961.0,De seis minutos até quinze minutos,Total,3510,35,São Paulo,10.5
São José dos Campos,10 a 17 anos,3426.0,De seis minutos até quinze minutos,Total,3511,35,São Paulo,10.5
Curitiba,10 a 17 anos,6039.0,De seis minutos até quinze minutos,Total,4101,41,Paraná,10.5
Guarapuava,10 a 17 anos,1328.0,De seis minutos até quinze minutos,Total,4102,41,Paraná,10.5
Cascavel,10 a 17 anos,9036.0,De seis minutos até quinze minutos,Total,4103,41,Paraná,10.5
Maringá,10 a 17 anos,4924.0,De seis minutos até quinze minutos,Total,4104,41,Paraná,10.5
Londrina,10 a 17 anos,4742.0,De seis minutos até quinze minutos,Total,4105,41,Paraná,10.5
Ponta Grossa,10 a 17 anos,1843.0,De seis minutos até quinze minutos,Total,4106,41,Paraná,10.5
Florianópolis,10 a 17 anos,2096.0,De seis minutos até quinze minutos,Total,4201,42,Santa Catarina,10.5
Criciúma,10 a 17 anos,3917.0,De seis minutos até quinze minutos,Total,4202,42,Santa Catarina,10.5
Lages,10 a 17 anos,1249.0,De seis minutos até quinze minutos,Total,4203,42,Santa Catarina,10.5
Chapecó,10 a 17 anos,5813.0,De seis minutos até quinze minutos,Total,4204,42,Santa Catarina,10.5
Caçador,10 a 17 anos,829.0,De seis minutos até quinze minutos,Total,4205,42,Santa Catarina,10.5
Joinville,10 a 17 anos,3543.0,De seis minutos até quinze minutos,Total,4206,42,Santa Catarina,10.5
Blumenau,10 a 17 anos,7989.0,De seis minutos até quinze minutos,Total,4207,42,Santa Catarina,10.5
Porto Alegre,10 a 17 anos,9785.0,De seis minutos até quinze minutos,Total,4301,43,Rio Grande do Sul,10.5
Pelotas,10 a 17 anos,1554.0,De seis minutos até quinze minutos,Total,4302,43,Rio Grande do Sul,10.5
Santa Maria,10 a 17 anos,1364.0,De seis minutos até quinze minutos,Total,4303,43,Rio Grande do Sul,10.5
Uruguaiana,10 a 17 anos,694.0,De seis minutos até quinze minutos,Total,4304,43,Rio Grande do Sul,10.5
Ijuí,10 a 17 anos,2230.0,De seis minutos até quinze minutos,Total,4305,43,Rio Grande do Sul,10.5
Passo Fundo,10 a 17 anos,4921.0,De seis minutos até quinze minutos,Total,4306,43,Rio Grande do Sul,10.5
Caxias do Sul,10 a 17 anos,4248.0,De seis minutos até quinze minutos,Total,4307,43,Rio Grande do Sul,10.5
Santa Cruz do Sul - Lajeado,10 a 17 anos,2563.0,De seis minutos até quinze minutos,Total,4308,43,Rio Grande do Sul,10.5
Campo Grande,10 a 17 anos,3336.0,De seis minutos até quinze minutos,Total,5001,50,Mato Grosso do Sul,10.5
Dourados,10 a 17 anos,2800.0,De seis minutos até quinze minutos,Total,5002,50,Mato Grosso do Sul,10.5
Corumbá,10 a 17 anos,675.0,De seis minutos até quinze minutos,Total,5003,50,Mato Grosso do Sul,10.5
Cuiabá,10 a 17 anos,3277.0,De seis minutos até quinze minutos,Total,5101,51,Mato Grosso,10.5
Cáceres,10 a 17 anos,1291.0,De seis minutos até quinze minutos,Total,5102,51,Mato Grosso,10.5
Sinop,10 a 17 anos,5001.0,De seis minutos até quinze minutos,Total,5103,51,Mato Grosso,10.5
Barra do Garças,10 a 17 anos,2068.0,De seis minutos até quinze minutos,Total,5104,51,Mato Grosso,10.5
Rondonópolis,10 a 17 anos,1665.0,De seis minutos até quinze minutos,Total,5105,51,Mato Grosso,10.5
Goiânia,10 a 17 anos,7831.0,De seis minutos até quinze minutos,Total,5201,52,Goiás,10.5
Itumbiara,10 a 17 anos,1849.0,De seis minutos até quinze minutos,Total,5202,52,Goiás,10.5
Rio Verde,10 a 17 anos,2413.0,De seis minutos até quinze minutos,Total,5203,52,Goiás,10.5
São Luís de Montes Belos - Iporá,10 a 17 anos,1150.0,De seis minutos até quinze minutos,Total,5204,52,Goiás,10.5
Porangatu - Uruaçu,10 a 17 anos,2020.0,De seis minutos até quinze minutos,Total,5205,52,Goiás,10.5
Luziânia - Águas Lindas de Goiás,10 a 17 anos,2541.0,De seis minutos até quinze minutos,Total,5206,52,Goiás,10.5
Distrito Federal,10 a 17 anos,2489.0,De seis minutos até quinze minutos,Total,5301,53,Distrito Federal,10.5
Porto Velho,10 a 17 anos,619.0,De seis minutos até quinze minutos,Sem instrução e fundamental incompleto,1101,11,Rondônia,10.5
Ji-Paraná,10 a 17 anos,737.0,De seis minutos até quinze minutos,Sem instrução e fundamental incompleto,1102,11,Rondônia,10.5
Rio Branco,10 a 17 anos,325.0,De seis minutos até quinze minutos,Sem instrução e fundamental incompleto,1201,12,Acre,10.5
Cruzeiro do Sul,10 a 17 anos,115.0,De seis minutos até quinze minutos,Sem instrução e fundamental incompleto,1202,12,Acre,10.5
Manaus,10 a 17 anos,707.0,De seis minutos até quinze minutos,Sem instrução e fundamental incompleto,1301,13,Amazonas,10.5
Tefé,10 a 17 anos,432.0,De seis minutos até quinze minutos,Sem instrução e fundamental incompleto,1302,13,Amazonas,10.5
Lábrea,10 a 17 anos,322.0,De seis minutos até quinze minutos,Sem instrução e fundamental incompleto,1303,13,Amazonas,10.5
Parintins,10 a 17 anos,201.0,De seis minutos até quinze minutos,Sem instrução e fundamental incompleto,1304,13,Amazonas,10.5
Boa Vista,10 a 17 anos,184.0,De seis minutos até quinze minutos,Sem instrução e fundamental incompleto,1401,14,Roraima,10.5
Rorainópolis - Caracaraí,10 a 17 anos,119.0,De seis minutos até quinze minutos,Sem instrução e fundamental incompleto,1402,14,Roraima,10.5
Belém,10 a 17 anos,1236.0,De seis minutos até quinze minutos,Sem instrução e fundamental incompleto,1501,15,Pará,10.5
Castanhal,10 a 17 anos,1329.0,De seis minutos até quinze minutos,Sem instrução e fundamental incompleto,1502,15,Pará,10.5
Marabá,10 a 17 anos,1377.0,De seis minutos até quinze minutos,Sem instrução e fundamental incompleto,1503,15,Pará,10.5
Redenção,10 a 17 anos,803.0,De seis minutos até quinze minutos,Sem instrução e fundamental incompleto,1504,15,Pará,10.5
Santarém,10 a 17 anos,873.0,De seis minutos até quinze minutos,Sem instrução e fundamental incompleto,1505,15,Pará,10.5
Altamira,10 a 17 anos,354.0,De seis minutos até quinze minutos,Sem instrução e fundamental incompleto,1506,15,Pará,10.5
Breves,10 a 17 anos,394.0,De seis minutos até quinze minutos,Sem instrução e fundamental incompleto,1507,15,Pará,10.5
Macapá,10 a 17 anos,282.0,De seis minutos até quinze minutos,Sem instrução e fundamental incompleto,1601,16,Amapá,10.5
Oiapoque - Porto Grande,10 a 17 anos,62.0,De seis minutos até quinze minutos,Sem instrução e fundamental incompleto,1602,16,Amapá,10.5
Palmas,10 a 17 anos,504.0,De seis minutos até quinze minutos,Sem instrução e fundamental incompleto,1701,17,Tocantins,10.5
Araguaína,10 a 17 anos,517.0,De seis minutos até quinze minutos,Sem instrução e fundamental incompleto,1702,17,Tocantins,10.5
Gurupi,10 a 17 anos,218.0,De seis minutos até quinze minutos,Sem instrução e fundamental incompleto,1703,17,Tocantins,10.5
São Luís,10 a 17 anos,1019.0,De seis minutos até quinze minutos,Sem instrução e fundamental incompleto,2101,21,Maranhão,10.5
Santa Inês - Bacabal,10 a 17 anos,1071.0,De seis minutos até quinze minutos,Sem instrução e fundamental incompleto,2102,21,Maranhão,10.5
Caxias,10 a 17 anos,424.0,De seis minutos até quinze minutos,Sem instrução e fundamental incompleto,2103,21,Maranhão,10.5
Presidente Dutra,10 a 17 anos,464.0,De seis minutos até quinze minutos,Sem instrução e fundamental incompleto,2104,21,Maranhão,10.5
Imperatriz,10 a 17 anos,1253.0,De seis minutos até quinze minutos,Sem instrução e fundamental incompleto,2105,21,Maranhão,10.5
Teresina,10 a 17 anos,650.0,De seis minutos até quinze minutos,Sem instrução e fundamental incompleto,2201,22,Piauí,10.5
Parnaíba,10 a 17 anos,387.0,De seis minutos até quinze minutos,Sem instrução e fundamental incompleto,2202,22,Piauí,10.5
Picos,10 a 17 anos,302.0,De seis minutos até quinze minutos,Sem instrução e fundamental incompleto,2203,22,Piauí,10.5
São Raimundo Nonato,10 a 17 anos,100.0,De seis minutos até quinze minutos,Sem instrução e fundamental incompleto,2204,22,Piauí,10.5
Corrente - Bom Jesus,10 a 17 anos,189.0,De seis minutos até quinze minutos,Sem instrução e fundamental incompleto,2205,22,Piauí,10.5
Floriano,10 a 17 anos,184.0,De seis minutos até quinze minutos,Sem instrução e fundamental incompleto,2206,22,Piauí,10.5
Fortaleza,10 a 17 anos,1247.0,De seis minutos até quinze minutos,Sem instrução e fundamental incompleto,2301,23,Ceará,10.5
Quixadá,10 a 17 anos,295.0,De seis minutos até quinze minutos,Sem instrução e fundamental incompleto,2302,23,Ceará,10.5
Iguatu,10 a 17 anos,119.0,De seis minutos até quinze minutos,Sem instrução e fundamental incompleto,2303,23,Ceará,10.5
Juazeiro do Norte,10 a 17 anos,290.0,De seis minutos até quinze minutos,Sem instrução e fundamental incompleto,2304,23,Ceará,10.5
Crateús,10 a 17 anos,171.0,De seis minutos até quinze minutos,Sem instrução e fundamental incompleto,2305,23,Ceará,10.5
Sobral,10 a 17 anos,568.0,De seis minutos até quinze minutos,Sem instrução e fundamental incompleto,2306,23,Ceará,10.5
Natal,10 a 17 anos,1048.0,De seis minutos até quinze minutos,Sem instrução e fundamental incompleto,2401,24,Rio Grande do Norte,10.5
Caicó,10 a 17 anos,94.0,De seis minutos até quinze minutos,Sem instrução e fundamental incompleto,2402,24,Rio Grande do Norte,10.5
Mossoró,10 a 17 anos,476.0,De seis minutos até quinze minutos,Sem instrução e fundamental incompleto,2403,24,Rio Grande do Norte,10.5
João Pessoa,10 a 17 anos,746.0,De seis minutos até quinze minutos,Sem instrução e fundamental incompleto,2501,25,Paraíba,10.5
Campina Grande,10 a 17 anos,652.0,De seis minutos até quinze minutos,Sem instrução e fundamental incompleto,2502,25,Paraíba,10.5
Patos,10 a 17 anos,354.0,De seis minutos até quinze minutos,Sem instrução e fundamental incompleto,2503,25,Paraíba,10.5
Sousa - Cajazeiras,10 a 17 anos,136.0,De seis minutos até quinze minutos,Sem instrução e fundamental incompleto,2504,25,Paraíba,10.5
Recife,10 a 17 anos,1325.0,De seis minutos até quinze minutos,Sem instrução e fundamental incompleto,2601,26,Pernambuco,10.5
Caruaru,10 a 17 anos,1407.0,De seis minutos até quinze minutos,Sem instrução e fundamental incompleto,2602,26,Pernambuco,10.5
Serra Talhada,10 a 17 anos,165.0,De seis minutos até quinze minutos,Sem instrução e fundamental incompleto,2603,26,Pernambuco,10.5
Petrolina,10 a 17 anos,744.0,De seis minutos até quinze minutos,Sem instrução e fundamental incompleto,2604,26,Pernambuco,10.5
Maceió,10 a 17 anos,682.0,De seis minutos até quinze minutos,Sem instrução e fundamental incompleto,2701,27,Alagoas,10.5
Arapiraca,10 a 17 anos,848.0,De seis minutos até quinze minutos,Sem instrução e fundamental incompleto,2702,27,Alagoas,10.5
Aracaju,10 a 17 anos,531.0,De seis minutos até quinze minutos,Sem instrução e fundamental incompleto,2801,28,Sergipe,10.5
Itabaiana,10 a 17 anos,577.0,De seis minutos até quinze minutos,Sem instrução e fundamental incompleto,2802,28,Sergipe,10.5
Salvador,10 a 17 anos,1291.0,De seis minutos até quinze minutos,Sem instrução e fundamental incompleto,2901,29,Bahia,10.5
Santo Antônio de Jesus,10 a 17 anos,525.0,De seis minutos até quinze minutos,Sem instrução e fundamental incompleto,2902,29,Bahia,10.5
Ilhéus - Itabuna,10 a 17 anos,1667.0,De seis minutos até quinze minutos,Sem instrução e fundamental incompleto,,,,10.5
Vitória da Conquista,10 a 17 anos,1241.0,De seis minutos até quinze minutos,Sem instrução e fundamental incompleto,2904,29,Bahia,10.5
Guanambi,10 a 17 anos,545.0,De seis minutos até quinze minutos,Sem instrução e fundamental incompleto,2905,29,Bahia,10.5
Barreiras,10 a 17 anos,404.0,De seis minutos até quinze minutos,Sem instrução e fundamental incompleto,2906,29,Bahia,10.5
Irecê,10 a 17 anos,513.0,De seis minutos até quinze minutos,Sem instrução e fundamental incompleto,2907,29,Bahia,10.5
Juazeiro,10 a 17 anos,529.0,De seis minutos até quinze minutos,Sem instrução e fundamental incompleto,2908,29,Bahia,10.5
Paulo Afonso,10 a 17 anos,523.0,De seis minutos até quinze minutos,Sem instrução e fundamental incompleto,2909,29,Bahia,10.5
Feira de Santana,10 a 17 anos,1557.0,De seis minutos até quinze minutos,Sem instrução e fundamental incompleto,2910,29,Bahia,10.5
Belo Horizonte,10 a 17 anos,1618.0,De seis minutos até quinze minutos,Sem instrução e fundamental incompleto,3101,31,Minas Gerais,10.5
Montes Claros,10 a 17 anos,896.0,De seis minutos até quinze minutos,Sem instrução e fundamental incompleto,3102,31,Minas Gerais,10.5
Teófilo Otoni,10 a 17 anos,719.0,De seis minutos até quinze minutos,Sem instrução e fundamental incompleto,3103,31,Minas Gerais,10.5
Governador Valadares,10 a 17 anos,435.0,De seis minutos até quinze minutos,Sem instrução e fundamental incompleto,3104,31,Minas Gerais,10.5
Ipatinga,10 a 17 anos,343.0,De seis minutos até quinze minutos,Sem instrução e fundamental incompleto,3105,31,Minas Gerais,10.5
Juíz de Fora,10 a 17 anos,1105.0,De seis minutos até quinze minutos,Sem instrução e fundamental incompleto,3106,31,Minas Gerais,10.5
Barbacena,10 a 17 anos,346.0,De seis minutos até quinze minutos,Sem instrução e fundamental incompleto,3107,31,Minas Gerais,10.5
Varginha,10 a 17 anos,853.0,De seis minutos até quinze minutos,Sem instrução e fundamental incompleto,3108,31,Minas Gerais,10.5
Pouso Alegre,10 a 17 anos,703.0,De seis minutos até quinze minutos,Sem instrução e fundamental incompleto,3109,31,Minas Gerais,10.5
Uberaba,10 a 17 anos,471.0,De seis minutos até quinze minutos,Sem instrução e fundamental incompleto,3110,31,Minas Gerais,10.5
Uberlândia,10 a 17 anos,654.0,De seis minutos até quinze minutos,Sem instrução e fundamental incompleto,3111,31,Minas Gerais,10.5
Patos de Minas,10 a 17 anos,571.0,De seis minutos até quinze minutos,Sem instrução e fundamental incompleto,3112,31,Minas Gerais,10.5
Divinópolis,10 a 17 anos,1367.0,De seis minutos até quinze minutos,Sem instrução e fundamental incompleto,3113,31,Minas Gerais,10.5
Vitória,10 a 17 anos,943.0,De seis minutos até quinze minutos,Sem instrução e fundamental incompleto,3201,32,Espírito Santo,10.5
São Mateus,10 a 17 anos,351.0,De seis minutos até quinze minutos,Sem instrução e fundamental incompleto,3202,32,Espírito Santo,10.5
Colatina,10 a 17 anos,273.0,De seis minutos até quinze minutos,Sem instrução e fundamental incompleto,3203,32,Espírito Santo,10.5
Cachoeiro do Itapemirim,10 a 17 anos,308.0,De seis minutos até quinze minutos,Sem instrução e fundamental incompleto,3204,32,Espírito Santo,10.5
Rio de Janeiro,10 a 17 anos,1949.0,De seis minutos até quinze minutos,Sem instrução e fundamental incompleto,3301,33,Rio de Janeiro,10.5
Volta Redonda - Barra Mansa,10 a 17 anos,264.0,De seis minutos até quinze minutos,Sem instrução e fundamental incompleto,3302,33,Rio de Janeiro,10.5
Petrópolis,10 a 17 anos,333.0,De seis minutos até quinze minutos,Sem instrução e fundamental incompleto,3303,33,Rio de Janeiro,10.5
Campos dos Goytacazes,10 a 17 anos,286.0,De seis minutos até quinze minutos,Sem instrução e fundamental incompleto,3304,33,Rio de Janeiro,10.5
Macaé - Rio das Ostras - Cabo Frio,10 a 17 anos,245.0,De seis minutos até quinze minutos,Sem instrução e fundamental incompleto,3305,33,Rio de Janeiro,10.5
São Paulo,10 a 17 anos,3179.0,De seis minutos até quinze minutos,Sem instrução e fundamental incompleto,3501,35,São Paulo,10.5
Sorocaba,10 a 17 anos,930.0,De seis minutos até quinze minutos,Sem instrução e fundamental incompleto,3502,35,São Paulo,10.5
Bauru,10 a 17 anos,421.0,De seis minutos até quinze minutos,Sem instrução e fundamental incompleto,3503,35,São Paulo,10.5
Marília,10 a 17 anos,336.0,De seis minutos até quinze minutos,Sem instrução e fundamental incompleto,3504,35,São Paulo,10.5
Presidente Prudente,10 a 17 anos,160.0,De seis minutos até quinze minutos,Sem instrução e fundamental incompleto,3505,35,São Paulo,10.5
Araçatuba,10 a 17 anos,282.0,De seis minutos até quinze minutos,Sem instrução e fundamental incompleto,3506,35,São Paulo,10.5
São José do Rio Preto,10 a 17 anos,557.0,De seis minutos até quinze minutos,Sem instrução e fundamental incompleto,3507,35,São Paulo,10.5
Ribeirão Preto,10 a 17 anos,828.0,De seis minutos até quinze minutos,Sem instrução e fundamental incompleto,3508,35,São Paulo,10.5
Araraquara,10 a 17 anos,177.0,De seis minutos até quinze minutos,Sem instrução e fundamental incompleto,3509,35,São Paulo,10.5
Campinas,10 a 17 anos,1352.0,De seis minutos até quinze minutos,Sem instrução e fundamental incompleto,3510,35,São Paulo,10.5
São José dos Campos,10 a 17 anos,766.0,De seis minutos até quinze minutos,Sem instrução e fundamental incompleto,3511,35,São Paulo,10.5
Curitiba,10 a 17 anos,996.0,De seis minutos até quinze minutos,Sem instrução e fundamental incompleto,4101,41,Paraná,10.5
Guarapuava,10 a 17 anos,211.0,De seis minutos até quinze minutos,Sem instrução e fundamental incompleto,4102,41,Paraná,10.5
Cascavel,10 a 17 anos,1487.0,De seis minutos até quinze minutos,Sem instrução e fundamental incompleto,4103,41,Paraná,10.5
Maringá,10 a 17 anos,807.0,De seis minutos até quinze minutos,Sem instrução e fundamental incompleto,4104,41,Paraná,10.5
Londrina,10 a 17 anos,770.0,De seis minutos até quinze minutos,Sem instrução e fundamental incompleto,4105,41,Paraná,10.5
Ponta Grossa,10 a 17 anos,408.0,De seis minutos até quinze minutos,Sem instrução e fundamental incompleto,4106,41,Paraná,10.5
Florianópolis,10 a 17 anos,445.0,De seis minutos até quinze minutos,Sem instrução e fundamental incompleto,4201,42,Santa Catarina,10.5
Criciúma,10 a 17 anos,877.0,De seis minutos até quinze minutos,Sem instrução e fundamental incompleto,4202,42,Santa Catarina,10.5
Lages,10 a 17 anos,276.0,De seis minutos até quinze minutos,Sem instrução e fundamental incompleto,4203,42,Santa Catarina,10.5
Chapecó,10 a 17 anos,1191.0,De seis minutos até quinze minutos,Sem instrução e fundamental incompleto,4204,42,Santa Catarina,10.5
Caçador,10 a 17 anos,172.0,De seis minutos até quinze minutos,Sem instrução e fundamental incompleto,4205,42,Santa Catarina,10.5
Joinville,10 a 17 anos,630.0,De seis minutos até quinze minutos,Sem instrução e fundamental incompleto,4206,42,Santa Catarina,10.5
Blumenau,10 a 17 anos,1625.0,De seis minutos até quinze minutos,Sem instrução e fundamental incompleto,4207,42,Santa Catarina,10.5
Porto Alegre,10 a 17 anos,2190.0,De seis minutos até quinze minutos,Sem instrução e fundamental incompleto,4301,43,Rio Grande do Sul,10.5
Pelotas,10 a 17 anos,348.0,De seis minutos até quinze minutos,Sem instrução e fundamental incompleto,4302,43,Rio Grande do Sul,10.5
Santa Maria,10 a 17 anos,284.0,De seis minutos até quinze minutos,Sem instrução e fundamental incompleto,4303,43,Rio Grande do Sul,10.5
Uruguaiana,10 a 17 anos,225.0,De seis minutos até quinze minutos,Sem instrução e fundamental incompleto,4304,43,Rio Grande do Sul,10.5
Ijuí,10 a 17 anos,439.0,De seis minutos até quinze minutos,Sem instrução e fundamental incompleto,4305,43,Rio Grande do Sul,10.5
Passo Fundo,10 a 17 anos,1042.0,De seis minutos até quinze minutos,Sem instrução e fundamental incompleto,4306,43,Rio Grande do Sul,10.5
Caxias do Sul,10 a 17 anos,696.0,De seis minutos até quinze minutos,Sem instrução e fundamental incompleto,4307,43,Rio Grande do Sul,10.5
Santa Cruz do Sul - Lajeado,10 a 17 anos,643.0,De seis minutos até quinze minutos,Sem instrução e fundamental incompleto,4308,43,Rio Grande do Sul,10.5
Campo Grande,10 a 17 anos,977.0,De seis minutos até quinze minutos,Sem instrução e fundamental incompleto,5001,50,Mato Grosso do Sul,10.5
Dourados,10 a 17 anos,900.0,De seis minutos até quinze minutos,Sem instrução e fundamental incompleto,5002,50,Mato Grosso do Sul,10.5
Corumbá,10 a 17 anos,197.0,De seis minutos até quinze minutos,Sem instrução e fundamental incompleto,5003,50,Mato Grosso do Sul,10.5
Cuiabá,10 a 17 anos,758.0,De seis minutos até quinze minutos,Sem instrução e fundamental incompleto,5101,51,Mato Grosso,10.5
Cáceres,10 a 17 anos,300.0,De seis minutos até quinze minutos,Sem instrução e fundamental incompleto,5102,51,Mato Grosso,10.5
Sinop,10 a 17 anos,1076.0,De seis minutos até quinze minutos,Sem instrução e fundamental incompleto,5103,51,Mato Grosso,10.5
Barra do Garças,10 a 17 anos,552.0,De seis minutos até quinze minutos,Sem instrução e fundamental incompleto,5104,51,Mato Grosso,10.5
Rondonópolis,10 a 17 anos,291.0,De seis minutos até quinze minutos,Sem instrução e fundamental incompleto,5105,51,Mato Grosso,10.5
Goiânia,10 a 17 anos,2062.0,De seis minutos até quinze minutos,Sem instrução e fundamental incompleto,5201,52,Goiás,10.5
Itumbiara,10 a 17 anos,528.0,De seis minutos até quinze minutos,Sem instrução e fundamental incompleto,5202,52,Goiás,10.5
Rio Verde,10 a 17 anos,600.0,De seis minutos até quinze minutos,Sem instrução e fundamental incompleto,5203,52,Goiás,10.5
São Luís de Montes Belos - Iporá,10 a 17 anos,260.0,De seis minutos até quinze minutos,Sem instrução e fundamental incompleto,5204,52,Goiás,10.5
Porangatu - Uruaçu,10 a 17 anos,522.0,De seis minutos até quinze minutos,Sem instrução e fundamental incompleto,5205,52,Goiás,10.5
Luziânia - Águas Lindas de Goiás,10 a 17 anos,582.0,De seis minutos até quinze minutos,Sem instrução e fundamental incompleto,5206,52,Goiás,10.5
Distrito Federal,10 a 17 anos,578.0,De seis minutos até quinze minutos,Sem instrução e fundamental incompleto,5301,53,Distrito Federal,10.5
Porto Velho,10 a 17 anos,1133.0,De seis minutos até quinze minutos,Fundamental completo e médio incompleto,1101,11,Rondônia,10.5
Ji-Paraná,10 a 17 anos,1741.0,De seis minutos até quinze minutos,Fundamental completo e médio incompleto,1102,11,Rondônia,10.5
Rio Branco,10 a 17 anos,421.0,De seis minutos até quinze minutos,Fundamental completo e médio incompleto,1201,12,Acre,10.5
Cruzeiro do Sul,10 a 17 anos,233.0,De seis minutos até quinze minutos,Fundamental completo e médio incompleto,1202,12,Acre,10.5
Manaus,10 a 17 anos,981.0,De seis minutos até quinze minutos,Fundamental completo e médio incompleto,1301,13,Amazonas,10.5
Tefé,10 a 17 anos,341.0,De seis minutos até quinze minutos,Fundamental completo e médio incompleto,1302,13,Amazonas,10.5
Lábrea,10 a 17 anos,289.0,De seis minutos até quinze minutos,Fundamental completo e médio incompleto,1303,13,Amazonas,10.5
Parintins,10 a 17 anos,294.0,De seis minutos até quinze minutos,Fundamental completo e médio incompleto,1304,13,Amazonas,10.5
Boa Vista,10 a 17 anos,539.0,De seis minutos até quinze minutos,Fundamental completo e médio incompleto,1401,14,Roraima,10.5
Rorainópolis - Caracaraí,10 a 17 anos,76.0,De seis minutos até quinze minutos,Fundamental completo e médio incompleto,1402,14,Roraima,10.5
Belém,10 a 17 anos,1678.0,De seis minutos até quinze minutos,Fundamental completo e médio incompleto,1501,15,Pará,10.5
Castanhal,10 a 17 anos,1230.0,De seis minutos até quinze minutos,Fundamental completo e médio incompleto,1502,15,Pará,10.5
Marabá,10 a 17 anos,1753.0,De seis minutos até quinze minutos,Fundamental completo e médio incompleto,1503,15,Pará,10.5
Redenção,10 a 17 anos,1025.0,De seis minutos até quinze minutos,Fundamental completo e médio incompleto,1504,15,Pará,10.5
Santarém,10 a 17 anos,934.0,De seis minutos até quinze minutos,Fundamental completo e médio incompleto,1505,15,Pará,10.5
Altamira,10 a 17 anos,721.0,De seis minutos até quinze minutos,Fundamental completo e médio incompleto,1506,15,Pará,10.5
Breves,10 a 17 anos,247.0,De seis minutos até quinze minutos,Fundamental completo e médio incompleto,1507,15,Pará,10.5
Macapá,10 a 17 anos,387.0,De seis minutos até quinze minutos,Fundamental completo e médio incompleto,1601,16,Amapá,10.5
Oiapoque - Porto Grande,10 a 17 anos,88.0,De seis minutos até quinze minutos,Fundamental completo e médio incompleto,1602,16,Amapá,10.5
Palmas,10 a 17 anos,1180.0,De seis minutos até quinze minutos,Fundamental completo e médio incompleto,1701,17,Tocantins,10.5
Araguaína,10 a 17 anos,1077.0,De seis minutos até quinze minutos,Fundamental completo e médio incompleto,1702,17,Tocantins,10.5
Gurupi,10 a 17 anos,391.0,De seis minutos até quinze minutos,Fundamental completo e médio incompleto,1703,17,Tocantins,10.5
São Luís,10 a 17 anos,1525.0,De seis minutos até quinze minutos,Fundamental completo e médio incompleto,2101,21,Maranhão,10.5
Santa Inês - Bacabal,10 a 17 anos,1518.0,De seis minutos até quinze minutos,Fundamental completo e médio incompleto,2102,21,Maranhão,10.5
Caxias,10 a 17 anos,621.0,De seis minutos até quinze minutos,Fundamental completo e médio incompleto,2103,21,Maranhão,10.5
Presidente Dutra,10 a 17 anos,492.0,De seis minutos até quinze minutos,Fundamental completo e médio incompleto,2104,21,Maranhão,10.5
Imperatriz,10 a 17 anos,1725.0,De seis minutos até quinze minutos,Fundamental completo e médio incompleto,2105,21,Maranhão,10.5
Teresina,10 a 17 anos,917.0,De seis minutos até quinze minutos,Fundamental completo e médio incompleto,2201,22,Piauí,10.5
Parnaíba,10 a 17 anos,428.0,De seis minutos até quinze minutos,Fundamental completo e médio incompleto,2202,22,Piauí,10.5
Picos,10 a 17 anos,333.0,De seis minutos até quinze minutos,Fundamental completo e médio incompleto,2203,22,Piauí,10.5
São Raimundo Nonato,10 a 17 anos,111.0,De seis minutos até quinze minutos,Fundamental completo e médio incompleto,2204,22,Piauí,10.5
Corrente - Bom Jesus,10 a 17 anos,166.0,De seis minutos até quinze minutos,Fundamental completo e médio incompleto,2205,22,Piauí,10.5
Floriano,10 a 17 anos,185.0,De seis minutos até quinze minutos,Fundamental completo e médio incompleto,2206,22,Piauí,10.5
Fortaleza,10 a 17 anos,2256.0,De seis minutos até quinze minutos,Fundamental completo e médio incompleto,2301,23,Ceará,10.5
Quixadá,10 a 17 anos,517.0,De seis minutos até quinze minutos,Fundamental completo e médio incompleto,2302,23,Ceará,10.5
Iguatu,10 a 17 anos,339.0,De seis minutos até quinze minutos,Fundamental completo e médio incompleto,2303,23,Ceará,10.5
Juazeiro do Norte,10 a 17 anos,769.0,De seis minutos até quinze minutos,Fundamental completo e médio incompleto,2304,23,Ceará,10.5
Crateús,10 a 17 anos,263.0,De seis minutos até quinze minutos,Fundamental completo e médio incompleto,2305,23,Ceará,10.5
Sobral,10 a 17 anos,1305.0,De seis minutos até quinze minutos,Fundamental completo e médio incompleto,2306,23,Ceará,10.5
Natal,10 a 17 anos,822.0,De seis minutos até quinze minutos,Fundamental completo e médio incompleto,2401,24,Rio Grande do Norte,10.5
Caicó,10 a 17 anos,298.0,De seis minutos até quinze minutos,Fundamental completo e médio incompleto,2402,24,Rio Grande do Norte,10.5
Mossoró,10 a 17 anos,472.0,De seis minutos até quinze minutos,Fundamental completo e médio incompleto,2403,24,Rio Grande do Norte,10.5
João Pessoa,10 a 17 anos,836.0,De seis minutos até quinze minutos,Fundamental completo e médio incompleto,2501,25,Paraíba,10.5
Campina Grande,10 a 17 anos,668.0,De seis minutos até quinze minutos,Fundamental completo e médio incompleto,2502,25,Paraíba,10.5
Patos,10 a 17 anos,363.0,De seis minutos até quinze minutos,Fundamental completo e médio incompleto,2503,25,Paraíba,10.5
Sousa - Cajazeiras,10 a 17 anos,161.0,De seis minutos até quinze minutos,Fundamental completo e médio incompleto,2504,25,Paraíba,10.5
Recife,10 a 17 anos,1629.0,De seis minutos até quinze minutos,Fundamental completo e médio incompleto,2601,26,Pernambuco,10.5
Caruaru,10 a 17 anos,1578.0,De seis minutos até quinze minutos,Fundamental completo e médio incompleto,2602,26,Pernambuco,10.5
Serra Talhada,10 a 17 anos,399.0,De seis minutos até quinze minutos,Fundamental completo e médio incompleto,2603,26,Pernambuco,10.5
Petrolina,10 a 17 anos,771.0,De seis minutos até quinze minutos,Fundamental completo e médio incompleto,2604,26,Pernambuco,10.5
Maceió,10 a 17 anos,1041.0,De seis minutos até quinze minutos,Fundamental completo e médio incompleto,2701,27,Alagoas,10.5
Arapiraca,10 a 17 anos,862.0,De seis minutos até quinze minutos,Fundamental completo e médio incompleto,2702,27,Alagoas,10.5
Aracaju,10 a 17 anos,820.0,De seis minutos até quinze minutos,Fundamental completo e médio incompleto,2801,28,Sergipe,10.5
Itabaiana,10 a 17 anos,449.0,De seis minutos até quinze minutos,Fundamental completo e médio incompleto,2802,28,Sergipe,10.5
Salvador,10 a 17 anos,2248.0,De seis minutos até quinze minutos,Fundamental completo e médio incompleto,2901,29,Bahia,10.5
Santo Antônio de Jesus,10 a 17 anos,801.0,De seis minutos até quinze minutos,Fundamental completo e médio incompleto,2902,29,Bahia,10.5
Ilhéus - Itabuna,10 a 17 anos,1791.0,De seis minutos até quinze minutos,Fundamental completo e médio incompleto,,,,10.5
Vitória da Conquista,10 a 17 anos,1566.0,De seis minutos até quinze minutos,Fundamental completo e médio incompleto,2904,29,Bahia,10.5
Guanambi,10 a 17 anos,742.0,De seis minutos até quinze minutos,Fundamental completo e médio incompleto,2905,29,Bahia,10.5
Barreiras,10 a 17 anos,762.0,De seis minutos até quinze minutos,Fundamental completo e médio incompleto,2906,29,Bahia,10.5
Irecê,10 a 17 anos,579.0,De seis minutos até quinze minutos,Fundamental completo e médio incompleto,2907,29,Bahia,10.5
Juazeiro,10 a 17 anos,616.0,De seis minutos até quinze minutos,Fundamental completo e médio incompleto,2908,29,Bahia,10.5
Paulo Afonso,10 a 17 anos,579.0,De seis minutos até quinze minutos,Fundamental completo e médio incompleto,2909,29,Bahia,10.5
Feira de Santana,10 a 17 anos,1810.0,De seis minutos até quinze minutos,Fundamental completo e médio incompleto,2910,29,Bahia,10.5
Belo Horizonte,10 a 17 anos,3709.0,De seis minutos até quinze minutos,Fundamental completo e médio incompleto,3101,31,Minas Gerais,10.5
Montes Claros,10 a 17 anos,2014.0,De seis minutos até quinze minutos,Fundamental completo e médio incompleto,3102,31,Minas Gerais,10.5
Teófilo Otoni,10 a 17 anos,1486.0,De seis minutos até quinze minutos,Fundamental completo e médio incompleto,3103,31,Minas Gerais,10.5
Governador Valadares,10 a 17 anos,952.0,De seis minutos até quinze minutos,Fundamental completo e médio incompleto,3104,31,Minas Gerais,10.5
Ipatinga,10 a 17 anos,1251.0,De seis minutos até quinze minutos,Fundamental completo e médio incompleto,3105,31,Minas Gerais,10.5
Juíz de Fora,10 a 17 anos,2101.0,De seis minutos até quinze minutos,Fundamental completo e médio incompleto,3106,31,Minas Gerais,10.5
Barbacena,10 a 17 anos,745.0,De seis minutos até quinze minutos,Fundamental completo e médio incompleto,3107,31,Minas Gerais,10.5
Varginha,10 a 17 anos,2754.0,De seis minutos até quinze minutos,Fundamental completo e médio incompleto,3108,31,Minas Gerais,10.5
Pouso Alegre,10 a 17 anos,1805.0,De seis minutos até quinze minutos,Fundamental completo e médio incompleto,3109,31,Minas Gerais,10.5
Uberaba,10 a 17 anos,1300.0,De seis minutos até quinze minutos,Fundamental completo e médio incompleto,3110,31,Minas Gerais,10.5
Uberlândia,10 a 17 anos,1872.0,De seis minutos até quinze minutos,Fundamental completo e médio incompleto,3111,31,Minas Gerais,10.5
Patos de Minas,10 a 17 anos,1608.0,De seis minutos até quinze minutos,Fundamental completo e médio incompleto,3112,31,Minas Gerais,10.5
Divinópolis,10 a 17 anos,3463.0,De seis minutos até quinze minutos,Fundamental completo e médio incompleto,3113,31,Minas Gerais,10.5
Vitória,10 a 17 anos,1829.0,De seis minutos até quinze minutos,Fundamental completo e médio incompleto,3201,32,Espírito Santo,10.5
São Mateus,10 a 17 anos,930.0,De seis minutos até quinze minutos,Fundamental completo e médio incompleto,3202,32,Espírito Santo,10.5
Colatina,10 a 17 anos,519.0,De seis minutos até quinze minutos,Fundamental completo e médio incompleto,3203,32,Espírito Santo,10.5
Cachoeiro do Itapemirim,10 a 17 anos,622.0,De seis minutos até quinze minutos,Fundamental completo e médio incompleto,3204,32,Espírito Santo,10.5
Rio de Janeiro,10 a 17 anos,3639.0,De seis minutos até quinze minutos,Fundamental completo e médio incompleto,3301,33,Rio de Janeiro,10.5
Volta Redonda - Barra Mansa,10 a 17 anos,534.0,De seis minutos até quinze minutos,Fundamental completo e médio incompleto,3302,33,Rio de Janeiro,10.5
Petrópolis,10 a 17 anos,347.0,De seis minutos até quinze minutos,Fundamental completo e médio incompleto,3303,33,Rio de Janeiro,10.5
Campos dos Goytacazes,10 a 17 anos,523.0,De seis minutos até quinze minutos,Fundamental completo e médio incompleto,3304,33,Rio de Janeiro,10.5
Macaé - Rio das Ostras - Cabo Frio,10 a 17 anos,769.0,De seis minutos até quinze minutos,Fundamental completo e médio incompleto,3305,33,Rio de Janeiro,10.5
São Paulo,10 a 17 anos,11699.0,De seis minutos até quinze minutos,Fundamental completo e médio incompleto,3501,35,São Paulo,10.5
Sorocaba,10 a 17 anos,4085.0,De seis minutos até quinze minutos,Fundamental completo e médio incompleto,3502,35,São Paulo,10.5
Bauru,10 a 17 anos,1957.0,De seis minutos até quinze minutos,Fundamental completo e médio incompleto,3503,35,São Paulo,10.5
Marília,10 a 17 anos,1371.0,De seis minutos até quinze minutos,Fundamental completo e médio incompleto,3504,35,São Paulo,10.5
Presidente Prudente,10 a 17 anos,1071.0,De seis minutos até quinze minutos,Fundamental completo e médio incompleto,3505,35,São Paulo,10.5
Araçatuba,10 a 17 anos,1149.0,De seis minutos até quinze minutos,Fundamental completo e médio incompleto,3506,35,São Paulo,10.5
São José do Rio Preto,10 a 17 anos,2494.0,De seis minutos até quinze minutos,Fundamental completo e médio incompleto,3507,35,São Paulo,10.5
Ribeirão Preto,10 a 17 anos,3874.0,De seis minutos até quinze minutos,Fundamental completo e médio incompleto,3508,35,São Paulo,10.5
Araraquara,10 a 17 anos,1338.0,De seis minutos até quinze minutos,Fundamental completo e médio incompleto,3509,35,São Paulo,10.5
Campinas,10 a 17 anos,7745.0,De seis minutos até quinze minutos,Fundamental completo e médio incompleto,3510,35,São Paulo,10.5
São José dos Campos,10 a 17 anos,2508.0,De seis minutos até quinze minutos,Fundamental completo e médio incompleto,3511,35,São Paulo,10.5
Curitiba,10 a 17 anos,4134.0,De seis minutos até quinze minutos,Fundamental completo e médio incompleto,4101,41,Paraná,10.5
Guarapuava,10 a 17 anos,970.0,De seis minutos até quinze minutos,Fundamental completo e médio incompleto,4102,41,Paraná,10.5
Cascavel,10 a 17 anos,6244.0,De seis minutos até quinze minutos,Fundamental completo e médio incompleto,4103,41,Paraná,10.5
Maringá,10 a 17 anos,3402.0,De seis minutos até quinze minutos,Fundamental completo e médio incompleto,4104,41,Paraná,10.5
Londrina,10 a 17 anos,3513.0,De seis minutos até quinze minutos,Fundamental completo e médio incompleto,4105,41,Paraná,10.5
Ponta Grossa,10 a 17 anos,1287.0,De seis minutos até quinze minutos,Fundamental completo e médio incompleto,4106,41,Paraná,10.5
Florianópolis,10 a 17 anos,1462.0,De seis minutos até quinze minutos,Fundamental completo e médio incompleto,4201,42,Santa Catarina,10.5
Criciúma,10 a 17 anos,2905.0,De seis minutos até quinze minutos,Fundamental completo e médio incompleto,4202,42,Santa Catarina,10.5
Lages,10 a 17 anos,907.0,De seis minutos até quinze minutos,Fundamental completo e médio incompleto,4203,42,Santa Catarina,10.5
Chapecó,10 a 17 anos,4416.0,De seis minutos até quinze minutos,Fundamental completo e médio incompleto,4204,42,Santa Catarina,10.5
Caçador,10 a 17 anos,615.0,De seis minutos até quinze minutos,Fundamental completo e médio incompleto,4205,42,Santa Catarina,10.5
Joinville,10 a 17 anos,2655.0,De seis minutos até quinze minutos,Fundamental completo e médio incompleto,4206,42,Santa Catarina,10.5
Blumenau,10 a 17 anos,6010.0,De seis minutos até quinze minutos,Fundamental completo e médio incompleto,4207,42,Santa Catarina,10.5
Porto Alegre,10 a 17 anos,7228.0,De seis minutos até quinze minutos,Fundamental completo e médio incompleto,4301,43,Rio Grande do Sul,10.5
Pelotas,10 a 17 anos,1138.0,De seis minutos até quinze minutos,Fundamental completo e médio incompleto,4302,43,Rio Grande do Sul,10.5
Santa Maria,10 a 17 anos,1052.0,De seis minutos até quinze minutos,Fundamental completo e médio incompleto,4303,43,Rio Grande do Sul,10.5
Uruguaiana,10 a 17 anos,445.0,De seis minutos até quinze minutos,Fundamental completo e médio incompleto,4304,43,Rio Grande do Sul,10.5
Ijuí,10 a 17 anos,1735.0,De seis minutos até quinze minutos,Fundamental completo e médio incompleto,4305,43,Rio Grande do Sul,10.5
Passo Fundo,10 a 17 anos,3715.0,De seis minutos até quinze minutos,Fundamental completo e médio incompleto,4306,43,Rio Grande do Sul,10.5
Caxias do Sul,10 a 17 anos,3392.0,De seis minutos até quinze minutos,Fundamental completo e médio incompleto,4307,43,Rio Grande do Sul,10.5
Santa Cruz do Sul - Lajeado,10 a 17 anos,1867.0,De seis minutos até quinze minutos,Fundamental completo e médio incompleto,4308,43,Rio Grande do Sul,10.5
Campo Grande,10 a 17 anos,2173.0,De seis minutos até quinze minutos,Fundamental completo e médio incompleto,5001,50,Mato Grosso do Sul,10.5
Dourados,10 a 17 anos,1767.0,De seis minutos até quinze minutos,Fundamental completo e médio incompleto,5002,50,Mato Grosso do Sul,10.5
Corumbá,10 a 17 anos,417.0,De seis minutos até quinze minutos,Fundamental completo e médio incompleto,5003,50,Mato Grosso do Sul,10.5
Cuiabá,10 a 17 anos,2363.0,De seis minutos até quinze minutos,Fundamental completo e médio incompleto,5101,51,Mato Grosso,10.5
Cáceres,10 a 17 anos,933.0,De seis minutos até quinze minutos,Fundamental completo e médio incompleto,5102,51,Mato Grosso,10.5
Sinop,10 a 17 anos,3625.0,De seis minutos até quinze minutos,Fundamental completo e médio incompleto,5103,51,Mato Grosso,10.5
Barra do Garças,10 a 17 anos,1380.0,De seis minutos até quinze minutos,Fundamental completo e médio incompleto,5104,51,Mato Grosso,10.5
Rondonópolis,10 a 17 anos,1248.0,De seis minutos até quinze minutos,Fundamental completo e médio incompleto,5105,51,Mato Grosso,10.5
Goiânia,10 a 17 anos,5351.0,De seis minutos até quinze minutos,Fundamental completo e médio incompleto,5201,52,Goiás,10.5
Itumbiara,10 a 17 anos,1220.0,De seis minutos até quinze minutos,Fundamental completo e médio incompleto,5202,52,Goiás,10.5
Rio Verde,10 a 17 anos,1563.0,De seis minutos até quinze minutos,Fundamental completo e médio incompleto,5203,52,Goiás,10.5
São Luís de Montes Belos - Iporá,10 a 17 anos,820.0,De seis minutos até quinze minutos,Fundamental completo e médio incompleto,5204,52,Goiás,10.5
Porangatu - Uruaçu,10 a 17 anos,1365.0,De seis minutos até quinze minutos,Fundamental completo e médio incompleto,5205,52,Goiás,10.5
Luziânia - Águas Lindas de Goiás,10 a 17 anos,1810.0,De seis minutos até quinze minutos,Fundamental completo e médio incompleto,5206,52,Goiás,10.5
Distrito Federal,10 a 17 anos,1742.0,De seis minutos até quinze minutos,Fundamental completo e médio incompleto,5301,53,Distrito Federal,10.5
Porto Velho,10 a 17 anos,15.0,De seis minutos até quinze minutos,Médio completo e superior incompleto,1101,11,Rondônia,10.5
Ji-Paraná,10 a 17 anos,83.0,De seis minutos até quinze minutos,Médio completo e superior incompleto,1102,11,Rondônia,10.5
Rio Branco,10 a 17 anos,41.0,De seis minutos até quinze minutos,Médio completo e superior incompleto,1201,12,Acre,10.5
Manaus,10 a 17 anos,137.0,De seis minutos até quinze minutos,Médio completo e superior incompleto,1301,13,Amazonas,10.5
Tefé,10 a 17 anos,35.0,De seis minutos até quinze minutos,Médio completo e superior incompleto,1302,13,Amazonas,10.5
Lábrea,10 a 17 anos,19.0,De seis minutos até quinze minutos,Médio completo e superior incompleto,1303,13,Amazonas,10.5
Parintins,10 a 17 anos,11.0,De seis minutos até quinze minutos,Médio completo e superior incompleto,1304,13,Amazonas,10.5
Boa Vista,10 a 17 anos,66.0,De seis minutos até quinze minutos,Médio completo e superior incompleto,1401,14,Roraima,10.5
Rorainópolis - Caracaraí,10 a 17 anos,10.0,De seis minutos até quinze minutos,Médio completo e superior incompleto,1402,14,Roraima,10.5
Belém,10 a 17 anos,61.0,De seis minutos até quinze minutos,Médio completo e superior incompleto,1501,15,Pará,10.5
Castanhal,10 a 17 anos,72.0,De seis minutos até quinze minutos,Médio completo e superior incompleto,1502,15,Pará,10.5
Marabá,10 a 17 anos,162.0,De seis minutos até quinze minutos,Médio completo e superior incompleto,1503,15,Pará,10.5
Redenção,10 a 17 anos,72.0,De seis minutos até quinze minutos,Médio completo e superior incompleto,1504,15,Pará,10.5
Santarém,10 a 17 anos,47.0,De seis minutos até quinze minutos,Médio completo e superior incompleto,1505,15,Pará,10.5
Altamira,10 a 17 anos,52.0,De seis minutos até quinze minutos,Médio completo e superior incompleto,1506,15,Pará,10.5
Breves,10 a 17 anos,24.0,De seis minutos até quinze minutos,Médio completo e superior incompleto,1507,15,Pará,10.5
Macapá,10 a 17 anos,21.0,De seis minutos até quinze minutos,Médio completo e superior incompleto,1601,16,Amapá,10.5
Oiapoque - Porto Grande,10 a 17 anos,3.0,De seis minutos até quinze minutos,Médio completo e superior incompleto,1602,16,Amapá,10.5
Palmas,10 a 17 anos,83.0,De seis minutos até quinze minutos,Médio completo e superior incompleto,1701,17,Tocantins,10.5
Araguaína,10 a 17 anos,98.0,De seis minutos até quinze minutos,Médio completo e superior incompleto,1702,17,Tocantins,10.5
Gurupi,10 a 17 anos,57.0,De seis minutos até quinze minutos,Médio completo e superior incompleto,1703,17,Tocantins,10.5
São Luís,10 a 17 anos,58.0,De seis minutos até quinze minutos,Médio completo e superior incompleto,2101,21,Maranhão,10.5
Santa Inês - Bacabal,10 a 17 anos,46.0,De seis minutos até quinze minutos,Médio completo e superior incompleto,2102,21,Maranhão,10.5
Caxias,10 a 17 anos,29.0,De seis minutos até quinze minutos,Médio completo e superior incompleto,2103,21,Maranhão,10.5
Presidente Dutra,10 a 17 anos,29.0,De seis minutos até quinze minutos,Médio completo e superior incompleto,2104,21,Maranhão,10.5
Imperatriz,10 a 17 anos,49.0,De seis minutos até quinze minutos,Médio completo e superior incompleto,2105,21,Maranhão,10.5
Teresina,10 a 17 anos,33.0,De seis minutos até quinze minutos,Médio completo e superior incompleto,2201,22,Piauí,10.5
Parnaíba,10 a 17 anos,20.0,De seis minutos até quinze minutos,Médio completo e superior incompleto,2202,22,Piauí,10.5
Picos,10 a 17 anos,30.0,De seis minutos até quinze minutos,Médio completo e superior incompleto,2203,22,Piauí,10.5
Corrente - Bom Jesus,10 a 17 anos,11.0,De seis minutos até quinze minutos,Médio completo e superior incompleto,2205,22,Piauí,10.5
Floriano,10 a 17 anos,16.0,De seis minutos até quinze minutos,Médio completo e superior incompleto,2206,22,Piauí,10.5
Fortaleza,10 a 17 anos,265.0,De seis minutos até quinze minutos,Médio completo e superior incompleto,2301,23,Ceará,10.5
Quixadá,10 a 17 anos,82.0,De seis minutos até quinze minutos,Médio completo e superior incompleto,2302,23,Ceará,10.5
Iguatu,10 a 17 anos,10.0,De seis minutos até quinze minutos,Médio completo e superior incompleto,2303,23,Ceará,10.5
Crateús,10 a 17 anos,16.0,De seis minutos até quinze minutos,Médio completo e superior incompleto,2305,23,Ceará,10.5
Sobral,10 a 17 anos,93.0,De seis minutos até quinze minutos,Médio completo e superior incompleto,2306,23,Ceará,10.5
Natal,10 a 17 anos,28.0,De seis minutos até quinze minutos,Médio completo e superior incompleto,2401,24,Rio Grande do Norte,10.5
Caicó,10 a 17 anos,16.0,De seis minutos até quinze minutos,Médio completo e superior incompleto,2402,24,Rio Grande do Norte,10.5
Mossoró,10 a 17 anos,12.0,De seis minutos até quinze minutos,Médio completo e superior incompleto,2403,24,Rio Grande do Norte,10.5
João Pessoa,10 a 17 anos,78.0,De seis minutos até quinze minutos,Médio completo e superior incompleto,2501,25,Paraíba,10.5
Campina Grande,10 a 17 anos,120.0,De seis minutos até quinze minutos,Médio completo e superior incompleto,2502,25,Paraíba,10.5
Patos,10 a 17 anos,35.0,De seis minutos até quinze minutos,Médio completo e superior incompleto,2503,25,Paraíba,10.5
Sousa - Cajazeiras,10 a 17 anos,10.0,De seis minutos até quinze minutos,Médio completo e superior incompleto,2504,25,Paraíba,10.5
Recife,10 a 17 anos,227.0,De seis minutos até quinze minutos,Médio completo e superior incompleto,2601,26,Pernambuco,10.5
Caruaru,10 a 17 anos,91.0,De seis minutos até quinze minutos,Médio completo e superior incompleto,2602,26,Pernambuco,10.5
Serra Talhada,10 a 17 anos,48.0,De seis minutos até quinze minutos,Médio completo e superior incompleto,2603,26,Pernambuco,10.5
Petrolina,10 a 17 anos,70.0,De seis minutos até quinze minutos,Médio completo e superior incompleto,2604,26,Pernambuco,10.5
Maceió,10 a 17 anos,40.0,De seis minutos até quinze minutos,Médio completo e superior incompleto,2701,27,Alagoas,10.5
Arapiraca,10 a 17 anos,3.0,De seis minutos até quinze minutos,Médio completo e superior incompleto,2702,27,Alagoas,10.5
Aracaju,10 a 17 anos,25.0,De seis minutos até quinze minutos,Médio completo e superior incompleto,2801,28,Sergipe,10.5
Itabaiana,10 a 17 anos,15.0,De seis minutos até quinze minutos,Médio completo e superior incompleto,2802,28,Sergipe,10.5
Salvador,10 a 17 anos,198.0,De seis minutos até quinze minutos,Médio completo e superior incompleto,2901,29,Bahia,10.5
Santo Antônio de Jesus,10 a 17 anos,50.0,De seis minutos até quinze minutos,Médio completo e superior incompleto,2902,29,Bahia,10.5
Ilhéus - Itabuna,10 a 17 anos,132.0,De seis minutos até quinze minutos,Médio completo e superior incompleto,,,,10.5
Vitória da Conquista,10 a 17 anos,82.0,De seis minutos até quinze minutos,Médio completo e superior incompleto,2904,29,Bahia,10.5
Guanambi,10 a 17 anos,23.0,De seis minutos até quinze minutos,Médio completo e superior incompleto,2905,29,Bahia,10.5
Barreiras,10 a 17 anos,70.0,De seis minutos até quinze minutos,Médio completo e superior incompleto,2906,29,Bahia,10.5
Irecê,10 a 17 anos,58.0,De seis minutos até quinze minutos,Médio completo e superior incompleto,2907,29,Bahia,10.5
Juazeiro,10 a 17 anos,51.0,De seis minutos até quinze minutos,Médio completo e superior incompleto,2908,29,Bahia,10.5
Paulo Afonso,10 a 17 anos,15.0,De seis minutos até quinze minutos,Médio completo e superior incompleto,2909,29,Bahia,10.5
Feira de Santana,10 a 17 anos,122.0,De seis minutos até quinze minutos,Médio completo e superior incompleto,2910,29,Bahia,10.5
Belo Horizonte,10 a 17 anos,255.0,De seis minutos até quinze minutos,Médio completo e superior incompleto,3101,31,Minas Gerais,10.5
Montes Claros,10 a 17 anos,57.0,De seis minutos até quinze minutos,Médio completo e superior incompleto,3102,31,Minas Gerais,10.5
Teófilo Otoni,10 a 17 anos,21.0,De seis minutos até quinze minutos,Médio completo e superior incompleto,3103,31,Minas Gerais,10.5
Governador Valadares,10 a 17 anos,26.0,De seis minutos até quinze minutos,Médio completo e superior incompleto,3104,31,Minas Gerais,10.5
Ipatinga,10 a 17 anos,38.0,De seis minutos até quinze minutos,Médio completo e superior incompleto,3105,31,Minas Gerais,10.5
Juíz de Fora,10 a 17 anos,102.0,De seis minutos até quinze minutos,Médio completo e superior incompleto,3106,31,Minas Gerais,10.5
Barbacena,10 a 17 anos,16.0,De seis minutos até quinze minutos,Médio completo e superior incompleto,3107,31,Minas Gerais,10.5
Varginha,10 a 17 anos,138.0,De seis minutos até quinze minutos,Médio completo e superior incompleto,3108,31,Minas Gerais,10.5
Pouso Alegre,10 a 17 anos,129.0,De seis minutos até quinze minutos,Médio completo e superior incompleto,3109,31,Minas Gerais,10.5
Uberaba,10 a 17 anos,119.0,De seis minutos até quinze minutos,Médio completo e superior incompleto,3110,31,Minas Gerais,10.5
Uberlândia,10 a 17 anos,137.0,De seis minutos até quinze minutos,Médio completo e superior incompleto,3111,31,Minas Gerais,10.5
Patos de Minas,10 a 17 anos,35.0,De seis minutos até quinze minutos,Médio completo e superior incompleto,3112,31,Minas Gerais,10.5
Divinópolis,10 a 17 anos,158.0,De seis minutos até quinze minutos,Médio completo e superior incompleto,3113,31,Minas Gerais,10.5
Vitória,10 a 17 anos,73.0,De seis minutos até quinze minutos,Médio completo e superior incompleto,3201,32,Espírito Santo,10.5
São Mateus,10 a 17 anos,52.0,De seis minutos até quinze minutos,Médio completo e superior incompleto,3202,32,Espírito Santo,10.5
Colatina,10 a 17 anos,43.0,De seis minutos até quinze minutos,Médio completo e superior incompleto,3203,32,Espírito Santo,10.5
Cachoeiro do Itapemirim,10 a 17 anos,45.0,De seis minutos até quinze minutos,Médio completo e superior incompleto,3204,32,Espírito Santo,10.5
Rio de Janeiro,10 a 17 anos,143.0,De seis minutos até quinze minutos,Médio completo e superior incompleto,3301,33,Rio de Janeiro,10.5
Volta Redonda - Barra Mansa,10 a 17 anos,21.0,De seis minutos até quinze minutos,Médio completo e superior incompleto,3302,33,Rio de Janeiro,10.5
Petrópolis,10 a 17 anos,12.0,De seis minutos até quinze minutos,Médio completo e superior incompleto,3303,33,Rio de Janeiro,10.5
Macaé - Rio das Ostras - Cabo Frio,10 a 17 anos,53.0,De seis minutos até quinze minutos,Médio completo e superior incompleto,3305,33,Rio de Janeiro,10.5
São Paulo,10 a 17 anos,1267.0,De seis minutos até quinze minutos,Médio completo e superior incompleto,3501,35,São Paulo,10.5
Sorocaba,10 a 17 anos,550.0,De seis minutos até quinze minutos,Médio completo e superior incompleto,3502,35,São Paulo,10.5
Bauru,10 a 17 anos,127.0,De seis minutos até quinze minutos,Médio completo e superior incompleto,3503,35,São Paulo,10.5
Marília,10 a 17 anos,171.0,De seis minutos até quinze minutos,Médio completo e superior incompleto,3504,35,São Paulo,10.5
Presidente Prudente,10 a 17 anos,134.0,De seis minutos até quinze minutos,Médio completo e superior incompleto,3505,35,São Paulo,10.5
Araçatuba,10 a 17 anos,123.0,De seis minutos até quinze minutos,Médio completo e superior incompleto,3506,35,São Paulo,10.5
São José do Rio Preto,10 a 17 anos,270.0,De seis minutos até quinze minutos,Médio completo e superior incompleto,3507,35,São Paulo,10.5
Ribeirão Preto,10 a 17 anos,330.0,De seis minutos até quinze minutos,Médio completo e superior incompleto,3508,35,São Paulo,10.5
Araraquara,10 a 17 anos,119.0,De seis minutos até quinze minutos,Médio completo e superior incompleto,3509,35,São Paulo,10.5
Campinas,10 a 17 anos,863.0,De seis minutos até quinze minutos,Médio completo e superior incompleto,3510,35,São Paulo,10.5
São José dos Campos,10 a 17 anos,152.0,De seis minutos até quinze minutos,Médio completo e superior incompleto,3511,35,São Paulo,10.5
Curitiba,10 a 17 anos,908.0,De seis minutos até quinze minutos,Médio completo e superior incompleto,4101,41,Paraná,10.5
Guarapuava,10 a 17 anos,146.0,De seis minutos até quinze minutos,Médio completo e superior incompleto,4102,41,Paraná,10.5
Cascavel,10 a 17 anos,1305.0,De seis minutos até quinze minutos,Médio completo e superior incompleto,4103,41,Paraná,10.5
Maringá,10 a 17 anos,715.0,De seis minutos até quinze minutos,Médio completo e superior incompleto,4104,41,Paraná,10.5
Londrina,10 a 17 anos,459.0,De seis minutos até quinze minutos,Médio completo e superior incompleto,4105,41,Paraná,10.5
Ponta Grossa,10 a 17 anos,148.0,De seis minutos até quinze minutos,Médio completo e superior incompleto,4106,41,Paraná,10.5
Florianópolis,10 a 17 anos,189.0,De seis minutos até quinze minutos,Médio completo e superior incompleto,4201,42,Santa Catarina,10.5
Criciúma,10 a 17 anos,135.0,De seis minutos até quinze minutos,Médio completo e superior incompleto,4202,42,Santa Catarina,10.5
Lages,10 a 17 anos,66.0,De seis minutos até quinze minutos,Médio completo e superior incompleto,4203,42,Santa Catarina,10.5
Chapecó,10 a 17 anos,205.0,De seis minutos até quinze minutos,Médio completo e superior incompleto,4204,42,Santa Catarina,10.5
Caçador,10 a 17 anos,42.0,De seis minutos até quinze minutos,Médio completo e superior incompleto,4205,42,Santa Catarina,10.5
Joinville,10 a 17 anos,257.0,De seis minutos até quinze minutos,Médio completo e superior incompleto,4206,42,Santa Catarina,10.5
Blumenau,10 a 17 anos,353.0,De seis minutos até quinze minutos,Médio completo e superior incompleto,4207,42,Santa Catarina,10.5
Porto Alegre,10 a 17 anos,368.0,De seis minutos até quinze minutos,Médio completo e superior incompleto,4301,43,Rio Grande do Sul,10.5
Pelotas,10 a 17 anos,67.0,De seis minutos até quinze minutos,Médio completo e superior incompleto,4302,43,Rio Grande do Sul,10.5
Santa Maria,10 a 17 anos,28.0,De seis minutos até quinze minutos,Médio completo e superior incompleto,4303,43,Rio Grande do Sul,10.5
Uruguaiana,10 a 17 anos,24.0,De seis minutos até quinze minutos,Médio completo e superior incompleto,4304,43,Rio Grande do Sul,10.5
Ijuí,10 a 17 anos,56.0,De seis minutos até quinze minutos,Médio completo e superior incompleto,4305,43,Rio Grande do Sul,10.5
Passo Fundo,10 a 17 anos,164.0,De seis minutos até quinze minutos,Médio completo e superior incompleto,4306,43,Rio Grande do Sul,10.5
Caxias do Sul,10 a 17 anos,160.0,De seis minutos até quinze minutos,Médio completo e superior incompleto,4307,43,Rio Grande do Sul,10.5
Santa Cruz do Sul - Lajeado,10 a 17 anos,53.0,De seis minutos até quinze minutos,Médio completo e superior incompleto,4308,43,Rio Grande do Sul,10.5
Campo Grande,10 a 17 anos,186.0,De seis minutos até quinze minutos,Médio completo e superior incompleto,5001,50,Mato Grosso do Sul,10.5
Dourados,10 a 17 anos,133.0,De seis minutos até quinze minutos,Médio completo e superior incompleto,5002,50,Mato Grosso do Sul,10.5
Corumbá,10 a 17 anos,61.0,De seis minutos até quinze minutos,Médio completo e superior incompleto,5003,50,Mato Grosso do Sul,10.5
Cuiabá,10 a 17 anos,157.0,De seis minutos até quinze minutos,Médio completo e superior incompleto,5101,51,Mato Grosso,10.5
Cáceres,10 a 17 anos,58.0,De seis minutos até quinze minutos,Médio completo e superior incompleto,5102,51,Mato Grosso,10.5
Sinop,10 a 17 anos,300.0,De seis minutos até quinze minutos,Médio completo e superior incompleto,5103,51,Mato Grosso,10.5
Barra do Garças,10 a 17 anos,136.0,De seis minutos até quinze minutos,Médio completo e superior incompleto,5104,51,Mato Grosso,10.5
Rondonópolis,10 a 17 anos,126.0,De seis minutos até quinze minutos,Médio completo e superior incompleto,5105,51,Mato Grosso,10.5
Goiânia,10 a 17 anos,418.0,De seis minutos até quinze minutos,Médio completo e superior incompleto,5201,52,Goiás,10.5
Itumbiara,10 a 17 anos,102.0,De seis minutos até quinze minutos,Médio completo e superior incompleto,5202,52,Goiás,10.5
Rio Verde,10 a 17 anos,250.0,De seis minutos até quinze minutos,Médio completo e superior incompleto,5203,52,Goiás,10.5
São Luís de Montes Belos - Iporá,10 a 17 anos,70.0,De seis minutos até quinze minutos,Médio completo e superior incompleto,5204,52,Goiás,10.5
Porangatu - Uruaçu,10 a 17 anos,133.0,De seis minutos até quinze minutos,Médio completo e superior incompleto,5205,52,Goiás,10.5
Luziânia - Águas Lindas de Goiás,10 a 17 anos,149.0,De seis minutos até quinze minutos,Médio completo e superior incompleto,5206,52,Goiás,10.5
Distrito Federal,10 a 17 anos,169.0,De seis minutos até quinze minutos,Médio completo e superior incompleto,5301,53,Distrito Federal,10.5
Porto Velho,10 a 17 anos,1620.0,Mais de quinze minutos até meia hora,Total,1101,11,Rondônia,23.0
Ji-Paraná,10 a 17 anos,1563.0,Mais de quinze minutos até meia hora,Total,1102,11,Rondônia,23.0
Rio Branco,10 a 17 anos,652.0,Mais de quinze minutos até meia hora,Total,1201,12,Acre,23.0
Cruzeiro do Sul,10 a 17 anos,326.0,Mais de quinze minutos até meia hora,Total,1202,12,Acre,23.0
Manaus,10 a 17 anos,2886.0,Mais de quinze minutos até meia hora,Total,1301,13,Amazonas,23.0
Tefé,10 a 17 anos,896.0,Mais de quinze minutos até meia hora,Total,1302,13,Amazonas,23.0
Lábrea,10 a 17 anos,563.0,Mais de quinze minutos até meia hora,Total,1303,13,Amazonas,23.0
Parintins,10 a 17 anos,389.0,Mais de quinze minutos até meia hora,Total,1304,13,Amazonas,23.0
Boa Vista,10 a 17 anos,762.0,Mais de quinze minutos até meia hora,Total,1401,14,Roraima,23.0
Rorainópolis - Caracaraí,10 a 17 anos,118.0,Mais de quinze minutos até meia hora,Total,1402,14,Roraima,23.0
Belém,10 a 17 anos,3315.0,Mais de quinze minutos até meia hora,Total,1501,15,Pará,23.0
Castanhal,10 a 17 anos,2204.0,Mais de quinze minutos até meia hora,Total,1502,15,Pará,23.0
Marabá,10 a 17 anos,3106.0,Mais de quinze minutos até meia hora,Total,1503,15,Pará,23.0
Redenção,10 a 17 anos,1188.0,Mais de quinze minutos até meia hora,Total,1504,15,Pará,23.0
Santarém,10 a 17 anos,1744.0,Mais de quinze minutos até meia hora,Total,1505,15,Pará,23.0
Altamira,10 a 17 anos,745.0,Mais de quinze minutos até meia hora,Total,1506,15,Pará,23.0
Breves,10 a 17 anos,545.0,Mais de quinze minutos até meia hora,Total,1507,15,Pará,23.0
Macapá,10 a 17 anos,761.0,Mais de quinze minutos até meia hora,Total,1601,16,Amapá,23.0
Oiapoque - Porto Grande,10 a 17 anos,210.0,Mais de quinze minutos até meia hora,Total,1602,16,Amapá,23.0
Palmas,10 a 17 anos,1218.0,Mais de quinze minutos até meia hora,Total,1701,17,Tocantins,23.0
Araguaína,10 a 17 anos,1308.0,Mais de quinze minutos até meia hora,Total,1702,17,Tocantins,23.0
Gurupi,10 a 17 anos,465.0,Mais de quinze minutos até meia hora,Total,1703,17,Tocantins,23.0
São Luís,10 a 17 anos,3150.0,Mais de quinze minutos até meia hora,Total,2101,21,Maranhão,23.0
Santa Inês - Bacabal,10 a 17 anos,2279.0,Mais de quinze minutos até meia hora,Total,2102,21,Maranhão,23.0
Caxias,10 a 17 anos,972.0,Mais de quinze minutos até meia hora,Total,2103,21,Maranhão,23.0
Presidente Dutra,10 a 17 anos,782.0,Mais de quinze minutos até meia hora,Total,2104,21,Maranhão,23.0
Imperatriz,10 a 17 anos,2779.0,Mais de quinze minutos até meia hora,Total,2105,21,Maranhão,23.0
Teresina,10 a 17 anos,1639.0,Mais de quinze minutos até meia hora,Total,2201,22,Piauí,23.0
Parnaíba,10 a 17 anos,716.0,Mais de quinze minutos até meia hora,Total,2202,22,Piauí,23.0
Picos,10 a 17 anos,577.0,Mais de quinze minutos até meia hora,Total,2203,22,Piauí,23.0
São Raimundo Nonato,10 a 17 anos,128.0,Mais de quinze minutos até meia hora,Total,2204,22,Piauí,23.0
Corrente - Bom Jesus,10 a 17 anos,326.0,Mais de quinze minutos até meia hora,Total,2205,22,Piauí,23.0
Floriano,10 a 17 anos,265.0,Mais de quinze minutos até meia hora,Total,2206,22,Piauí,23.0
Fortaleza,10 a 17 anos,3829.0,Mais de quinze minutos até meia hora,Total,2301,23,Ceará,23.0
Quixadá,10 a 17 anos,682.0,Mais de quinze minutos até meia hora,Total,2302,23,Ceará,23.0
Iguatu,10 a 17 anos,352.0,Mais de quinze minutos até meia hora,Total,2303,23,Ceará,23.0
Juazeiro do Norte,10 a 17 anos,1217.0,Mais de quinze minutos até meia hora,Total,2304,23,Ceará,23.0
Crateús,10 a 17 anos,313.0,Mais de quinze minutos até meia hora,Total,2305,23,Ceará,23.0
Sobral,10 a 17 anos,1262.0,Mais de quinze minutos até meia hora,Total,2306,23,Ceará,23.0
Natal,10 a 17 anos,1873.0,Mais de quinze minutos até meia hora,Total,2401,24,Rio Grande do Norte,23.0
Caicó,10 a 17 anos,164.0,Mais de quinze minutos até meia hora,Total,2402,24,Rio Grande do Norte,23.0
Mossoró,10 a 17 anos,598.0,Mais de quinze minutos até meia hora,Total,2403,24,Rio Grande do Norte,23.0
João Pessoa,10 a 17 anos,1717.0,Mais de quinze minutos até meia hora,Total,2501,25,Paraíba,23.0
Campina Grande,10 a 17 anos,1056.0,Mais de quinze minutos até meia hora,Total,2502,25,Paraíba,23.0
Patos,10 a 17 anos,533.0,Mais de quinze minutos até meia hora,Total,2503,25,Paraíba,23.0
Sousa - Cajazeiras,10 a 17 anos,257.0,Mais de quinze minutos até meia hora,Total,2504,25,Paraíba,23.0
Recife,10 a 17 anos,3906.0,Mais de quinze minutos até meia hora,Total,2601,26,Pernambuco,23.0
Caruaru,10 a 17 anos,3480.0,Mais de quinze minutos até meia hora,Total,2602,26,Pernambuco,23.0
Serra Talhada,10 a 17 anos,563.0,Mais de quinze minutos até meia hora,Total,2603,26,Pernambuco,23.0
Petrolina,10 a 17 anos,1645.0,Mais de quinze minutos até meia hora,Total,2604,26,Pernambuco,23.0
Maceió,10 a 17 anos,2187.0,Mais de quinze minutos até meia hora,Total,2701,27,Alagoas,23.0
Arapiraca,10 a 17 anos,1559.0,Mais de quinze minutos até meia hora,Total,2702,27,Alagoas,23.0
Aracaju,10 a 17 anos,1532.0,Mais de quinze minutos até meia hora,Total,2801,28,Sergipe,23.0
Itabaiana,10 a 17 anos,923.0,Mais de quinze minutos até meia hora,Total,2802,28,Sergipe,23.0
Salvador,10 a 17 anos,4728.0,Mais de quinze minutos até meia hora,Total,2901,29,Bahia,23.0
Santo Antônio de Jesus,10 a 17 anos,1304.0,Mais de quinze minutos até meia hora,Total,2902,29,Bahia,23.0
Ilhéus - Itabuna,10 a 17 anos,3781.0,Mais de quinze minutos até meia hora,Total,,,,23.0
Vitória da Conquista,10 a 17 anos,3265.0,Mais de quinze minutos até meia hora,Total,2904,29,Bahia,23.0
Guanambi,10 a 17 anos,1027.0,Mais de quinze minutos até meia hora,Total,2905,29,Bahia,23.0
Barreiras,10 a 17 anos,1415.0,Mais de quinze minutos até meia hora,Total,2906,29,Bahia,23.0
Irecê,10 a 17 anos,1508.0,Mais de quinze minutos até meia hora,Total,2907,29,Bahia,23.0
Juazeiro,10 a 17 anos,1363.0,Mais de quinze minutos até meia hora,Total,2908,29,Bahia,23.0
Paulo Afonso,10 a 17 anos,909.0,Mais de quinze minutos até meia hora,Total,2909,29,Bahia,23.0
Feira de Santana,10 a 17 anos,3970.0,Mais de quinze minutos até meia hora,Total,2910,29,Bahia,23.0
Belo Horizonte,10 a 17 anos,8786.0,Mais de quinze minutos até meia hora,Total,3101,31,Minas Gerais,23.0
Montes Claros,10 a 17 anos,2524.0,Mais de quinze minutos até meia hora,Total,3102,31,Minas Gerais,23.0
Teófilo Otoni,10 a 17 anos,2110.0,Mais de quinze minutos até meia hora,Total,3103,31,Minas Gerais,23.0
Governador Valadares,10 a 17 anos,1508.0,Mais de quinze minutos até meia hora,Total,3104,31,Minas Gerais,23.0
Ipatinga,10 a 17 anos,1841.0,Mais de quinze minutos até meia hora,Total,3105,31,Minas Gerais,23.0
Juíz de Fora,10 a 17 anos,3577.0,Mais de quinze minutos até meia hora,Total,3106,31,Minas Gerais,23.0
Barbacena,10 a 17 anos,1064.0,Mais de quinze minutos até meia hora,Total,3107,31,Minas Gerais,23.0
Varginha,10 a 17 anos,3847.0,Mais de quinze minutos até meia hora,Total,3108,31,Minas Gerais,23.0
Pouso Alegre,10 a 17 anos,2904.0,Mais de quinze minutos até meia hora,Total,3109,31,Minas Gerais,23.0
Uberaba,10 a 17 anos,1732.0,Mais de quinze minutos até meia hora,Total,3110,31,Minas Gerais,23.0
Uberlândia,10 a 17 anos,2160.0,Mais de quinze minutos até meia hora,Total,3111,31,Minas Gerais,23.0
Patos de Minas,10 a 17 anos,2270.0,Mais de quinze minutos até meia hora,Total,3112,31,Minas Gerais,23.0
Divinópolis,10 a 17 anos,4276.0,Mais de quinze minutos até meia hora,Total,3113,31,Minas Gerais,23.0
Vitória,10 a 17 anos,3586.0,Mais de quinze minutos até meia hora,Total,3201,32,Espírito Santo,23.0
São Mateus,10 a 17 anos,1499.0,Mais de quinze minutos até meia hora,Total,3202,32,Espírito Santo,23.0
Colatina,10 a 17 anos,758.0,Mais de quinze minutos até meia hora,Total,3203,32,Espírito Santo,23.0
Cachoeiro do Itapemirim,10 a 17 anos,1045.0,Mais de quinze minutos até meia hora,Total,3204,32,Espírito Santo,23.0
Rio de Janeiro,10 a 17 anos,7638.0,Mais de quinze minutos até meia hora,Total,3301,33,Rio de Janeiro,23.0
Volta Redonda - Barra Mansa,10 a 17 anos,1080.0,Mais de quinze minutos até meia hora,Total,3302,33,Rio de Janeiro,23.0
Petrópolis,10 a 17 anos,1080.0,Mais de quinze minutos até meia hora,Total,3303,33,Rio de Janeiro,23.0
Campos dos Goytacazes,10 a 17 anos,972.0,Mais de quinze minutos até meia hora,Total,3304,33,Rio de Janeiro,23.0
Macaé - Rio das Ostras - Cabo Frio,10 a 17 anos,1118.0,Mais de quinze minutos até meia hora,Total,3305,33,Rio de Janeiro,23.0
São Paulo,10 a 17 anos,24546.0,Mais de quinze minutos até meia hora,Total,3501,35,São Paulo,23.0
Sorocaba,10 a 17 anos,6170.0,Mais de quinze minutos até meia hora,Total,3502,35,São Paulo,23.0
Bauru,10 a 17 anos,3510.0,Mais de quinze minutos até meia hora,Total,3503,35,São Paulo,23.0
Marília,10 a 17 anos,1737.0,Mais de quinze minutos até meia hora,Total,3504,35,São Paulo,23.0
Presidente Prudente,10 a 17 anos,1239.0,Mais de quinze minutos até meia hora,Total,3505,35,São Paulo,23.0
Araçatuba,10 a 17 anos,1209.0,Mais de quinze minutos até meia hora,Total,3506,35,São Paulo,23.0
São José do Rio Preto,10 a 17 anos,2681.0,Mais de quinze minutos até meia hora,Total,3507,35,São Paulo,23.0
Ribeirão Preto,10 a 17 anos,5221.0,Mais de quinze minutos até meia hora,Total,3508,35,São Paulo,23.0
Araraquara,10 a 17 anos,1460.0,Mais de quinze minutos até meia hora,Total,3509,35,São Paulo,23.0
Campinas,10 a 17 anos,12357.0,Mais de quinze minutos até meia hora,Total,3510,35,São Paulo,23.0
São José dos Campos,10 a 17 anos,3940.0,Mais de quinze minutos até meia hora,Total,3511,35,São Paulo,23.0
Curitiba,10 a 17 anos,6402.0,Mais de quinze minutos até meia hora,Total,4101,41,Paraná,23.0
Guarapuava,10 a 17 anos,863.0,Mais de quinze minutos até meia hora,Total,4102,41,Paraná,23.0
Cascavel,10 a 17 anos,6107.0,Mais de quinze minutos até meia hora,Total,4103,41,Paraná,23.0
Maringá,10 a 17 anos,4101.0,Mais de quinze minutos até meia hora,Total,4104,41,Paraná,23.0
Londrina,10 a 17 anos,3986.0,Mais de quinze minutos até meia hora,Total,4105,41,Paraná,23.0
Ponta Grossa,10 a 17 anos,1877.0,Mais de quinze minutos até meia hora,Total,4106,41,Paraná,23.0
Florianópolis,10 a 17 anos,1994.0,Mais de quinze minutos até meia hora,Total,4201,42,Santa Catarina,23.0
Criciúma,10 a 17 anos,2646.0,Mais de quinze minutos até meia hora,Total,4202,42,Santa Catarina,23.0
Lages,10 a 17 anos,968.0,Mais de quinze minutos até meia hora,Total,4203,42,Santa Catarina,23.0
Chapecó,10 a 17 anos,3331.0,Mais de quinze minutos até meia hora,Total,4204,42,Santa Catarina,23.0
Caçador,10 a 17 anos,733.0,Mais de quinze minutos até meia hora,Total,4205,42,Santa Catarina,23.0
Joinville,10 a 17 anos,3735.0,Mais de quinze minutos até meia hora,Total,4206,42,Santa Catarina,23.0
Blumenau,10 a 17 anos,6274.0,Mais de quinze minutos até meia hora,Total,4207,42,Santa Catarina,23.0
Porto Alegre,10 a 17 anos,9415.0,Mais de quinze minutos até meia hora,Total,4301,43,Rio Grande do Sul,23.0
Pelotas,10 a 17 anos,1559.0,Mais de quinze minutos até meia hora,Total,4302,43,Rio Grande do Sul,23.0
Santa Maria,10 a 17 anos,1290.0,Mais de quinze minutos até meia hora,Total,4303,43,Rio Grande do Sul,23.0
Uruguaiana,10 a 17 anos,918.0,Mais de quinze minutos até meia hora,Total,4304,43,Rio Grande do Sul,23.0
Ijuí,10 a 17 anos,1624.0,Mais de quinze minutos até meia hora,Total,4305,43,Rio Grande do Sul,23.0
Passo Fundo,10 a 17 anos,3433.0,Mais de quinze minutos até meia hora,Total,4306,43,Rio Grande do Sul,23.0
Caxias do Sul,10 a 17 anos,4216.0,Mais de quinze minutos até meia hora,Total,4307,43,Rio Grande do Sul,23.0
Santa Cruz do Sul - Lajeado,10 a 17 anos,2243.0,Mais de quinze minutos até meia hora,Total,4308,43,Rio Grande do Sul,23.0
Campo Grande,10 a 17 anos,2778.0,Mais de quinze minutos até meia hora,Total,5001,50,Mato Grosso do Sul,23.0
Dourados,10 a 17 anos,2347.0,Mais de quinze minutos até meia hora,Total,5002,50,Mato Grosso do Sul,23.0
Corumbá,10 a 17 anos,766.0,Mais de quinze minutos até meia hora,Total,5003,50,Mato Grosso do Sul,23.0
Cuiabá,10 a 17 anos,3401.0,Mais de quinze minutos até meia hora,Total,5101,51,Mato Grosso,23.0
Cáceres,10 a 17 anos,505.0,Mais de quinze minutos até meia hora,Total,5102,51,Mato Grosso,23.0
Sinop,10 a 17 anos,3291.0,Mais de quinze minutos até meia hora,Total,5103,51,Mato Grosso,23.0
Barra do Garças,10 a 17 anos,962.0,Mais de quinze minutos até meia hora,Total,5104,51,Mato Grosso,23.0
Rondonópolis,10 a 17 anos,1448.0,Mais de quinze minutos até meia hora,Total,5105,51,Mato Grosso,23.0
Goiânia,10 a 17 anos,8262.0,Mais de quinze minutos até meia hora,Total,5201,52,Goiás,23.0
Itumbiara,10 a 17 anos,1121.0,Mais de quinze minutos até meia hora,Total,5202,52,Goiás,23.0
Rio Verde,10 a 17 anos,2059.0,Mais de quinze minutos até meia hora,Total,5203,52,Goiás,23.0
São Luís de Montes Belos - Iporá,10 a 17 anos,685.0,Mais de quinze minutos até meia hora,Total,5204,52,Goiás,23.0
Porangatu - Uruaçu,10 a 17 anos,1160.0,Mais de quinze minutos até meia hora,Total,5205,52,Goiás,23.0
Luziânia - Águas Lindas de Goiás,10 a 17 anos,2752.0,Mais de quinze minutos até meia hora,Total,5206,52,Goiás,23.0
Distrito Federal,10 a 17 anos,3685.0,Mais de quinze minutos até meia hora,Total,5301,53,Distrito Federal,23.0
Porto Velho,10 a 17 anos,565.0,Mais de quinze minutos até meia hora,Sem instrução e fundamental incompleto,1101,11,Rondônia,23.0
Ji-Paraná,10 a 17 anos,446.0,Mais de quinze minutos até meia hora,Sem instrução e fundamental incompleto,1102,11,Rondônia,23.0
Rio Branco,10 a 17 anos,326.0,Mais de quinze minutos até meia hora,Sem instrução e fundamental incompleto,1201,12,Acre,23.0
Cruzeiro do Sul,10 a 17 anos,158.0,Mais de quinze minutos até meia hora,Sem instrução e fundamental incompleto,1202,12,Acre,23.0
Manaus,10 a 17 anos,1035.0,Mais de quinze minutos até meia hora,Sem instrução e fundamental incompleto,1301,13,Amazonas,23.0
Tefé,10 a 17 anos,440.0,Mais de quinze minutos até meia hora,Sem instrução e fundamental incompleto,1302,13,Amazonas,23.0
Lábrea,10 a 17 anos,274.0,Mais de quinze minutos até meia hora,Sem instrução e fundamental incompleto,1303,13,Amazonas,23.0
Parintins,10 a 17 anos,214.0,Mais de quinze minutos até meia hora,Sem instrução e fundamental incompleto,1304,13,Amazonas,23.0
Boa Vista,10 a 17 anos,215.0,Mais de quinze minutos até meia hora,Sem instrução e fundamental incompleto,1401,14,Roraima,23.0
Rorainópolis - Caracaraí,10 a 17 anos,68.0,Mais de quinze minutos até meia hora,Sem instrução e fundamental incompleto,1402,14,Roraima,23.0
Belém,10 a 17 anos,1509.0,Mais de quinze minutos até meia hora,Sem instrução e fundamental incompleto,1501,15,Pará,23.0
Castanhal,10 a 17 anos,1156.0,Mais de quinze minutos até meia hora,Sem instrução e fundamental incompleto,1502,15,Pará,23.0
Marabá,10 a 17 anos,1327.0,Mais de quinze minutos até meia hora,Sem instrução e fundamental incompleto,1503,15,Pará,23.0
Redenção,10 a 17 anos,488.0,Mais de quinze minutos até meia hora,Sem instrução e fundamental incompleto,1504,15,Pará,23.0
Santarém,10 a 17 anos,729.0,Mais de quinze minutos até meia hora,Sem instrução e fundamental incompleto,1505,15,Pará,23.0
Altamira,10 a 17 anos,364.0,Mais de quinze minutos até meia hora,Sem instrução e fundamental incompleto,1506,15,Pará,23.0
Breves,10 a 17 anos,251.0,Mais de quinze minutos até meia hora,Sem instrução e fundamental incompleto,1507,15,Pará,23.0
Macapá,10 a 17 anos,312.0,Mais de quinze minutos até meia hora,Sem instrução e fundamental incompleto,1601,16,Amapá,23.0
Oiapoque - Porto Grande,10 a 17 anos,108.0,Mais de quinze minutos até meia hora,Sem instrução e fundamental incompleto,1602,16,Amapá,23.0
Palmas,10 a 17 anos,313.0,Mais de quinze minutos até meia hora,Sem instrução e fundamental incompleto,1701,17,Tocantins,23.0
Araguaína,10 a 17 anos,464.0,Mais de quinze minutos até meia hora,Sem instrução e fundamental incompleto,1702,17,Tocantins,23.0
Gurupi,10 a 17 anos,129.0,Mais de quinze minutos até meia hora,Sem instrução e fundamental incompleto,1703,17,Tocantins,23.0
São Luís,10 a 17 anos,1112.0,Mais de quinze minutos até meia hora,Sem instrução e fundamental incompleto,2101,21,Maranhão,23.0
Santa Inês - Bacabal,10 a 17 anos,1073.0,Mais de quinze minutos até meia hora,Sem instrução e fundamental incompleto,2102,21,Maranhão,23.0
Caxias,10 a 17 anos,392.0,Mais de quinze minutos até meia hora,Sem instrução e fundamental incompleto,2103,21,Maranhão,23.0
Presidente Dutra,10 a 17 anos,466.0,Mais de quinze minutos até meia hora,Sem instrução e fundamental incompleto,2104,21,Maranhão,23.0
Imperatriz,10 a 17 anos,1172.0,Mais de quinze minutos até meia hora,Sem instrução e fundamental incompleto,2105,21,Maranhão,23.0
Teresina,10 a 17 anos,419.0,Mais de quinze minutos até meia hora,Sem instrução e fundamental incompleto,2201,22,Piauí,23.0
Parnaíba,10 a 17 anos,354.0,Mais de quinze minutos até meia hora,Sem instrução e fundamental incompleto,2202,22,Piauí,23.0
Picos,10 a 17 anos,299.0,Mais de quinze minutos até meia hora,Sem instrução e fundamental incompleto,2203,22,Piauí,23.0
São Raimundo Nonato,10 a 17 anos,71.0,Mais de quinze minutos até meia hora,Sem instrução e fundamental incompleto,2204,22,Piauí,23.0
Corrente - Bom Jesus,10 a 17 anos,179.0,Mais de quinze minutos até meia hora,Sem instrução e fundamental incompleto,2205,22,Piauí,23.0
Floriano,10 a 17 anos,135.0,Mais de quinze minutos até meia hora,Sem instrução e fundamental incompleto,2206,22,Piauí,23.0
Fortaleza,10 a 17 anos,1074.0,Mais de quinze minutos até meia hora,Sem instrução e fundamental incompleto,2301,23,Ceará,23.0
Quixadá,10 a 17 anos,316.0,Mais de quinze minutos até meia hora,Sem instrução e fundamental incompleto,2302,23,Ceará,23.0
Iguatu,10 a 17 anos,135.0,Mais de quinze minutos até meia hora,Sem instrução e fundamental incompleto,2303,23,Ceará,23.0
Juazeiro do Norte,10 a 17 anos,338.0,Mais de quinze minutos até meia hora,Sem instrução e fundamental incompleto,2304,23,Ceará,23.0
Crateús,10 a 17 anos,88.0,Mais de quinze minutos até meia hora,Sem instrução e fundamental incompleto,2305,23,Ceará,23.0
Sobral,10 a 17 anos,331.0,Mais de quinze minutos até meia hora,Sem instrução e fundamental incompleto,2306,23,Ceará,23.0
Natal,10 a 17 anos,1008.0,Mais de quinze minutos até meia hora,Sem instrução e fundamental incompleto,2401,24,Rio Grande do Norte,23.0
Caicó,10 a 17 anos,69.0,Mais de quinze minutos até meia hora,Sem instrução e fundamental incompleto,2402,24,Rio Grande do Norte,23.0
Mossoró,10 a 17 anos,345.0,Mais de quinze minutos até meia hora,Sem instrução e fundamental incompleto,2403,24,Rio Grande do Norte,23.0
João Pessoa,10 a 17 anos,813.0,Mais de quinze minutos até meia hora,Sem instrução e fundamental incompleto,2501,25,Paraíba,23.0
Campina Grande,10 a 17 anos,559.0,Mais de quinze minutos até meia hora,Sem instrução e fundamental incompleto,2502,25,Paraíba,23.0
Patos,10 a 17 anos,306.0,Mais de quinze minutos até meia hora,Sem instrução e fundamental incompleto,2503,25,Paraíba,23.0
Sousa - Cajazeiras,10 a 17 anos,133.0,Mais de quinze minutos até meia hora,Sem instrução e fundamental incompleto,2504,25,Paraíba,23.0
Recife,10 a 17 anos,1649.0,Mais de quinze minutos até meia hora,Sem instrução e fundamental incompleto,2601,26,Pernambuco,23.0
Caruaru,10 a 17 anos,1707.0,Mais de quinze minutos até meia hora,Sem instrução e fundamental incompleto,2602,26,Pernambuco,23.0
Serra Talhada,10 a 17 anos,253.0,Mais de quinze minutos até meia hora,Sem instrução e fundamental incompleto,2603,26,Pernambuco,23.0
Petrolina,10 a 17 anos,661.0,Mais de quinze minutos até meia hora,Sem instrução e fundamental incompleto,2604,26,Pernambuco,23.0
Maceió,10 a 17 anos,906.0,Mais de quinze minutos até meia hora,Sem instrução e fundamental incompleto,2701,27,Alagoas,23.0
Arapiraca,10 a 17 anos,624.0,Mais de quinze minutos até meia hora,Sem instrução e fundamental incompleto,2702,27,Alagoas,23.0
Aracaju,10 a 17 anos,690.0,Mais de quinze minutos até meia hora,Sem instrução e fundamental incompleto,2801,28,Sergipe,23.0
Itabaiana,10 a 17 anos,511.0,Mais de quinze minutos até meia hora,Sem instrução e fundamental incompleto,2802,28,Sergipe,23.0
Salvador,10 a 17 anos,1506.0,Mais de quinze minutos até meia hora,Sem instrução e fundamental incompleto,2901,29,Bahia,23.0
Santo Antônio de Jesus,10 a 17 anos,575.0,Mais de quinze minutos até meia hora,Sem instrução e fundamental incompleto,2902,29,Bahia,23.0
Ilhéus - Itabuna,10 a 17 anos,1750.0,Mais de quinze minutos até meia hora,Sem instrução e fundamental incompleto,,,,23.0
Vitória da Conquista,10 a 17 anos,1477.0,Mais de quinze minutos até meia hora,Sem instrução e fundamental incompleto,2904,29,Bahia,23.0
Guanambi,10 a 17 anos,502.0,Mais de quinze minutos até meia hora,Sem instrução e fundamental incompleto,2905,29,Bahia,23.0
Barreiras,10 a 17 anos,552.0,Mais de quinze minutos até meia hora,Sem instrução e fundamental incompleto,2906,29,Bahia,23.0
Irecê,10 a 17 anos,676.0,Mais de quinze minutos até meia hora,Sem instrução e fundamental incompleto,2907,29,Bahia,23.0
Juazeiro,10 a 17 anos,617.0,Mais de quinze minutos até meia hora,Sem instrução e fundamental incompleto,2908,29,Bahia,23.0
Paulo Afonso,10 a 17 anos,533.0,Mais de quinze minutos até meia hora,Sem instrução e fundamental incompleto,2909,29,Bahia,23.0
Feira de Santana,10 a 17 anos,1770.0,Mais de quinze minutos até meia hora,Sem instrução e fundamental incompleto,2910,29,Bahia,23.0
Belo Horizonte,10 a 17 anos,2098.0,Mais de quinze minutos até meia hora,Sem instrução e fundamental incompleto,3101,31,Minas Gerais,23.0
Montes Claros,10 a 17 anos,642.0,Mais de quinze minutos até meia hora,Sem instrução e fundamental incompleto,3102,31,Minas Gerais,23.0
Teófilo Otoni,10 a 17 anos,609.0,Mais de quinze minutos até meia hora,Sem instrução e fundamental incompleto,3103,31,Minas Gerais,23.0
Governador Valadares,10 a 17 anos,539.0,Mais de quinze minutos até meia hora,Sem instrução e fundamental incompleto,3104,31,Minas Gerais,23.0
Ipatinga,10 a 17 anos,525.0,Mais de quinze minutos até meia hora,Sem instrução e fundamental incompleto,3105,31,Minas Gerais,23.0
Juíz de Fora,10 a 17 anos,1282.0,Mais de quinze minutos até meia hora,Sem instrução e fundamental incompleto,3106,31,Minas Gerais,23.0
Barbacena,10 a 17 anos,287.0,Mais de quinze minutos até meia hora,Sem instrução e fundamental incompleto,3107,31,Minas Gerais,23.0
Varginha,10 a 17 anos,988.0,Mais de quinze minutos até meia hora,Sem instrução e fundamental incompleto,3108,31,Minas Gerais,23.0
Pouso Alegre,10 a 17 anos,788.0,Mais de quinze minutos até meia hora,Sem instrução e fundamental incompleto,3109,31,Minas Gerais,23.0
Uberaba,10 a 17 anos,480.0,Mais de quinze minutos até meia hora,Sem instrução e fundamental incompleto,3110,31,Minas Gerais,23.0
Uberlândia,10 a 17 anos,543.0,Mais de quinze minutos até meia hora,Sem instrução e fundamental incompleto,3111,31,Minas Gerais,23.0
Patos de Minas,10 a 17 anos,677.0,Mais de quinze minutos até meia hora,Sem instrução e fundamental incompleto,3112,31,Minas Gerais,23.0
Divinópolis,10 a 17 anos,1039.0,Mais de quinze minutos até meia hora,Sem instrução e fundamental incompleto,3113,31,Minas Gerais,23.0
Vitória,10 a 17 anos,962.0,Mais de quinze minutos até meia hora,Sem instrução e fundamental incompleto,3201,32,Espírito Santo,23.0
São Mateus,10 a 17 anos,554.0,Mais de quinze minutos até meia hora,Sem instrução e fundamental incompleto,3202,32,Espírito Santo,23.0
Colatina,10 a 17 anos,261.0,Mais de quinze minutos até meia hora,Sem instrução e fundamental incompleto,3203,32,Espírito Santo,23.0
Cachoeiro do Itapemirim,10 a 17 anos,337.0,Mais de quinze minutos até meia hora,Sem instrução e fundamental incompleto,3204,32,Espírito Santo,23.0
Rio de Janeiro,10 a 17 anos,2622.0,Mais de quinze minutos até meia hora,Sem instrução e fundamental incompleto,3301,33,Rio de Janeiro,23.0
Volta Redonda - Barra Mansa,10 a 17 anos,387.0,Mais de quinze minutos até meia hora,Sem instrução e fundamental incompleto,3302,33,Rio de Janeiro,23.0
Petrópolis,10 a 17 anos,307.0,Mais de quinze minutos até meia hora,Sem instrução e fundamental incompleto,3303,33,Rio de Janeiro,23.0
Campos dos Goytacazes,10 a 17 anos,240.0,Mais de quinze minutos até meia hora,Sem instrução e fundamental incompleto,3304,33,Rio de Janeiro,23.0
Macaé - Rio das Ostras - Cabo Frio,10 a 17 anos,415.0,Mais de quinze minutos até meia hora,Sem instrução e fundamental incompleto,3305,33,Rio de Janeiro,23.0
São Paulo,10 a 17 anos,4380.0,Mais de quinze minutos até meia hora,Sem instrução e fundamental incompleto,3501,35,São Paulo,23.0
Sorocaba,10 a 17 anos,866.0,Mais de quinze minutos até meia hora,Sem instrução e fundamental incompleto,3502,35,São Paulo,23.0
Bauru,10 a 17 anos,362.0,Mais de quinze minutos até meia hora,Sem instrução e fundamental incompleto,3503,35,São Paulo,23.0
Marília,10 a 17 anos,176.0,Mais de quinze minutos até meia hora,Sem instrução e fundamental incompleto,3504,35,São Paulo,23.0
Presidente Prudente,10 a 17 anos,161.0,Mais de quinze minutos até meia hora,Sem instrução e fundamental incompleto,3505,35,São Paulo,23.0
Araçatuba,10 a 17 anos,227.0,Mais de quinze minutos até meia hora,Sem instrução e fundamental incompleto,3506,35,São Paulo,23.0
São José do Rio Preto,10 a 17 anos,426.0,Mais de quinze minutos até meia hora,Sem instrução e fundamental incompleto,3507,35,São Paulo,23.0
Ribeirão Preto,10 a 17 anos,945.0,Mais de quinze minutos até meia hora,Sem instrução e fundamental incompleto,3508,35,São Paulo,23.0
Araraquara,10 a 17 anos,229.0,Mais de quinze minutos até meia hora,Sem instrução e fundamental incompleto,3509,35,São Paulo,23.0
Campinas,10 a 17 anos,1638.0,Mais de quinze minutos até meia hora,Sem instrução e fundamental incompleto,3510,35,São Paulo,23.0
São José dos Campos,10 a 17 anos,513.0,Mais de quinze minutos até meia hora,Sem instrução e fundamental incompleto,3511,35,São Paulo,23.0
Curitiba,10 a 17 anos,956.0,Mais de quinze minutos até meia hora,Sem instrução e fundamental incompleto,4101,41,Paraná,23.0
Guarapuava,10 a 17 anos,175.0,Mais de quinze minutos até meia hora,Sem instrução e fundamental incompleto,4102,41,Paraná,23.0
Cascavel,10 a 17 anos,983.0,Mais de quinze minutos até meia hora,Sem instrução e fundamental incompleto,4103,41,Paraná,23.0
Maringá,10 a 17 anos,894.0,Mais de quinze minutos até meia hora,Sem instrução e fundamental incompleto,4104,41,Paraná,23.0
Londrina,10 a 17 anos,798.0,Mais de quinze minutos até meia hora,Sem instrução e fundamental incompleto,4105,41,Paraná,23.0
Ponta Grossa,10 a 17 anos,201.0,Mais de quinze minutos até meia hora,Sem instrução e fundamental incompleto,4106,41,Paraná,23.0
Florianópolis,10 a 17 anos,347.0,Mais de quinze minutos até meia hora,Sem instrução e fundamental incompleto,4201,42,Santa Catarina,23.0
Criciúma,10 a 17 anos,688.0,Mais de quinze minutos até meia hora,Sem instrução e fundamental incompleto,4202,42,Santa Catarina,23.0
Lages,10 a 17 anos,299.0,Mais de quinze minutos até meia hora,Sem instrução e fundamental incompleto,4203,42,Santa Catarina,23.0
Chapecó,10 a 17 anos,741.0,Mais de quinze minutos até meia hora,Sem instrução e fundamental incompleto,4204,42,Santa Catarina,23.0
Caçador,10 a 17 anos,246.0,Mais de quinze minutos até meia hora,Sem instrução e fundamental incompleto,4205,42,Santa Catarina,23.0
Joinville,10 a 17 anos,507.0,Mais de quinze minutos até meia hora,Sem instrução e fundamental incompleto,4206,42,Santa Catarina,23.0
Blumenau,10 a 17 anos,1130.0,Mais de quinze minutos até meia hora,Sem instrução e fundamental incompleto,4207,42,Santa Catarina,23.0
Porto Alegre,10 a 17 anos,2223.0,Mais de quinze minutos até meia hora,Sem instrução e fundamental incompleto,4301,43,Rio Grande do Sul,23.0
Pelotas,10 a 17 anos,489.0,Mais de quinze minutos até meia hora,Sem instrução e fundamental incompleto,4302,43,Rio Grande do Sul,23.0
Santa Maria,10 a 17 anos,340.0,Mais de quinze minutos até meia hora,Sem instrução e fundamental incompleto,4303,43,Rio Grande do Sul,23.0
Uruguaiana,10 a 17 anos,190.0,Mais de quinze minutos até meia hora,Sem instrução e fundamental incompleto,4304,43,Rio Grande do Sul,23.0
Ijuí,10 a 17 anos,445.0,Mais de quinze minutos até meia hora,Sem instrução e fundamental incompleto,4305,43,Rio Grande do Sul,23.0
Passo Fundo,10 a 17 anos,774.0,Mais de quinze minutos até meia hora,Sem instrução e fundamental incompleto,4306,43,Rio Grande do Sul,23.0
Caxias do Sul,10 a 17 anos,787.0,Mais de quinze minutos até meia hora,Sem instrução e fundamental incompleto,4307,43,Rio Grande do Sul,23.0
Santa Cruz do Sul - Lajeado,10 a 17 anos,456.0,Mais de quinze minutos até meia hora,Sem instrução e fundamental incompleto,4308,43,Rio Grande do Sul,23.0
Campo Grande,10 a 17 anos,814.0,Mais de quinze minutos até meia hora,Sem instrução e fundamental incompleto,5001,50,Mato Grosso do Sul,23.0
Dourados,10 a 17 anos,955.0,Mais de quinze minutos até meia hora,Sem instrução e fundamental incompleto,5002,50,Mato Grosso do Sul,23.0
Corumbá,10 a 17 anos,213.0,Mais de quinze minutos até meia hora,Sem instrução e fundamental incompleto,5003,50,Mato Grosso do Sul,23.0
Cuiabá,10 a 17 anos,766.0,Mais de quinze minutos até meia hora,Sem instrução e fundamental incompleto,5101,51,Mato Grosso,23.0
Cáceres,10 a 17 anos,131.0,Mais de quinze minutos até meia hora,Sem instrução e fundamental incompleto,5102,51,Mato Grosso,23.0
Sinop,10 a 17 anos,850.0,Mais de quinze minutos até meia hora,Sem instrução e fundamental incompleto,5103,51,Mato Grosso,23.0
Barra do Garças,10 a 17 anos,264.0,Mais de quinze minutos até meia hora,Sem instrução e fundamental incompleto,5104,51,Mato Grosso,23.0
Rondonópolis,10 a 17 anos,301.0,Mais de quinze minutos até meia hora,Sem instrução e fundamental incompleto,5105,51,Mato Grosso,23.0
Goiânia,10 a 17 anos,2182.0,Mais de quinze minutos até meia hora,Sem instrução e fundamental incompleto,5201,52,Goiás,23.0
Itumbiara,10 a 17 anos,281.0,Mais de quinze minutos até meia hora,Sem instrução e fundamental incompleto,5202,52,Goiás,23.0
Rio Verde,10 a 17 anos,518.0,Mais de quinze minutos até meia hora,Sem instrução e fundamental incompleto,5203,52,Goiás,23.0
São Luís de Montes Belos - Iporá,10 a 17 anos,215.0,Mais de quinze minutos até meia hora,Sem instrução e fundamental incompleto,5204,52,Goiás,23.0
Porangatu - Uruaçu,10 a 17 anos,356.0,Mais de quinze minutos até meia hora,Sem instrução e fundamental incompleto,5205,52,Goiás,23.0
Luziânia - Águas Lindas de Goiás,10 a 17 anos,774.0,Mais de quinze minutos até meia hora,Sem instrução e fundamental incompleto,5206,52,Goiás,23.0
Distrito Federal,10 a 17 anos,675.0,Mais de quinze minutos até meia hora,Sem instrução e fundamental incompleto,5301,53,Distrito Federal,23.0
Porto Velho,10 a 17 anos,1015.0,Mais de quinze minutos até meia hora,Fundamental completo e médio incompleto,1101,11,Rondônia,23.0
Ji-Paraná,10 a 17 anos,1081.0,Mais de quinze minutos até meia hora,Fundamental completo e médio incompleto,1102,11,Rondônia,23.0
Rio Branco,10 a 17 anos,309.0,Mais de quinze minutos até meia hora,Fundamental completo e médio incompleto,1201,12,Acre,23.0
Cruzeiro do Sul,10 a 17 anos,168.0,Mais de quinze minutos até meia hora,Fundamental completo e médio incompleto,1202,12,Acre,23.0
Manaus,10 a 17 anos,1679.0,Mais de quinze minutos até meia hora,Fundamental completo e médio incompleto,1301,13,Amazonas,23.0
Tefé,10 a 17 anos,440.0,Mais de quinze minutos até meia hora,Fundamental completo e médio incompleto,1302,13,Amazonas,23.0
Lábrea,10 a 17 anos,286.0,Mais de quinze minutos até meia hora,Fundamental completo e médio incompleto,1303,13,Amazonas,23.0
Parintins,10 a 17 anos,168.0,Mais de quinze minutos até meia hora,Fundamental completo e médio incompleto,1304,13,Amazonas,23.0
Boa Vista,10 a 17 anos,482.0,Mais de quinze minutos até meia hora,Fundamental completo e médio incompleto,1401,14,Roraima,23.0
Rorainópolis - Caracaraí,10 a 17 anos,45.0,Mais de quinze minutos até meia hora,Fundamental completo e médio incompleto,1402,14,Roraima,23.0
Belém,10 a 17 anos,1696.0,Mais de quinze minutos até meia hora,Fundamental completo e médio incompleto,1501,15,Pará,23.0
Castanhal,10 a 17 anos,1003.0,Mais de quinze minutos até meia hora,Fundamental completo e médio incompleto,1502,15,Pará,23.0
Marabá,10 a 17 anos,1664.0,Mais de quinze minutos até meia hora,Fundamental completo e médio incompleto,1503,15,Pará,23.0
Redenção,10 a 17 anos,676.0,Mais de quinze minutos até meia hora,Fundamental completo e médio incompleto,1504,15,Pará,23.0
Santarém,10 a 17 anos,952.0,Mais de quinze minutos até meia hora,Fundamental completo e médio incompleto,1505,15,Pará,23.0
Altamira,10 a 17 anos,369.0,Mais de quinze minutos até meia hora,Fundamental completo e médio incompleto,1506,15,Pará,23.0
Breves,10 a 17 anos,293.0,Mais de quinze minutos até meia hora,Fundamental completo e médio incompleto,1507,15,Pará,23.0
Macapá,10 a 17 anos,338.0,Mais de quinze minutos até meia hora,Fundamental completo e médio incompleto,1601,16,Amapá,23.0
Oiapoque - Porto Grande,10 a 17 anos,96.0,Mais de quinze minutos até meia hora,Fundamental completo e médio incompleto,1602,16,Amapá,23.0
Palmas,10 a 17 anos,848.0,Mais de quinze minutos até meia hora,Fundamental completo e médio incompleto,1701,17,Tocantins,23.0
Araguaína,10 a 17 anos,815.0,Mais de quinze minutos até meia hora,Fundamental completo e médio incompleto,1702,17,Tocantins,23.0
Gurupi,10 a 17 anos,321.0,Mais de quinze minutos até meia hora,Fundamental completo e médio incompleto,1703,17,Tocantins,23.0
São Luís,10 a 17 anos,1927.0,Mais de quinze minutos até meia hora,Fundamental completo e médio incompleto,2101,21,Maranhão,23.0
Santa Inês - Bacabal,10 a 17 anos,1146.0,Mais de quinze minutos até meia hora,Fundamental completo e médio incompleto,2102,21,Maranhão,23.0
Caxias,10 a 17 anos,521.0,Mais de quinze minutos até meia hora,Fundamental completo e médio incompleto,2103,21,Maranhão,23.0
Presidente Dutra,10 a 17 anos,312.0,Mais de quinze minutos até meia hora,Fundamental completo e médio incompleto,2104,21,Maranhão,23.0
Imperatriz,10 a 17 anos,1519.0,Mais de quinze minutos até meia hora,Fundamental completo e médio incompleto,2105,21,Maranhão,23.0
Teresina,10 a 17 anos,1103.0,Mais de quinze minutos até meia hora,Fundamental completo e médio incompleto,2201,22,Piauí,23.0
Parnaíba,10 a 17 anos,348.0,Mais de quinze minutos até meia hora,Fundamental completo e médio incompleto,2202,22,Piauí,23.0
Picos,10 a 17 anos,271.0,Mais de quinze minutos até meia hora,Fundamental completo e médio incompleto,2203,22,Piauí,23.0
São Raimundo Nonato,10 a 17 anos,56.0,Mais de quinze minutos até meia hora,Fundamental completo e médio incompleto,2204,22,Piauí,23.0
Corrente - Bom Jesus,10 a 17 anos,145.0,Mais de quinze minutos até meia hora,Fundamental completo e médio incompleto,2205,22,Piauí,23.0
Floriano,10 a 17 anos,123.0,Mais de quinze minutos até meia hora,Fundamental completo e médio incompleto,2206,22,Piauí,23.0
Fortaleza,10 a 17 anos,2556.0,Mais de quinze minutos até meia hora,Fundamental completo e médio incompleto,2301,23,Ceará,23.0
Quixadá,10 a 17 anos,352.0,Mais de quinze minutos até meia hora,Fundamental completo e médio incompleto,2302,23,Ceará,23.0
Iguatu,10 a 17 anos,218.0,Mais de quinze minutos até meia hora,Fundamental completo e médio incompleto,2303,23,Ceará,23.0
Juazeiro do Norte,10 a 17 anos,804.0,Mais de quinze minutos até meia hora,Fundamental completo e médio incompleto,2304,23,Ceará,23.0
Crateús,10 a 17 anos,225.0,Mais de quinze minutos até meia hora,Fundamental completo e médio incompleto,2305,23,Ceará,23.0
Sobral,10 a 17 anos,887.0,Mais de quinze minutos até meia hora,Fundamental completo e médio incompleto,2306,23,Ceará,23.0
Natal,10 a 17 anos,828.0,Mais de quinze minutos até meia hora,Fundamental completo e médio incompleto,2401,24,Rio Grande do Norte,23.0
Caicó,10 a 17 anos,95.0,Mais de quinze minutos até meia hora,Fundamental completo e médio incompleto,2402,24,Rio Grande do Norte,23.0
Mossoró,10 a 17 anos,215.0,Mais de quinze minutos até meia hora,Fundamental completo e médio incompleto,2403,24,Rio Grande do Norte,23.0
João Pessoa,10 a 17 anos,800.0,Mais de quinze minutos até meia hora,Fundamental completo e médio incompleto,2501,25,Paraíba,23.0
Campina Grande,10 a 17 anos,468.0,Mais de quinze minutos até meia hora,Fundamental completo e médio incompleto,2502,25,Paraíba,23.0
Patos,10 a 17 anos,200.0,Mais de quinze minutos até meia hora,Fundamental completo e médio incompleto,2503,25,Paraíba,23.0
Sousa - Cajazeiras,10 a 17 anos,124.0,Mais de quinze minutos até meia hora,Fundamental completo e médio incompleto,2504,25,Paraíba,23.0
Recife,10 a 17 anos,2116.0,Mais de quinze minutos até meia hora,Fundamental completo e médio incompleto,2601,26,Pernambuco,23.0
Caruaru,10 a 17 anos,1682.0,Mais de quinze minutos até meia hora,Fundamental completo e médio incompleto,2602,26,Pernambuco,23.0
Serra Talhada,10 a 17 anos,285.0,Mais de quinze minutos até meia hora,Fundamental completo e médio incompleto,2603,26,Pernambuco,23.0
Petrolina,10 a 17 anos,924.0,Mais de quinze minutos até meia hora,Fundamental completo e médio incompleto,2604,26,Pernambuco,23.0
Maceió,10 a 17 anos,1143.0,Mais de quinze minutos até meia hora,Fundamental completo e médio incompleto,2701,27,Alagoas,23.0
Arapiraca,10 a 17 anos,874.0,Mais de quinze minutos até meia hora,Fundamental completo e médio incompleto,2702,27,Alagoas,23.0
Aracaju,10 a 17 anos,820.0,Mais de quinze minutos até meia hora,Fundamental completo e médio incompleto,2801,28,Sergipe,23.0
Itabaiana,10 a 17 anos,383.0,Mais de quinze minutos até meia hora,Fundamental completo e médio incompleto,2802,28,Sergipe,23.0
Salvador,10 a 17 anos,2961.0,Mais de quinze minutos até meia hora,Fundamental completo e médio incompleto,2901,29,Bahia,23.0
Santo Antônio de Jesus,10 a 17 anos,707.0,Mais de quinze minutos até meia hora,Fundamental completo e médio incompleto,2902,29,Bahia,23.0
Ilhéus - Itabuna,10 a 17 anos,1919.0,Mais de quinze minutos até meia hora,Fundamental completo e médio incompleto,,,,23.0
Vitória da Conquista,10 a 17 anos,1637.0,Mais de quinze minutos até meia hora,Fundamental completo e médio incompleto,2904,29,Bahia,23.0
Guanambi,10 a 17 anos,513.0,Mais de quinze minutos até meia hora,Fundamental completo e médio incompleto,2905,29,Bahia,23.0
Barreiras,10 a 17 anos,779.0,Mais de quinze minutos até meia hora,Fundamental completo e médio incompleto,2906,29,Bahia,23.0
Irecê,10 a 17 anos,761.0,Mais de quinze minutos até meia hora,Fundamental completo e médio incompleto,2907,29,Bahia,23.0
Juazeiro,10 a 17 anos,662.0,Mais de quinze minutos até meia hora,Fundamental completo e médio incompleto,2908,29,Bahia,23.0
Paulo Afonso,10 a 17 anos,338.0,Mais de quinze minutos até meia hora,Fundamental completo e médio incompleto,2909,29,Bahia,23.0
Feira de Santana,10 a 17 anos,2032.0,Mais de quinze minutos até meia hora,Fundamental completo e médio incompleto,2910,29,Bahia,23.0
Belo Horizonte,10 a 17 anos,6189.0,Mais de quinze minutos até meia hora,Fundamental completo e médio incompleto,3101,31,Minas Gerais,23.0
Montes Claros,10 a 17 anos,1793.0,Mais de quinze minutos até meia hora,Fundamental completo e médio incompleto,3102,31,Minas Gerais,23.0
Teófilo Otoni,10 a 17 anos,1439.0,Mais de quinze minutos até meia hora,Fundamental completo e médio incompleto,3103,31,Minas Gerais,23.0
Governador Valadares,10 a 17 anos,896.0,Mais de quinze minutos até meia hora,Fundamental completo e médio incompleto,3104,31,Minas Gerais,23.0
Ipatinga,10 a 17 anos,1154.0,Mais de quinze minutos até meia hora,Fundamental completo e médio incompleto,3105,31,Minas Gerais,23.0
Juíz de Fora,10 a 17 anos,2138.0,Mais de quinze minutos até meia hora,Fundamental completo e médio incompleto,3106,31,Minas Gerais,23.0
Barbacena,10 a 17 anos,728.0,Mais de quinze minutos até meia hora,Fundamental completo e médio incompleto,3107,31,Minas Gerais,23.0
Varginha,10 a 17 anos,2728.0,Mais de quinze minutos até meia hora,Fundamental completo e médio incompleto,3108,31,Minas Gerais,23.0
Pouso Alegre,10 a 17 anos,1942.0,Mais de quinze minutos até meia hora,Fundamental completo e médio incompleto,3109,31,Minas Gerais,23.0
Uberaba,10 a 17 anos,1147.0,Mais de quinze minutos até meia hora,Fundamental completo e médio incompleto,3110,31,Minas Gerais,23.0
Uberlândia,10 a 17 anos,1411.0,Mais de quinze minutos até meia hora,Fundamental completo e médio incompleto,3111,31,Minas Gerais,23.0
Patos de Minas,10 a 17 anos,1525.0,Mais de quinze minutos até meia hora,Fundamental completo e médio incompleto,3112,31,Minas Gerais,23.0
Divinópolis,10 a 17 anos,3037.0,Mais de quinze minutos até meia hora,Fundamental completo e médio incompleto,3113,31,Minas Gerais,23.0
Vitória,10 a 17 anos,2537.0,Mais de quinze minutos até meia hora,Fundamental completo e médio incompleto,3201,32,Espírito Santo,23.0
São Mateus,10 a 17 anos,843.0,Mais de quinze minutos até meia hora,Fundamental completo e médio incompleto,3202,32,Espírito Santo,23.0
Colatina,10 a 17 anos,490.0,Mais de quinze minutos até meia hora,Fundamental completo e médio incompleto,3203,32,Espírito Santo,23.0
Cachoeiro do Itapemirim,10 a 17 anos,669.0,Mais de quinze minutos até meia hora,Fundamental completo e médio incompleto,3204,32,Espírito Santo,23.0
Rio de Janeiro,10 a 17 anos,4681.0,Mais de quinze minutos até meia hora,Fundamental completo e médio incompleto,3301,33,Rio de Janeiro,23.0
Volta Redonda - Barra Mansa,10 a 17 anos,684.0,Mais de quinze minutos até meia hora,Fundamental completo e médio incompleto,3302,33,Rio de Janeiro,23.0
Petrópolis,10 a 17 anos,726.0,Mais de quinze minutos até meia hora,Fundamental completo e médio incompleto,3303,33,Rio de Janeiro,23.0
Campos dos Goytacazes,10 a 17 anos,684.0,Mais de quinze minutos até meia hora,Fundamental completo e médio incompleto,3304,33,Rio de Janeiro,23.0
Macaé - Rio das Ostras - Cabo Frio,10 a 17 anos,679.0,Mais de quinze minutos até meia hora,Fundamental completo e médio incompleto,3305,33,Rio de Janeiro,23.0
São Paulo,10 a 17 anos,17709.0,Mais de quinze minutos até meia hora,Fundamental completo e médio incompleto,3501,35,São Paulo,23.0
Sorocaba,10 a 17 anos,4592.0,Mais de quinze minutos até meia hora,Fundamental completo e médio incompleto,3502,35,São Paulo,23.0
Bauru,10 a 17 anos,2923.0,Mais de quinze minutos até meia hora,Fundamental completo e médio incompleto,3503,35,São Paulo,23.0
Marília,10 a 17 anos,1459.0,Mais de quinze minutos até meia hora,Fundamental completo e médio incompleto,3504,35,São Paulo,23.0
Presidente Prudente,10 a 17 anos,979.0,Mais de quinze minutos até meia hora,Fundamental completo e médio incompleto,3505,35,São Paulo,23.0
Araçatuba,10 a 17 anos,916.0,Mais de quinze minutos até meia hora,Fundamental completo e médio incompleto,3506,35,São Paulo,23.0
São José do Rio Preto,10 a 17 anos,2078.0,Mais de quinze minutos até meia hora,Fundamental completo e médio incompleto,3507,35,São Paulo,23.0
Ribeirão Preto,10 a 17 anos,3955.0,Mais de quinze minutos até meia hora,Fundamental completo e médio incompleto,3508,35,São Paulo,23.0
Araraquara,10 a 17 anos,1036.0,Mais de quinze minutos até meia hora,Fundamental completo e médio incompleto,3509,35,São Paulo,23.0
Campinas,10 a 17 anos,9624.0,Mais de quinze minutos até meia hora,Fundamental completo e médio incompleto,3510,35,São Paulo,23.0
São José dos Campos,10 a 17 anos,3209.0,Mais de quinze minutos até meia hora,Fundamental completo e médio incompleto,3511,35,São Paulo,23.0
Curitiba,10 a 17 anos,4573.0,Mais de quinze minutos até meia hora,Fundamental completo e médio incompleto,4101,41,Paraná,23.0
Guarapuava,10 a 17 anos,649.0,Mais de quinze minutos até meia hora,Fundamental completo e médio incompleto,4102,41,Paraná,23.0
Cascavel,10 a 17 anos,4320.0,Mais de quinze minutos até meia hora,Fundamental completo e médio incompleto,4103,41,Paraná,23.0
Maringá,10 a 17 anos,2740.0,Mais de quinze minutos até meia hora,Fundamental completo e médio incompleto,4104,41,Paraná,23.0
Londrina,10 a 17 anos,2734.0,Mais de quinze minutos até meia hora,Fundamental completo e médio incompleto,4105,41,Paraná,23.0
Ponta Grossa,10 a 17 anos,1456.0,Mais de quinze minutos até meia hora,Fundamental completo e médio incompleto,4106,41,Paraná,23.0
Florianópolis,10 a 17 anos,1537.0,Mais de quinze minutos até meia hora,Fundamental completo e médio incompleto,4201,42,Santa Catarina,23.0
Criciúma,10 a 17 anos,1847.0,Mais de quinze minutos até meia hora,Fundamental completo e médio incompleto,4202,42,Santa Catarina,23.0
Lages,10 a 17 anos,618.0,Mais de quinze minutos até meia hora,Fundamental completo e médio incompleto,4203,42,Santa Catarina,23.0
Chapecó,10 a 17 anos,2462.0,Mais de quinze minutos até meia hora,Fundamental completo e médio incompleto,4204,42,Santa Catarina,23.0
Caçador,10 a 17 anos,462.0,Mais de quinze minutos até meia hora,Fundamental completo e médio incompleto,4205,42,Santa Catarina,23.0
Joinville,10 a 17 anos,3004.0,Mais de quinze minutos até meia hora,Fundamental completo e médio incompleto,4206,42,Santa Catarina,23.0
Blumenau,10 a 17 anos,4740.0,Mais de quinze minutos até meia hora,Fundamental completo e médio incompleto,4207,42,Santa Catarina,23.0
Porto Alegre,10 a 17 anos,6899.0,Mais de quinze minutos até meia hora,Fundamental completo e médio incompleto,4301,43,Rio Grande do Sul,23.0
Pelotas,10 a 17 anos,1020.0,Mais de quinze minutos até meia hora,Fundamental completo e médio incompleto,4302,43,Rio Grande do Sul,23.0
Santa Maria,10 a 17 anos,913.0,Mais de quinze minutos até meia hora,Fundamental completo e médio incompleto,4303,43,Rio Grande do Sul,23.0
Uruguaiana,10 a 17 anos,650.0,Mais de quinze minutos até meia hora,Fundamental completo e médio incompleto,4304,43,Rio Grande do Sul,23.0
Ijuí,10 a 17 anos,1140.0,Mais de quinze minutos até meia hora,Fundamental completo e médio incompleto,4305,43,Rio Grande do Sul,23.0
Passo Fundo,10 a 17 anos,2495.0,Mais de quinze minutos até meia hora,Fundamental completo e médio incompleto,4306,43,Rio Grande do Sul,23.0
Caxias do Sul,10 a 17 anos,3208.0,Mais de quinze minutos até meia hora,Fundamental completo e médio incompleto,4307,43,Rio Grande do Sul,23.0
Santa Cruz do Sul - Lajeado,10 a 17 anos,1721.0,Mais de quinze minutos até meia hora,Fundamental completo e médio incompleto,4308,43,Rio Grande do Sul,23.0
Campo Grande,10 a 17 anos,1501.0,Mais de quinze minutos até meia hora,Fundamental completo e médio incompleto,5001,50,Mato Grosso do Sul,23.0
Dourados,10 a 17 anos,1282.0,Mais de quinze minutos até meia hora,Fundamental completo e médio incompleto,5002,50,Mato Grosso do Sul,23.0
Corumbá,10 a 17 anos,482.0,Mais de quinze minutos até meia hora,Fundamental completo e médio incompleto,5003,50,Mato Grosso do Sul,23.0
Cuiabá,10 a 17 anos,2373.0,Mais de quinze minutos até meia hora,Fundamental completo e médio incompleto,5101,51,Mato Grosso,23.0
Cáceres,10 a 17 anos,331.0,Mais de quinze minutos até meia hora,Fundamental completo e médio incompleto,5102,51,Mato Grosso,23.0
Sinop,10 a 17 anos,2219.0,Mais de quinze minutos até meia hora,Fundamental completo e médio incompleto,5103,51,Mato Grosso,23.0
Barra do Garças,10 a 17 anos,657.0,Mais de quinze minutos até meia hora,Fundamental completo e médio incompleto,5104,51,Mato Grosso,23.0
Rondonópolis,10 a 17 anos,996.0,Mais de quinze minutos até meia hora,Fundamental completo e médio incompleto,5105,51,Mato Grosso,23.0
Goiânia,10 a 17 anos,5577.0,Mais de quinze minutos até meia hora,Fundamental completo e médio incompleto,5201,52,Goiás,23.0
Itumbiara,10 a 17 anos,787.0,Mais de quinze minutos até meia hora,Fundamental completo e médio incompleto,5202,52,Goiás,23.0
Rio Verde,10 a 17 anos,1401.0,Mais de quinze minutos até meia hora,Fundamental completo e médio incompleto,5203,52,Goiás,23.0
São Luís de Montes Belos - Iporá,10 a 17 anos,417.0,Mais de quinze minutos até meia hora,Fundamental completo e médio incompleto,5204,52,Goiás,23.0
Porangatu - Uruaçu,10 a 17 anos,682.0,Mais de quinze minutos até meia hora,Fundamental completo e médio incompleto,5205,52,Goiás,23.0
Luziânia - Águas Lindas de Goiás,10 a 17 anos,1807.0,Mais de quinze minutos até meia hora,Fundamental completo e médio incompleto,5206,52,Goiás,23.0
Distrito Federal,10 a 17 anos,2794.0,Mais de quinze minutos até meia hora,Fundamental completo e médio incompleto,5301,53,Distrito Federal,23.0
Porto Velho,10 a 17 anos,41.0,Mais de quinze minutos até meia hora,Médio completo e superior incompleto,1101,11,Rondônia,23.0
Ji-Paraná,10 a 17 anos,36.0,Mais de quinze minutos até meia hora,Médio completo e superior incompleto,1102,11,Rondônia,23.0
Rio Branco,10 a 17 anos,18.0,Mais de quinze minutos até meia hora,Médio completo e superior incompleto,1201,12,Acre,23.0
Cruzeiro do Sul,10 a 17 anos,1.0,Mais de quinze minutos até meia hora,Médio completo e superior incompleto,1202,12,Acre,23.0
Manaus,10 a 17 anos,173.0,Mais de quinze minutos até meia hora,Médio completo e superior incompleto,1301,13,Amazonas,23.0
Tefé,10 a 17 anos,15.0,Mais de quinze minutos até meia hora,Médio completo e superior incompleto,1302,13,Amazonas,23.0
Lábrea,10 a 17 anos,4.0,Mais de quinze minutos até meia hora,Médio completo e superior incompleto,1303,13,Amazonas,23.0
Parintins,10 a 17 anos,7.0,Mais de quinze minutos até meia hora,Médio completo e superior incompleto,1304,13,Amazonas,23.0
Boa Vista,10 a 17 anos,65.0,Mais de quinze minutos até meia hora,Médio completo e superior incompleto,1401,14,Roraima,23.0
Rorainópolis - Caracaraí,10 a 17 anos,4.0,Mais de quinze minutos até meia hora,Médio completo e superior incompleto,1402,14,Roraima,23.0
Belém,10 a 17 anos,110.0,Mais de quinze minutos até meia hora,Médio completo e superior incompleto,1501,15,Pará,23.0
Castanhal,10 a 17 anos,45.0,Mais de quinze minutos até meia hora,Médio completo e superior incompleto,1502,15,Pará,23.0
Marabá,10 a 17 anos,115.0,Mais de quinze minutos até meia hora,Médio completo e superior incompleto,1503,15,Pará,23.0
Redenção,10 a 17 anos,24.0,Mais de quinze minutos até meia hora,Médio completo e superior incompleto,1504,15,Pará,23.0
Santarém,10 a 17 anos,63.0,Mais de quinze minutos até meia hora,Médio completo e superior incompleto,1505,15,Pará,23.0
Altamira,10 a 17 anos,12.0,Mais de quinze minutos até meia hora,Médio completo e superior incompleto,1506,15,Pará,23.0
Macapá,10 a 17 anos,112.0,Mais de quinze minutos até meia hora,Médio completo e superior incompleto,1601,16,Amapá,23.0
Oiapoque - Porto Grande,10 a 17 anos,6.0,Mais de quinze minutos até meia hora,Médio completo e superior incompleto,1602,16,Amapá,23.0
Palmas,10 a 17 anos,57.0,Mais de quinze minutos até meia hora,Médio completo e superior incompleto,1701,17,Tocantins,23.0
Araguaína,10 a 17 anos,29.0,Mais de quinze minutos até meia hora,Médio completo e superior incompleto,1702,17,Tocantins,23.0
Gurupi,10 a 17 anos,14.0,Mais de quinze minutos até meia hora,Médio completo e superior incompleto,1703,17,Tocantins,23.0
São Luís,10 a 17 anos,111.0,Mais de quinze minutos até meia hora,Médio completo e superior incompleto,2101,21,Maranhão,23.0
Santa Inês - Bacabal,10 a 17 anos,61.0,Mais de quinze minutos até meia hora,Médio completo e superior incompleto,2102,21,Maranhão,23.0
Caxias,10 a 17 anos,58.0,Mais de quinze minutos até meia hora,Médio completo e superior incompleto,2103,21,Maranhão,23.0
Presidente Dutra,10 a 17 anos,4.0,Mais de quinze minutos até meia hora,Médio completo e superior incompleto,2104,21,Maranhão,23.0
Imperatriz,10 a 17 anos,87.0,Mais de quinze minutos até meia hora,Médio completo e superior incompleto,2105,21,Maranhão,23.0
Teresina,10 a 17 anos,116.0,Mais de quinze minutos até meia hora,Médio completo e superior incompleto,2201,22,Piauí,23.0
Parnaíba,10 a 17 anos,15.0,Mais de quinze minutos até meia hora,Médio completo e superior incompleto,2202,22,Piauí,23.0
Picos,10 a 17 anos,7.0,Mais de quinze minutos até meia hora,Médio completo e superior incompleto,2203,22,Piauí,23.0
Corrente - Bom Jesus,10 a 17 anos,2.0,Mais de quinze minutos até meia hora,Médio completo e superior incompleto,2205,22,Piauí,23.0
Floriano,10 a 17 anos,7.0,Mais de quinze minutos até meia hora,Médio completo e superior incompleto,2206,22,Piauí,23.0
Fortaleza,10 a 17 anos,199.0,Mais de quinze minutos até meia hora,Médio completo e superior incompleto,2301,23,Ceará,23.0
Quixadá,10 a 17 anos,15.0,Mais de quinze minutos até meia hora,Médio completo e superior incompleto,2302,23,Ceará,23.0
Juazeiro do Norte,10 a 17 anos,75.0,Mais de quinze minutos até meia hora,Médio completo e superior incompleto,2304,23,Ceará,23.0
Sobral,10 a 17 anos,44.0,Mais de quinze minutos até meia hora,Médio completo e superior incompleto,2306,23,Ceará,23.0
Natal,10 a 17 anos,36.0,Mais de quinze minutos até meia hora,Médio completo e superior incompleto,2401,24,Rio Grande do Norte,23.0
Mossoró,10 a 17 anos,38.0,Mais de quinze minutos até meia hora,Médio completo e superior incompleto,2403,24,Rio Grande do Norte,23.0
João Pessoa,10 a 17 anos,104.0,Mais de quinze minutos até meia hora,Médio completo e superior incompleto,2501,25,Paraíba,23.0
Campina Grande,10 a 17 anos,28.0,Mais de quinze minutos até meia hora,Médio completo e superior incompleto,2502,25,Paraíba,23.0
Patos,10 a 17 anos,26.0,Mais de quinze minutos até meia hora,Médio completo e superior incompleto,2503,25,Paraíba,23.0
Recife,10 a 17 anos,141.0,Mais de quinze minutos até meia hora,Médio completo e superior incompleto,2601,26,Pernambuco,23.0
Caruaru,10 a 17 anos,92.0,Mais de quinze minutos até meia hora,Médio completo e superior incompleto,2602,26,Pernambuco,23.0
Serra Talhada,10 a 17 anos,24.0,Mais de quinze minutos até meia hora,Médio completo e superior incompleto,2603,26,Pernambuco,23.0
Petrolina,10 a 17 anos,60.0,Mais de quinze minutos até meia hora,Médio completo e superior incompleto,2604,26,Pernambuco,23.0
Maceió,10 a 17 anos,137.0,Mais de quinze minutos até meia hora,Médio completo e superior incompleto,2701,27,Alagoas,23.0
Arapiraca,10 a 17 anos,61.0,Mais de quinze minutos até meia hora,Médio completo e superior incompleto,2702,27,Alagoas,23.0
Aracaju,10 a 17 anos,22.0,Mais de quinze minutos até meia hora,Médio completo e superior incompleto,2801,28,Sergipe,23.0
Itabaiana,10 a 17 anos,28.0,Mais de quinze minutos até meia hora,Médio completo e superior incompleto,2802,28,Sergipe,23.0
Salvador,10 a 17 anos,261.0,Mais de quinze minutos até meia hora,Médio completo e superior incompleto,2901,29,Bahia,23.0
Santo Antônio de Jesus,10 a 17 anos,22.0,Mais de quinze minutos até meia hora,Médio completo e superior incompleto,2902,29,Bahia,23.0
Ilhéus - Itabuna,10 a 17 anos,112.0,Mais de quinze minutos até meia hora,Médio completo e superior incompleto,,,,23.0
Vitória da Conquista,10 a 17 anos,152.0,Mais de quinze minutos até meia hora,Médio completo e superior incompleto,2904,29,Bahia,23.0
Guanambi,10 a 17 anos,12.0,Mais de quinze minutos até meia hora,Médio completo e superior incompleto,2905,29,Bahia,23.0
Barreiras,10 a 17 anos,84.0,Mais de quinze minutos até meia hora,Médio completo e superior incompleto,2906,29,Bahia,23.0
Irecê,10 a 17 anos,71.0,Mais de quinze minutos até meia hora,Médio completo e superior incompleto,2907,29,Bahia,23.0
Juazeiro,10 a 17 anos,83.0,Mais de quinze minutos até meia hora,Médio completo e superior incompleto,2908,29,Bahia,23.0
Paulo Afonso,10 a 17 anos,38.0,Mais de quinze minutos até meia hora,Médio completo e superior incompleto,2909,29,Bahia,23.0
Feira de Santana,10 a 17 anos,169.0,Mais de quinze minutos até meia hora,Médio completo e superior incompleto,2910,29,Bahia,23.0
Belo Horizonte,10 a 17 anos,499.0,Mais de quinze minutos até meia hora,Médio completo e superior incompleto,3101,31,Minas Gerais,23.0
Montes Claros,10 a 17 anos,88.0,Mais de quinze minutos até meia hora,Médio completo e superior incompleto,3102,31,Minas Gerais,23.0
Teófilo Otoni,10 a 17 anos,61.0,Mais de quinze minutos até meia hora,Médio completo e superior incompleto,3103,31,Minas Gerais,23.0
Governador Valadares,10 a 17 anos,73.0,Mais de quinze minutos até meia hora,Médio completo e superior incompleto,3104,31,Minas Gerais,23.0
Ipatinga,10 a 17 anos,162.0,Mais de quinze minutos até meia hora,Médio completo e superior incompleto,3105,31,Minas Gerais,23.0
Juíz de Fora,10 a 17 anos,157.0,Mais de quinze minutos até meia hora,Médio completo e superior incompleto,3106,31,Minas Gerais,23.0
Barbacena,10 a 17 anos,48.0,Mais de quinze minutos até meia hora,Médio completo e superior incompleto,3107,31,Minas Gerais,23.0
Varginha,10 a 17 anos,131.0,Mais de quinze minutos até meia hora,Médio completo e superior incompleto,3108,31,Minas Gerais,23.0
Pouso Alegre,10 a 17 anos,174.0,Mais de quinze minutos até meia hora,Médio completo e superior incompleto,3109,31,Minas Gerais,23.0
Uberaba,10 a 17 anos,105.0,Mais de quinze minutos até meia hora,Médio completo e superior incompleto,3110,31,Minas Gerais,23.0
Uberlândia,10 a 17 anos,207.0,Mais de quinze minutos até meia hora,Médio completo e superior incompleto,3111,31,Minas Gerais,23.0
Patos de Minas,10 a 17 anos,69.0,Mais de quinze minutos até meia hora,Médio completo e superior incompleto,3112,31,Minas Gerais,23.0
Divinópolis,10 a 17 anos,200.0,Mais de quinze minutos até meia hora,Médio completo e superior incompleto,3113,31,Minas Gerais,23.0
Vitória,10 a 17 anos,87.0,Mais de quinze minutos até meia hora,Médio completo e superior incompleto,3201,32,Espírito Santo,23.0
São Mateus,10 a 17 anos,102.0,Mais de quinze minutos até meia hora,Médio completo e superior incompleto,3202,32,Espírito Santo,23.0
Colatina,10 a 17 anos,6.0,Mais de quinze minutos até meia hora,Médio completo e superior incompleto,3203,32,Espírito Santo,23.0
Cachoeiro do Itapemirim,10 a 17 anos,38.0,Mais de quinze minutos até meia hora,Médio completo e superior incompleto,3204,32,Espírito Santo,23.0
Rio de Janeiro,10 a 17 anos,335.0,Mais de quinze minutos até meia hora,Médio completo e superior incompleto,3301,33,Rio de Janeiro,23.0
Volta Redonda - Barra Mansa,10 a 17 anos,9.0,Mais de quinze minutos até meia hora,Médio completo e superior incompleto,3302,33,Rio de Janeiro,23.0
Petrópolis,10 a 17 anos,48.0,Mais de quinze minutos até meia hora,Médio completo e superior incompleto,3303,33,Rio de Janeiro,23.0
Campos dos Goytacazes,10 a 17 anos,48.0,Mais de quinze minutos até meia hora,Médio completo e superior incompleto,3304,33,Rio de Janeiro,23.0
Macaé - Rio das Ostras - Cabo Frio,10 a 17 anos,25.0,Mais de quinze minutos até meia hora,Médio completo e superior incompleto,3305,33,Rio de Janeiro,23.0
São Paulo,10 a 17 anos,2457.0,Mais de quinze minutos até meia hora,Médio completo e superior incompleto,3501,35,São Paulo,23.0
Sorocaba,10 a 17 anos,711.0,Mais de quinze minutos até meia hora,Médio completo e superior incompleto,3502,35,São Paulo,23.0
Bauru,10 a 17 anos,225.0,Mais de quinze minutos até meia hora,Médio completo e superior incompleto,3503,35,São Paulo,23.0
Marília,10 a 17 anos,103.0,Mais de quinze minutos até meia hora,Médio completo e superior incompleto,3504,35,São Paulo,23.0
Presidente Prudente,10 a 17 anos,99.0,Mais de quinze minutos até meia hora,Médio completo e superior incompleto,3505,35,São Paulo,23.0
Araçatuba,10 a 17 anos,66.0,Mais de quinze minutos até meia hora,Médio completo e superior incompleto,3506,35,São Paulo,23.0
São José do Rio Preto,10 a 17 anos,177.0,Mais de quinze minutos até meia hora,Médio completo e superior incompleto,3507,35,São Paulo,23.0
Ribeirão Preto,10 a 17 anos,322.0,Mais de quinze minutos até meia hora,Médio completo e superior incompleto,3508,35,São Paulo,23.0
Araraquara,10 a 17 anos,196.0,Mais de quinze minutos até meia hora,Médio completo e superior incompleto,3509,35,São Paulo,23.0
Campinas,10 a 17 anos,1095.0,Mais de quinze minutos até meia hora,Médio completo e superior incompleto,3510,35,São Paulo,23.0
São José dos Campos,10 a 17 anos,219.0,Mais de quinze minutos até meia hora,Médio completo e superior incompleto,3511,35,São Paulo,23.0
Curitiba,10 a 17 anos,873.0,Mais de quinze minutos até meia hora,Médio completo e superior incompleto,4101,41,Paraná,23.0
Guarapuava,10 a 17 anos,39.0,Mais de quinze minutos até meia hora,Médio completo e superior incompleto,4102,41,Paraná,23.0
Cascavel,10 a 17 anos,804.0,Mais de quinze minutos até meia hora,Médio completo e superior incompleto,4103,41,Paraná,23.0
Maringá,10 a 17 anos,466.0,Mais de quinze minutos até meia hora,Médio completo e superior incompleto,4104,41,Paraná,23.0
Londrina,10 a 17 anos,455.0,Mais de quinze minutos até meia hora,Médio completo e superior incompleto,4105,41,Paraná,23.0
Ponta Grossa,10 a 17 anos,220.0,Mais de quinze minutos até meia hora,Médio completo e superior incompleto,4106,41,Paraná,23.0
Florianópolis,10 a 17 anos,110.0,Mais de quinze minutos até meia hora,Médio completo e superior incompleto,4201,42,Santa Catarina,23.0
Criciúma,10 a 17 anos,111.0,Mais de quinze minutos até meia hora,Médio completo e superior incompleto,4202,42,Santa Catarina,23.0
Lages,10 a 17 anos,51.0,Mais de quinze minutos até meia hora,Médio completo e superior incompleto,4203,42,Santa Catarina,23.0
Chapecó,10 a 17 anos,127.0,Mais de quinze minutos até meia hora,Médio completo e superior incompleto,4204,42,Santa Catarina,23.0
Caçador,10 a 17 anos,24.0,Mais de quinze minutos até meia hora,Médio completo e superior incompleto,4205,42,Santa Catarina,23.0
Joinville,10 a 17 anos,225.0,Mais de quinze minutos até meia hora,Médio completo e superior incompleto,4206,42,Santa Catarina,23.0
Blumenau,10 a 17 anos,404.0,Mais de quinze minutos até meia hora,Médio completo e superior incompleto,4207,42,Santa Catarina,23.0
Porto Alegre,10 a 17 anos,292.0,Mais de quinze minutos até meia hora,Médio completo e superior incompleto,4301,43,Rio Grande do Sul,23.0
Pelotas,10 a 17 anos,51.0,Mais de quinze minutos até meia hora,Médio completo e superior incompleto,4302,43,Rio Grande do Sul,23.0
Santa Maria,10 a 17 anos,37.0,Mais de quinze minutos até meia hora,Médio completo e superior incompleto,4303,43,Rio Grande do Sul,23.0
Uruguaiana,10 a 17 anos,78.0,Mais de quinze minutos até meia hora,Médio completo e superior incompleto,4304,43,Rio Grande do Sul,23.0
Ijuí,10 a 17 anos,39.0,Mais de quinze minutos até meia hora,Médio completo e superior incompleto,4305,43,Rio Grande do Sul,23.0
Passo Fundo,10 a 17 anos,164.0,Mais de quinze minutos até meia hora,Médio completo e superior incompleto,4306,43,Rio Grande do Sul,23.0
Caxias do Sul,10 a 17 anos,221.0,Mais de quinze minutos até meia hora,Médio completo e superior incompleto,4307,43,Rio Grande do Sul,23.0
Santa Cruz do Sul - Lajeado,10 a 17 anos,66.0,Mais de quinze minutos até meia hora,Médio completo e superior incompleto,4308,43,Rio Grande do Sul,23.0
Campo Grande,10 a 17 anos,464.0,Mais de quinze minutos até meia hora,Médio completo e superior incompleto,5001,50,Mato Grosso do Sul,23.0
Dourados,10 a 17 anos,110.0,Mais de quinze minutos até meia hora,Médio completo e superior incompleto,5002,50,Mato Grosso do Sul,23.0
Corumbá,10 a 17 anos,71.0,Mais de quinze minutos até meia hora,Médio completo e superior incompleto,5003,50,Mato Grosso do Sul,23.0
Cuiabá,10 a 17 anos,261.0,Mais de quinze minutos até meia hora,Médio completo e superior incompleto,5101,51,Mato Grosso,23.0
Cáceres,10 a 17 anos,43.0,Mais de quinze minutos até meia hora,Médio completo e superior incompleto,5102,51,Mato Grosso,23.0
Sinop,10 a 17 anos,222.0,Mais de quinze minutos até meia hora,Médio completo e superior incompleto,5103,51,Mato Grosso,23.0
Barra do Garças,10 a 17 anos,41.0,Mais de quinze minutos até meia hora,Médio completo e superior incompleto,5104,51,Mato Grosso,23.0
Rondonópolis,10 a 17 anos,150.0,Mais de quinze minutos até meia hora,Médio completo e superior incompleto,5105,51,Mato Grosso,23.0
Goiânia,10 a 17 anos,503.0,Mais de quinze minutos até meia hora,Médio completo e superior incompleto,5201,52,Goiás,23.0
Itumbiara,10 a 17 anos,53.0,Mais de quinze minutos até meia hora,Médio completo e superior incompleto,5202,52,Goiás,23.0
Rio Verde,10 a 17 anos,140.0,Mais de quinze minutos até meia hora,Médio completo e superior incompleto,5203,52,Goiás,23.0
São Luís de Montes Belos - Iporá,10 a 17 anos,53.0,Mais de quinze minutos até meia hora,Médio completo e superior incompleto,5204,52,Goiás,23.0
Porangatu - Uruaçu,10 a 17 anos,122.0,Mais de quinze minutos até meia hora,Médio completo e superior incompleto,5205,52,Goiás,23.0
Luziânia - Águas Lindas de Goiás,10 a 17 anos,171.0,Mais de quinze minutos até meia hora,Médio completo e superior incompleto,5206,52,Goiás,23.0
Distrito Federal,10 a 17 anos,216.0,Mais de quinze minutos até meia hora,Médio completo e superior incompleto,5301,53,Distrito Federal,23.0
Porto Velho,10 a 17 anos,605.0,Mais de meia hora até uma hora,Total,1101,11,Rondônia,45.5
Ji-Paraná,10 a 17 anos,227.0,Mais de meia hora até uma hora,Total,1102,11,Rondônia,45.5
Rio Branco,10 a 17 anos,258.0,Mais de meia hora até uma hora,Total,1201,12,Acre,45.5
Cruzeiro do Sul,10 a 17 anos,151.0,Mais de meia hora até uma hora,Total,1202,12,Acre,45.5
Manaus,10 a 17 anos,2166.0,Mais de meia hora até uma hora,Total,1301,13,Amazonas,45.5
Tefé,10 a 17 anos,918.0,Mais de meia hora até uma hora,Total,1302,13,Amazonas,45.5
Lábrea,10 a 17 anos,237.0,Mais de meia hora até uma hora,Total,1303,13,Amazonas,45.5
Parintins,10 a 17 anos,96.0,Mais de meia hora até uma hora,Total,1304,13,Amazonas,45.5
Boa Vista,10 a 17 anos,377.0,Mais de meia hora até uma hora,Total,1401,14,Roraima,45.5
Rorainópolis - Caracaraí,10 a 17 anos,107.0,Mais de meia hora até uma hora,Total,1402,14,Roraima,45.5
Belém,10 a 17 anos,1695.0,Mais de meia hora até uma hora,Total,1501,15,Pará,45.5
Castanhal,10 a 17 anos,810.0,Mais de meia hora até uma hora,Total,1502,15,Pará,45.5
Marabá,10 a 17 anos,990.0,Mais de meia hora até uma hora,Total,1503,15,Pará,45.5
Redenção,10 a 17 anos,426.0,Mais de meia hora até uma hora,Total,1504,15,Pará,45.5
Santarém,10 a 17 anos,600.0,Mais de meia hora até uma hora,Total,1505,15,Pará,45.5
Altamira,10 a 17 anos,214.0,Mais de meia hora até uma hora,Total,1506,15,Pará,45.5
Breves,10 a 17 anos,159.0,Mais de meia hora até uma hora,Total,1507,15,Pará,45.5
Macapá,10 a 17 anos,430.0,Mais de meia hora até uma hora,Total,1601,16,Amapá,45.5
Oiapoque - Porto Grande,10 a 17 anos,82.0,Mais de meia hora até uma hora,Total,1602,16,Amapá,45.5
Palmas,10 a 17 anos,692.0,Mais de meia hora até uma hora,Total,1701,17,Tocantins,45.5
Araguaína,10 a 17 anos,323.0,Mais de meia hora até uma hora,Total,1702,17,Tocantins,45.5
Gurupi,10 a 17 anos,164.0,Mais de meia hora até uma hora,Total,1703,17,Tocantins,45.5
São Luís,10 a 17 anos,1409.0,Mais de meia hora até uma hora,Total,2101,21,Maranhão,45.5
Santa Inês - Bacabal,10 a 17 anos,759.0,Mais de meia hora até uma hora,Total,2102,21,Maranhão,45.5
Caxias,10 a 17 anos,319.0,Mais de meia hora até uma hora,Total,2103,21,Maranhão,45.5
Presidente Dutra,10 a 17 anos,237.0,Mais de meia hora até uma hora,Total,2104,21,Maranhão,45.5
Imperatriz,10 a 17 anos,774.0,Mais de meia hora até uma hora,Total,2105,21,Maranhão,45.5
Teresina,10 a 17 anos,592.0,Mais de meia hora até uma hora,Total,2201,22,Piauí,45.5
Parnaíba,10 a 17 anos,183.0,Mais de meia hora até uma hora,Total,2202,22,Piauí,45.5
Picos,10 a 17 anos,157.0,Mais de meia hora até uma hora,Total,2203,22,Piauí,45.5
São Raimundo Nonato,10 a 17 anos,36.0,Mais de meia hora até uma hora,Total,2204,22,Piauí,45.5
Corrente - Bom Jesus,10 a 17 anos,79.0,Mais de meia hora até uma hora,Total,2205,22,Piauí,45.5
Floriano,10 a 17 anos,71.0,Mais de meia hora até uma hora,Total,2206,22,Piauí,45.5
Fortaleza,10 a 17 anos,2111.0,Mais de meia hora até uma hora,Total,2301,23,Ceará,45.5
Quixadá,10 a 17 anos,184.0,Mais de meia hora até uma hora,Total,2302,23,Ceará,45.5
Iguatu,10 a 17 anos,132.0,Mais de meia hora até uma hora,Total,2303,23,Ceará,45.5
Juazeiro do Norte,10 a 17 anos,340.0,Mais de meia hora até uma hora,Total,2304,23,Ceará,45.5
Crateús,10 a 17 anos,108.0,Mais de meia hora até uma hora,Total,2305,23,Ceará,45.5
Sobral,10 a 17 anos,316.0,Mais de meia hora até uma hora,Total,2306,23,Ceará,45.5
Natal,10 a 17 anos,1222.0,Mais de meia hora até uma hora,Total,2401,24,Rio Grande do Norte,45.5
Caicó,10 a 17 anos,51.0,Mais de meia hora até uma hora,Total,2402,24,Rio Grande do Norte,45.5
Mossoró,10 a 17 anos,191.0,Mais de meia hora até uma hora,Total,2403,24,Rio Grande do Norte,45.5
João Pessoa,10 a 17 anos,742.0,Mais de meia hora até uma hora,Total,2501,25,Paraíba,45.5
Campina Grande,10 a 17 anos,370.0,Mais de meia hora até uma hora,Total,2502,25,Paraíba,45.5
Patos,10 a 17 anos,117.0,Mais de meia hora até uma hora,Total,2503,25,Paraíba,45.5
Sousa - Cajazeiras,10 a 17 anos,28.0,Mais de meia hora até uma hora,Total,2504,25,Paraíba,45.5
Recife,10 a 17 anos,2355.0,Mais de meia hora até uma hora,Total,2601,26,Pernambuco,45.5
Caruaru,10 a 17 anos,1015.0,Mais de meia hora até uma hora,Total,2602,26,Pernambuco,45.5
Serra Talhada,10 a 17 anos,140.0,Mais de meia hora até uma hora,Total,2603,26,Pernambuco,45.5
Petrolina,10 a 17 anos,481.0,Mais de meia hora até uma hora,Total,2604,26,Pernambuco,45.5
Maceió,10 a 17 anos,875.0,Mais de meia hora até uma hora,Total,2701,27,Alagoas,45.5
Arapiraca,10 a 17 anos,517.0,Mais de meia hora até uma hora,Total,2702,27,Alagoas,45.5
Aracaju,10 a 17 anos,924.0,Mais de meia hora até uma hora,Total,2801,28,Sergipe,45.5
Itabaiana,10 a 17 anos,319.0,Mais de meia hora até uma hora,Total,2802,28,Sergipe,45.5
Salvador,10 a 17 anos,2580.0,Mais de meia hora até uma hora,Total,2901,29,Bahia,45.5
Santo Antônio de Jesus,10 a 17 anos,369.0,Mais de meia hora até uma hora,Total,2902,29,Bahia,45.5
Ilhéus - Itabuna,10 a 17 anos,1434.0,Mais de meia hora até uma hora,Total,,,,45.5
Vitória da Conquista,10 a 17 anos,921.0,Mais de meia hora até uma hora,Total,2904,29,Bahia,45.5
Guanambi,10 a 17 anos,304.0,Mais de meia hora até uma hora,Total,2905,29,Bahia,45.5
Barreiras,10 a 17 anos,240.0,Mais de meia hora até uma hora,Total,2906,29,Bahia,45.5
Irecê,10 a 17 anos,448.0,Mais de meia hora até uma hora,Total,2907,29,Bahia,45.5
Juazeiro,10 a 17 anos,487.0,Mais de meia hora até uma hora,Total,2908,29,Bahia,45.5
Paulo Afonso,10 a 17 anos,379.0,Mais de meia hora até uma hora,Total,2909,29,Bahia,45.5
Feira de Santana,10 a 17 anos,1206.0,Mais de meia hora até uma hora,Total,2910,29,Bahia,45.5
Belo Horizonte,10 a 17 anos,7151.0,Mais de meia hora até uma hora,Total,3101,31,Minas Gerais,45.5
Montes Claros,10 a 17 anos,946.0,Mais de meia hora até uma hora,Total,3102,31,Minas Gerais,45.5
Teófilo Otoni,10 a 17 anos,666.0,Mais de meia hora até uma hora,Total,3103,31,Minas Gerais,45.5
Governador Valadares,10 a 17 anos,549.0,Mais de meia hora até uma hora,Total,3104,31,Minas Gerais,45.5
Ipatinga,10 a 17 anos,759.0,Mais de meia hora até uma hora,Total,3105,31,Minas Gerais,45.5
Juíz de Fora,10 a 17 anos,1754.0,Mais de meia hora até uma hora,Total,3106,31,Minas Gerais,45.5
Barbacena,10 a 17 anos,454.0,Mais de meia hora até uma hora,Total,3107,31,Minas Gerais,45.5
Varginha,10 a 17 anos,1085.0,Mais de meia hora até uma hora,Total,3108,31,Minas Gerais,45.5
Pouso Alegre,10 a 17 anos,949.0,Mais de meia hora até uma hora,Total,3109,31,Minas Gerais,45.5
Uberaba,10 a 17 anos,834.0,Mais de meia hora até uma hora,Total,3110,31,Minas Gerais,45.5
Uberlândia,10 a 17 anos,1363.0,Mais de meia hora até uma hora,Total,3111,31,Minas Gerais,45.5
Patos de Minas,10 a 17 anos,782.0,Mais de meia hora até uma hora,Total,3112,31,Minas Gerais,45.5
Divinópolis,10 a 17 anos,1364.0,Mais de meia hora até uma hora,Total,3113,31,Minas Gerais,45.5
Vitória,10 a 17 anos,3205.0,Mais de meia hora até uma hora,Total,3201,32,Espírito Santo,45.5
São Mateus,10 a 17 anos,530.0,Mais de meia hora até uma hora,Total,3202,32,Espírito Santo,45.5
Colatina,10 a 17 anos,280.0,Mais de meia hora até uma hora,Total,3203,32,Espírito Santo,45.5
Cachoeiro do Itapemirim,10 a 17 anos,318.0,Mais de meia hora até uma hora,Total,3204,32,Espírito Santo,45.5
Rio de Janeiro,10 a 17 anos,5626.0,Mais de meia hora até uma hora,Total,3301,33,Rio de Janeiro,45.5
Volta Redonda - Barra Mansa,10 a 17 anos,473.0,Mais de meia hora até uma hora,Total,3302,33,Rio de Janeiro,45.5
Petrópolis,10 a 17 anos,630.0,Mais de meia hora até uma hora,Total,3303,33,Rio de Janeiro,45.5
Campos dos Goytacazes,10 a 17 anos,384.0,Mais de meia hora até uma hora,Total,3304,33,Rio de Janeiro,45.5
Macaé - Rio das Ostras - Cabo Frio,10 a 17 anos,408.0,Mais de meia hora até uma hora,Total,3305,33,Rio de Janeiro,45.5
São Paulo,10 a 17 anos,23199.0,Mais de meia hora até uma hora,Total,3501,35,São Paulo,45.5
Sorocaba,10 a 17 anos,2303.0,Mais de meia hora até uma hora,Total,3502,35,São Paulo,45.5
Bauru,10 a 17 anos,1573.0,Mais de meia hora até uma hora,Total,3503,35,São Paulo,45.5
Marília,10 a 17 anos,770.0,Mais de meia hora até uma hora,Total,3504,35,São Paulo,45.5
Presidente Prudente,10 a 17 anos,336.0,Mais de meia hora até uma hora,Total,3505,35,São Paulo,45.5
Araçatuba,10 a 17 anos,253.0,Mais de meia hora até uma hora,Total,3506,35,São Paulo,45.5
São José do Rio Preto,10 a 17 anos,1085.0,Mais de meia hora até uma hora,Total,3507,35,São Paulo,45.5
Ribeirão Preto,10 a 17 anos,1871.0,Mais de meia hora até uma hora,Total,3508,35,São Paulo,45.5
Araraquara,10 a 17 anos,811.0,Mais de meia hora até uma hora,Total,3509,35,São Paulo,45.5
Campinas,10 a 17 anos,6280.0,Mais de meia hora até uma hora,Total,3510,35,São Paulo,45.5
São José dos Campos,10 a 17 anos,1889.0,Mais de meia hora até uma hora,Total,3511,35,São Paulo,45.5
Curitiba,10 a 17 anos,4966.0,Mais de meia hora até uma hora,Total,4101,41,Paraná,45.5
Guarapuava,10 a 17 anos,332.0,Mais de meia hora até uma hora,Total,4102,41,Paraná,45.5
Cascavel,10 a 17 anos,2246.0,Mais de meia hora até uma hora,Total,4103,41,Paraná,45.5
Maringá,10 a 17 anos,1355.0,Mais de meia hora até uma hora,Total,4104,41,Paraná,45.5
Londrina,10 a 17 anos,1688.0,Mais de meia hora até uma hora,Total,4105,41,Paraná,45.5
Ponta Grossa,10 a 17 anos,858.0,Mais de meia hora até uma hora,Total,4106,41,Paraná,45.5
Florianópolis,10 a 17 anos,1157.0,Mais de meia hora até uma hora,Total,4201,42,Santa Catarina,45.5
Criciúma,10 a 17 anos,752.0,Mais de meia hora até uma hora,Total,4202,42,Santa Catarina,45.5
Lages,10 a 17 anos,309.0,Mais de meia hora até uma hora,Total,4203,42,Santa Catarina,45.5
Chapecó,10 a 17 anos,1006.0,Mais de meia hora até uma hora,Total,4204,42,Santa Catarina,45.5
Caçador,10 a 17 anos,118.0,Mais de meia hora até uma hora,Total,4205,42,Santa Catarina,45.5
Joinville,10 a 17 anos,1951.0,Mais de meia hora até uma hora,Total,4206,42,Santa Catarina,45.5
Blumenau,10 a 17 anos,2169.0,Mais de meia hora até uma hora,Total,4207,42,Santa Catarina,45.5
Porto Alegre,10 a 17 anos,5337.0,Mais de meia hora até uma hora,Total,4301,43,Rio Grande do Sul,45.5
Pelotas,10 a 17 anos,546.0,Mais de meia hora até uma hora,Total,4302,43,Rio Grande do Sul,45.5
Santa Maria,10 a 17 anos,496.0,Mais de meia hora até uma hora,Total,4303,43,Rio Grande do Sul,45.5
Uruguaiana,10 a 17 anos,277.0,Mais de meia hora até uma hora,Total,4304,43,Rio Grande do Sul,45.5
Ijuí,10 a 17 anos,318.0,Mais de meia hora até uma hora,Total,4305,43,Rio Grande do Sul,45.5
Passo Fundo,10 a 17 anos,919.0,Mais de meia hora até uma hora,Total,4306,43,Rio Grande do Sul,45.5
Caxias do Sul,10 a 17 anos,1732.0,Mais de meia hora até uma hora,Total,4307,43,Rio Grande do Sul,45.5
Santa Cruz do Sul - Lajeado,10 a 17 anos,688.0,Mais de meia hora até uma hora,Total,4308,43,Rio Grande do Sul,45.5
Campo Grande,10 a 17 anos,1879.0,Mais de meia hora até uma hora,Total,5001,50,Mato Grosso do Sul,45.5
Dourados,10 a 17 anos,581.0,Mais de meia hora até uma hora,Total,5002,50,Mato Grosso do Sul,45.5
Corumbá,10 a 17 anos,197.0,Mais de meia hora até uma hora,Total,5003,50,Mato Grosso do Sul,45.5
Cuiabá,10 a 17 anos,1829.0,Mais de meia hora até uma hora,Total,5101,51,Mato Grosso,45.5
Cáceres,10 a 17 anos,131.0,Mais de meia hora até uma hora,Total,5102,51,Mato Grosso,45.5
Sinop,10 a 17 anos,683.0,Mais de meia hora até uma hora,Total,5103,51,Mato Grosso,45.5
Barra do Garças,10 a 17 anos,113.0,Mais de meia hora até uma hora,Total,5104,51,Mato Grosso,45.5
Rondonópolis,10 a 17 anos,405.0,Mais de meia hora até uma hora,Total,5105,51,Mato Grosso,45.5
Goiânia,10 a 17 anos,4384.0,Mais de meia hora até uma hora,Total,5201,52,Goiás,45.5
Itumbiara,10 a 17 anos,355.0,Mais de meia hora até uma hora,Total,5202,52,Goiás,45.5
Rio Verde,10 a 17 anos,544.0,Mais de meia hora até uma hora,Total,5203,52,Goiás,45.5
São Luís de Montes Belos - Iporá,10 a 17 anos,107.0,Mais de meia hora até uma hora,Total,5204,52,Goiás,45.5
Porangatu - Uruaçu,10 a 17 anos,281.0,Mais de meia hora até uma hora,Total,5205,52,Goiás,45.5
Luziânia - Águas Lindas de Goiás,10 a 17 anos,1384.0,Mais de meia hora até uma hora,Total,5206,52,Goiás,45.5
Distrito Federal,10 a 17 anos,4284.0,Mais de meia hora até uma hora,Total,5301,53,Distrito Federal,45.5
Porto Velho,10 a 17 anos,280.0,Mais de meia hora até uma hora,Sem instrução e fundamental incompleto,1101,11,Rondônia,45.5
Ji-Paraná,10 a 17 anos,53.0,Mais de meia hora até uma hora,Sem instrução e fundamental incompleto,1102,11,Rondônia,45.5
Rio Branco,10 a 17 anos,119.0,Mais de meia hora até uma hora,Sem instrução e fundamental incompleto,1201,12,Acre,45.5
Cruzeiro do Sul,10 a 17 anos,85.0,Mais de meia hora até uma hora,Sem instrução e fundamental incompleto,1202,12,Acre,45.5
Manaus,10 a 17 anos,622.0,Mais de meia hora até uma hora,Sem instrução e fundamental incompleto,1301,13,Amazonas,45.5
Tefé,10 a 17 anos,684.0,Mais de meia hora até uma hora,Sem instrução e fundamental incompleto,1302,13,Amazonas,45.5
Lábrea,10 a 17 anos,75.0,Mais de meia hora até uma hora,Sem instrução e fundamental incompleto,1303,13,Amazonas,45.5
Parintins,10 a 17 anos,24.0,Mais de meia hora até uma hora,Sem instrução e fundamental incompleto,1304,13,Amazonas,45.5
Boa Vista,10 a 17 anos,122.0,Mais de meia hora até uma hora,Sem instrução e fundamental incompleto,1401,14,Roraima,45.5
Rorainópolis - Caracaraí,10 a 17 anos,45.0,Mais de meia hora até uma hora,Sem instrução e fundamental incompleto,1402,14,Roraima,45.5
Belém,10 a 17 anos,486.0,Mais de meia hora até uma hora,Sem instrução e fundamental incompleto,1501,15,Pará,45.5
Castanhal,10 a 17 anos,358.0,Mais de meia hora até uma hora,Sem instrução e fundamental incompleto,1502,15,Pará,45.5
Marabá,10 a 17 anos,428.0,Mais de meia hora até uma hora,Sem instrução e fundamental incompleto,1503,15,Pará,45.5
Redenção,10 a 17 anos,216.0,Mais de meia hora até uma hora,Sem instrução e fundamental incompleto,1504,15,Pará,45.5
Santarém,10 a 17 anos,262.0,Mais de meia hora até uma hora,Sem instrução e fundamental incompleto,1505,15,Pará,45.5
Altamira,10 a 17 anos,128.0,Mais de meia hora até uma hora,Sem instrução e fundamental incompleto,1506,15,Pará,45.5
Breves,10 a 17 anos,127.0,Mais de meia hora até uma hora,Sem instrução e fundamental incompleto,1507,15,Pará,45.5
Macapá,10 a 17 anos,214.0,Mais de meia hora até uma hora,Sem instrução e fundamental incompleto,1601,16,Amapá,45.5
Oiapoque - Porto Grande,10 a 17 anos,50.0,Mais de meia hora até uma hora,Sem instrução e fundamental incompleto,1602,16,Amapá,45.5
Palmas,10 a 17 anos,141.0,Mais de meia hora até uma hora,Sem instrução e fundamental incompleto,1701,17,Tocantins,45.5
Araguaína,10 a 17 anos,157.0,Mais de meia hora até uma hora,Sem instrução e fundamental incompleto,1702,17,Tocantins,45.5
Gurupi,10 a 17 anos,70.0,Mais de meia hora até uma hora,Sem instrução e fundamental incompleto,1703,17,Tocantins,45.5
São Luís,10 a 17 anos,565.0,Mais de meia hora até uma hora,Sem instrução e fundamental incompleto,2101,21,Maranhão,45.5
Santa Inês - Bacabal,10 a 17 anos,417.0,Mais de meia hora até uma hora,Sem instrução e fundamental incompleto,2102,21,Maranhão,45.5
Caxias,10 a 17 anos,159.0,Mais de meia hora até uma hora,Sem instrução e fundamental incompleto,2103,21,Maranhão,45.5
Presidente Dutra,10 a 17 anos,152.0,Mais de meia hora até uma hora,Sem instrução e fundamental incompleto,2104,21,Maranhão,45.5
Imperatriz,10 a 17 anos,408.0,Mais de meia hora até uma hora,Sem instrução e fundamental incompleto,2105,21,Maranhão,45.5
Teresina,10 a 17 anos,143.0,Mais de meia hora até uma hora,Sem instrução e fundamental incompleto,2201,22,Piauí,45.5
Parnaíba,10 a 17 anos,86.0,Mais de meia hora até uma hora,Sem instrução e fundamental incompleto,2202,22,Piauí,45.5
Picos,10 a 17 anos,128.0,Mais de meia hora até uma hora,Sem instrução e fundamental incompleto,2203,22,Piauí,45.5
São Raimundo Nonato,10 a 17 anos,22.0,Mais de meia hora até uma hora,Sem instrução e fundamental incompleto,2204,22,Piauí,45.5
Corrente - Bom Jesus,10 a 17 anos,54.0,Mais de meia hora até uma hora,Sem instrução e fundamental incompleto,2205,22,Piauí,45.5
Floriano,10 a 17 anos,39.0,Mais de meia hora até uma hora,Sem instrução e fundamental incompleto,2206,22,Piauí,45.5
Fortaleza,10 a 17 anos,542.0,Mais de meia hora até uma hora,Sem instrução e fundamental incompleto,2301,23,Ceará,45.5
Quixadá,10 a 17 anos,71.0,Mais de meia hora até uma hora,Sem instrução e fundamental incompleto,2302,23,Ceará,45.5
Iguatu,10 a 17 anos,44.0,Mais de meia hora até uma hora,Sem instrução e fundamental incompleto,2303,23,Ceará,45.5
Juazeiro do Norte,10 a 17 anos,93.0,Mais de meia hora até uma hora,Sem instrução e fundamental incompleto,2304,23,Ceará,45.5
Crateús,10 a 17 anos,39.0,Mais de meia hora até uma hora,Sem instrução e fundamental incompleto,2305,23,Ceará,45.5
Sobral,10 a 17 anos,79.0,Mais de meia hora até uma hora,Sem instrução e fundamental incompleto,2306,23,Ceará,45.5
Natal,10 a 17 anos,530.0,Mais de meia hora até uma hora,Sem instrução e fundamental incompleto,2401,24,Rio Grande do Norte,45.5
Caicó,10 a 17 anos,26.0,Mais de meia hora até uma hora,Sem instrução e fundamental incompleto,2402,24,Rio Grande do Norte,45.5
Mossoró,10 a 17 anos,71.0,Mais de meia hora até uma hora,Sem instrução e fundamental incompleto,2403,24,Rio Grande do Norte,45.5
João Pessoa,10 a 17 anos,238.0,Mais de meia hora até uma hora,Sem instrução e fundamental incompleto,2501,25,Paraíba,45.5
Campina Grande,10 a 17 anos,178.0,Mais de meia hora até uma hora,Sem instrução e fundamental incompleto,2502,25,Paraíba,45.5
Patos,10 a 17 anos,80.0,Mais de meia hora até uma hora,Sem instrução e fundamental incompleto,2503,25,Paraíba,45.5
Sousa - Cajazeiras,10 a 17 anos,23.0,Mais de meia hora até uma hora,Sem instrução e fundamental incompleto,2504,25,Paraíba,45.5
Recife,10 a 17 anos,873.0,Mais de meia hora até uma hora,Sem instrução e fundamental incompleto,2601,26,Pernambuco,45.5
Caruaru,10 a 17 anos,496.0,Mais de meia hora até uma hora,Sem instrução e fundamental incompleto,2602,26,Pernambuco,45.5
Serra Talhada,10 a 17 anos,49.0,Mais de meia hora até uma hora,Sem instrução e fundamental incompleto,2603,26,Pernambuco,45.5
Petrolina,10 a 17 anos,226.0,Mais de meia hora até uma hora,Sem instrução e fundamental incompleto,2604,26,Pernambuco,45.5
Maceió,10 a 17 anos,252.0,Mais de meia hora até uma hora,Sem instrução e fundamental incompleto,2701,27,Alagoas,45.5
Arapiraca,10 a 17 anos,245.0,Mais de meia hora até uma hora,Sem instrução e fundamental incompleto,2702,27,Alagoas,45.5
Aracaju,10 a 17 anos,357.0,Mais de meia hora até uma hora,Sem instrução e fundamental incompleto,2801,28,Sergipe,45.5
Itabaiana,10 a 17 anos,175.0,Mais de meia hora até uma hora,Sem instrução e fundamental incompleto,2802,28,Sergipe,45.5
Salvador,10 a 17 anos,975.0,Mais de meia hora até uma hora,Sem instrução e fundamental incompleto,2901,29,Bahia,45.5
Santo Antônio de Jesus,10 a 17 anos,185.0,Mais de meia hora até uma hora,Sem instrução e fundamental incompleto,2902,29,Bahia,45.5
Ilhéus - Itabuna,10 a 17 anos,704.0,Mais de meia hora até uma hora,Sem instrução e fundamental incompleto,,,,45.5
Vitória da Conquista,10 a 17 anos,446.0,Mais de meia hora até uma hora,Sem instrução e fundamental incompleto,2904,29,Bahia,45.5
Guanambi,10 a 17 anos,132.0,Mais de meia hora até uma hora,Sem instrução e fundamental incompleto,2905,29,Bahia,45.5
Barreiras,10 a 17 anos,141.0,Mais de meia hora até uma hora,Sem instrução e fundamental incompleto,2906,29,Bahia,45.5
Irecê,10 a 17 anos,172.0,Mais de meia hora até uma hora,Sem instrução e fundamental incompleto,2907,29,Bahia,45.5
Juazeiro,10 a 17 anos,285.0,Mais de meia hora até uma hora,Sem instrução e fundamental incompleto,2908,29,Bahia,45.5
Paulo Afonso,10 a 17 anos,293.0,Mais de meia hora até uma hora,Sem instrução e fundamental incompleto,2909,29,Bahia,45.5
Feira de Santana,10 a 17 anos,650.0,Mais de meia hora até uma hora,Sem instrução e fundamental incompleto,2910,29,Bahia,45.5
Belo Horizonte,10 a 17 anos,1431.0,Mais de meia hora até uma hora,Sem instrução e fundamental incompleto,3101,31,Minas Gerais,45.5
Montes Claros,10 a 17 anos,269.0,Mais de meia hora até uma hora,Sem instrução e fundamental incompleto,3102,31,Minas Gerais,45.5
Teófilo Otoni,10 a 17 anos,207.0,Mais de meia hora até uma hora,Sem instrução e fundamental incompleto,3103,31,Minas Gerais,45.5
Governador Valadares,10 a 17 anos,191.0,Mais de meia hora até uma hora,Sem instrução e fundamental incompleto,3104,31,Minas Gerais,45.5
Ipatinga,10 a 17 anos,186.0,Mais de meia hora até uma hora,Sem instrução e fundamental incompleto,3105,31,Minas Gerais,45.5
Juíz de Fora,10 a 17 anos,643.0,Mais de meia hora até uma hora,Sem instrução e fundamental incompleto,3106,31,Minas Gerais,45.5
Barbacena,10 a 17 anos,120.0,Mais de meia hora até uma hora,Sem instrução e fundamental incompleto,3107,31,Minas Gerais,45.5
Varginha,10 a 17 anos,237.0,Mais de meia hora até uma hora,Sem instrução e fundamental incompleto,3108,31,Minas Gerais,45.5
Pouso Alegre,10 a 17 anos,216.0,Mais de meia hora até uma hora,Sem instrução e fundamental incompleto,3109,31,Minas Gerais,45.5
Uberaba,10 a 17 anos,163.0,Mais de meia hora até uma hora,Sem instrução e fundamental incompleto,3110,31,Minas Gerais,45.5
Uberlândia,10 a 17 anos,362.0,Mais de meia hora até uma hora,Sem instrução e fundamental incompleto,3111,31,Minas Gerais,45.5
Patos de Minas,10 a 17 anos,218.0,Mais de meia hora até uma hora,Sem instrução e fundamental incompleto,3112,31,Minas Gerais,45.5
Divinópolis,10 a 17 anos,350.0,Mais de meia hora até uma hora,Sem instrução e fundamental incompleto,3113,31,Minas Gerais,45.5
Vitória,10 a 17 anos,760.0,Mais de meia hora até uma hora,Sem instrução e fundamental incompleto,3201,32,Espírito Santo,45.5
São Mateus,10 a 17 anos,147.0,Mais de meia hora até uma hora,Sem instrução e fundamental incompleto,3202,32,Espírito Santo,45.5
Colatina,10 a 17 anos,51.0,Mais de meia hora até uma hora,Sem instrução e fundamental incompleto,3203,32,Espírito Santo,45.5
Cachoeiro do Itapemirim,10 a 17 anos,81.0,Mais de meia hora até uma hora,Sem instrução e fundamental incompleto,3204,32,Espírito Santo,45.5
Rio de Janeiro,10 a 17 anos,1711.0,Mais de meia hora até uma hora,Sem instrução e fundamental incompleto,3301,33,Rio de Janeiro,45.5
Volta Redonda - Barra Mansa,10 a 17 anos,119.0,Mais de meia hora até uma hora,Sem instrução e fundamental incompleto,3302,33,Rio de Janeiro,45.5
Petrópolis,10 a 17 anos,154.0,Mais de meia hora até uma hora,Sem instrução e fundamental incompleto,3303,33,Rio de Janeiro,45.5
Campos dos Goytacazes,10 a 17 anos,143.0,Mais de meia hora até uma hora,Sem instrução e fundamental incompleto,3304,33,Rio de Janeiro,45.5
Macaé - Rio das Ostras - Cabo Frio,10 a 17 anos,132.0,Mais de meia hora até uma hora,Sem instrução e fundamental incompleto,3305,33,Rio de Janeiro,45.5
São Paulo,10 a 17 anos,3168.0,Mais de meia hora até uma hora,Sem instrução e fundamental incompleto,3501,35,São Paulo,45.5
Sorocaba,10 a 17 anos,309.0,Mais de meia hora até uma hora,Sem instrução e fundamental incompleto,3502,35,São Paulo,45.5
Bauru,10 a 17 anos,181.0,Mais de meia hora até uma hora,Sem instrução e fundamental incompleto,3503,35,São Paulo,45.5
Marília,10 a 17 anos,65.0,Mais de meia hora até uma hora,Sem instrução e fundamental incompleto,3504,35,São Paulo,45.5
Presidente Prudente,10 a 17 anos,28.0,Mais de meia hora até uma hora,Sem instrução e fundamental incompleto,3505,35,São Paulo,45.5
Araçatuba,10 a 17 anos,37.0,Mais de meia hora até uma hora,Sem instrução e fundamental incompleto,3506,35,São Paulo,45.5
São José do Rio Preto,10 a 17 anos,199.0,Mais de meia hora até uma hora,Sem instrução e fundamental incompleto,3507,35,São Paulo,45.5
Ribeirão Preto,10 a 17 anos,346.0,Mais de meia hora até uma hora,Sem instrução e fundamental incompleto,3508,35,São Paulo,45.5
Araraquara,10 a 17 anos,47.0,Mais de meia hora até uma hora,Sem instrução e fundamental incompleto,3509,35,São Paulo,45.5
Campinas,10 a 17 anos,705.0,Mais de meia hora até uma hora,Sem instrução e fundamental incompleto,3510,35,São Paulo,45.5
São José dos Campos,10 a 17 anos,321.0,Mais de meia hora até uma hora,Sem instrução e fundamental incompleto,3511,35,São Paulo,45.5
Curitiba,10 a 17 anos,847.0,Mais de meia hora até uma hora,Sem instrução e fundamental incompleto,4101,41,Paraná,45.5
Guarapuava,10 a 17 anos,98.0,Mais de meia hora até uma hora,Sem instrução e fundamental incompleto,4102,41,Paraná,45.5
Cascavel,10 a 17 anos,332.0,Mais de meia hora até uma hora,Sem instrução e fundamental incompleto,4103,41,Paraná,45.5
Maringá,10 a 17 anos,193.0,Mais de meia hora até uma hora,Sem instrução e fundamental incompleto,4104,41,Paraná,45.5
Londrina,10 a 17 anos,325.0,Mais de meia hora até uma hora,Sem instrução e fundamental incompleto,4105,41,Paraná,45.5
Ponta Grossa,10 a 17 anos,138.0,Mais de meia hora até uma hora,Sem instrução e fundamental incompleto,4106,41,Paraná,45.5
Florianópolis,10 a 17 anos,201.0,Mais de meia hora até uma hora,Sem instrução e fundamental incompleto,4201,42,Santa Catarina,45.5
Criciúma,10 a 17 anos,155.0,Mais de meia hora até uma hora,Sem instrução e fundamental incompleto,4202,42,Santa Catarina,45.5
Lages,10 a 17 anos,99.0,Mais de meia hora até uma hora,Sem instrução e fundamental incompleto,4203,42,Santa Catarina,45.5
Chapecó,10 a 17 anos,185.0,Mais de meia hora até uma hora,Sem instrução e fundamental incompleto,4204,42,Santa Catarina,45.5
Caçador,10 a 17 anos,38.0,Mais de meia hora até uma hora,Sem instrução e fundamental incompleto,4205,42,Santa Catarina,45.5
Joinville,10 a 17 anos,303.0,Mais de meia hora até uma hora,Sem instrução e fundamental incompleto,4206,42,Santa Catarina,45.5
Blumenau,10 a 17 anos,405.0,Mais de meia hora até uma hora,Sem instrução e fundamental incompleto,4207,42,Santa Catarina,45.5
Porto Alegre,10 a 17 anos,1036.0,Mais de meia hora até uma hora,Sem instrução e fundamental incompleto,4301,43,Rio Grande do Sul,45.5
Pelotas,10 a 17 anos,137.0,Mais de meia hora até uma hora,Sem instrução e fundamental incompleto,4302,43,Rio Grande do Sul,45.5
Santa Maria,10 a 17 anos,98.0,Mais de meia hora até uma hora,Sem instrução e fundamental incompleto,4303,43,Rio Grande do Sul,45.5
Uruguaiana,10 a 17 anos,67.0,Mais de meia hora até uma hora,Sem instrução e fundamental incompleto,4304,43,Rio Grande do Sul,45.5
Ijuí,10 a 17 anos,67.0,Mais de meia hora até uma hora,Sem instrução e fundamental incompleto,4305,43,Rio Grande do Sul,45.5
Passo Fundo,10 a 17 anos,210.0,Mais de meia hora até uma hora,Sem instrução e fundamental incompleto,4306,43,Rio Grande do Sul,45.5
Caxias do Sul,10 a 17 anos,221.0,Mais de meia hora até uma hora,Sem instrução e fundamental incompleto,4307,43,Rio Grande do Sul,45.5
Santa Cruz do Sul - Lajeado,10 a 17 anos,132.0,Mais de meia hora até uma hora,Sem instrução e fundamental incompleto,4308,43,Rio Grande do Sul,45.5
Campo Grande,10 a 17 anos,364.0,Mais de meia hora até uma hora,Sem instrução e fundamental incompleto,5001,50,Mato Grosso do Sul,45.5
Dourados,10 a 17 anos,239.0,Mais de meia hora até uma hora,Sem instrução e fundamental incompleto,5002,50,Mato Grosso do Sul,45.5
Corumbá,10 a 17 anos,45.0,Mais de meia hora até uma hora,Sem instrução e fundamental incompleto,5003,50,Mato Grosso do Sul,45.5
Cuiabá,10 a 17 anos,485.0,Mais de meia hora até uma hora,Sem instrução e fundamental incompleto,5101,51,Mato Grosso,45.5
Cáceres,10 a 17 anos,37.0,Mais de meia hora até uma hora,Sem instrução e fundamental incompleto,5102,51,Mato Grosso,45.5
Sinop,10 a 17 anos,146.0,Mais de meia hora até uma hora,Sem instrução e fundamental incompleto,5103,51,Mato Grosso,45.5
Barra do Garças,10 a 17 anos,49.0,Mais de meia hora até uma hora,Sem instrução e fundamental incompleto,5104,51,Mato Grosso,45.5
Rondonópolis,10 a 17 anos,94.0,Mais de meia hora até uma hora,Sem instrução e fundamental incompleto,5105,51,Mato Grosso,45.5
Goiânia,10 a 17 anos,966.0,Mais de meia hora até uma hora,Sem instrução e fundamental incompleto,5201,52,Goiás,45.5
Itumbiara,10 a 17 anos,111.0,Mais de meia hora até uma hora,Sem instrução e fundamental incompleto,5202,52,Goiás,45.5
Rio Verde,10 a 17 anos,235.0,Mais de meia hora até uma hora,Sem instrução e fundamental incompleto,5203,52,Goiás,45.5
São Luís de Montes Belos - Iporá,10 a 17 anos,17.0,Mais de meia hora até uma hora,Sem instrução e fundamental incompleto,5204,52,Goiás,45.5
Porangatu - Uruaçu,10 a 17 anos,86.0,Mais de meia hora até uma hora,Sem instrução e fundamental incompleto,5205,52,Goiás,45.5
Luziânia - Águas Lindas de Goiás,10 a 17 anos,420.0,Mais de meia hora até uma hora,Sem instrução e fundamental incompleto,5206,52,Goiás,45.5
Distrito Federal,10 a 17 anos,897.0,Mais de meia hora até uma hora,Sem instrução e fundamental incompleto,5301,53,Distrito Federal,45.5
Porto Velho,10 a 17 anos,315.0,Mais de meia hora até uma hora,Fundamental completo e médio incompleto,1101,11,Rondônia,45.5
Ji-Paraná,10 a 17 anos,174.0,Mais de meia hora até uma hora,Fundamental completo e médio incompleto,1102,11,Rondônia,45.5
Rio Branco,10 a 17 anos,130.0,Mais de meia hora até uma hora,Fundamental completo e médio incompleto,1201,12,Acre,45.5
Cruzeiro do Sul,10 a 17 anos,66.0,Mais de meia hora até uma hora,Fundamental completo e médio incompleto,1202,12,Acre,45.5
Manaus,10 a 17 anos,1490.0,Mais de meia hora até uma hora,Fundamental completo e médio incompleto,1301,13,Amazonas,45.5
Tefé,10 a 17 anos,217.0,Mais de meia hora até uma hora,Fundamental completo e médio incompleto,1302,13,Amazonas,45.5
Lábrea,10 a 17 anos,162.0,Mais de meia hora até uma hora,Fundamental completo e médio incompleto,1303,13,Amazonas,45.5
Parintins,10 a 17 anos,72.0,Mais de meia hora até uma hora,Fundamental completo e médio incompleto,1304,13,Amazonas,45.5
Boa Vista,10 a 17 anos,198.0,Mais de meia hora até uma hora,Fundamental completo e médio incompleto,1401,14,Roraima,45.5
Rorainópolis - Caracaraí,10 a 17 anos,62.0,Mais de meia hora até uma hora,Fundamental completo e médio incompleto,1402,14,Roraima,45.5
Belém,10 a 17 anos,1137.0,Mais de meia hora até uma hora,Fundamental completo e médio incompleto,1501,15,Pará,45.5
Castanhal,10 a 17 anos,445.0,Mais de meia hora até uma hora,Fundamental completo e médio incompleto,1502,15,Pará,45.5
Marabá,10 a 17 anos,480.0,Mais de meia hora até uma hora,Fundamental completo e médio incompleto,1503,15,Pará,45.5
Redenção,10 a 17 anos,210.0,Mais de meia hora até uma hora,Fundamental completo e médio incompleto,1504,15,Pará,45.5
Santarém,10 a 17 anos,312.0,Mais de meia hora até uma hora,Fundamental completo e médio incompleto,1505,15,Pará,45.5
Altamira,10 a 17 anos,86.0,Mais de meia hora até uma hora,Fundamental completo e médio incompleto,1506,15,Pará,45.5
Breves,10 a 17 anos,32.0,Mais de meia hora até uma hora,Fundamental completo e médio incompleto,1507,15,Pará,45.5
Macapá,10 a 17 anos,199.0,Mais de meia hora até uma hora,Fundamental completo e médio incompleto,1601,16,Amapá,45.5
Oiapoque - Porto Grande,10 a 17 anos,32.0,Mais de meia hora até uma hora,Fundamental completo e médio incompleto,1602,16,Amapá,45.5
Palmas,10 a 17 anos,475.0,Mais de meia hora até uma hora,Fundamental completo e médio incompleto,1701,17,Tocantins,45.5
Araguaína,10 a 17 anos,139.0,Mais de meia hora até uma hora,Fundamental completo e médio incompleto,1702,17,Tocantins,45.5
Gurupi,10 a 17 anos,86.0,Mais de meia hora até uma hora,Fundamental completo e médio incompleto,1703,17,Tocantins,45.5
São Luís,10 a 17 anos,715.0,Mais de meia hora até uma hora,Fundamental completo e médio incompleto,2101,21,Maranhão,45.5
Santa Inês - Bacabal,10 a 17 anos,322.0,Mais de meia hora até uma hora,Fundamental completo e médio incompleto,2102,21,Maranhão,45.5
Caxias,10 a 17 anos,160.0,Mais de meia hora até uma hora,Fundamental completo e médio incompleto,2103,21,Maranhão,45.5
Presidente Dutra,10 a 17 anos,74.0,Mais de meia hora até uma hora,Fundamental completo e médio incompleto,2104,21,Maranhão,45.5
Imperatriz,10 a 17 anos,324.0,Mais de meia hora até uma hora,Fundamental completo e médio incompleto,2105,21,Maranhão,45.5
Teresina,10 a 17 anos,427.0,Mais de meia hora até uma hora,Fundamental completo e médio incompleto,2201,22,Piauí,45.5
Parnaíba,10 a 17 anos,86.0,Mais de meia hora até uma hora,Fundamental completo e médio incompleto,2202,22,Piauí,45.5
Picos,10 a 17 anos,26.0,Mais de meia hora até uma hora,Fundamental completo e médio incompleto,2203,22,Piauí,45.5
São Raimundo Nonato,10 a 17 anos,11.0,Mais de meia hora até uma hora,Fundamental completo e médio incompleto,2204,22,Piauí,45.5
Corrente - Bom Jesus,10 a 17 anos,18.0,Mais de meia hora até uma hora,Fundamental completo e médio incompleto,2205,22,Piauí,45.5
Floriano,10 a 17 anos,29.0,Mais de meia hora até uma hora,Fundamental completo e médio incompleto,2206,22,Piauí,45.5
Fortaleza,10 a 17 anos,1301.0,Mais de meia hora até uma hora,Fundamental completo e médio incompleto,2301,23,Ceará,45.5
Quixadá,10 a 17 anos,112.0,Mais de meia hora até uma hora,Fundamental completo e médio incompleto,2302,23,Ceará,45.5
Iguatu,10 a 17 anos,88.0,Mais de meia hora até uma hora,Fundamental completo e médio incompleto,2303,23,Ceará,45.5
Juazeiro do Norte,10 a 17 anos,236.0,Mais de meia hora até uma hora,Fundamental completo e médio incompleto,2304,23,Ceará,45.5
Crateús,10 a 17 anos,69.0,Mais de meia hora até uma hora,Fundamental completo e médio incompleto,2305,23,Ceará,45.5
Sobral,10 a 17 anos,226.0,Mais de meia hora até uma hora,Fundamental completo e médio incompleto,2306,23,Ceará,45.5
Natal,10 a 17 anos,667.0,Mais de meia hora até uma hora,Fundamental completo e médio incompleto,2401,24,Rio Grande do Norte,45.5
Caicó,10 a 17 anos,25.0,Mais de meia hora até uma hora,Fundamental completo e médio incompleto,2402,24,Rio Grande do Norte,45.5
Mossoró,10 a 17 anos,120.0,Mais de meia hora até uma hora,Fundamental completo e médio incompleto,2403,24,Rio Grande do Norte,45.5
João Pessoa,10 a 17 anos,371.0,Mais de meia hora até uma hora,Fundamental completo e médio incompleto,2501,25,Paraíba,45.5
Campina Grande,10 a 17 anos,175.0,Mais de meia hora até uma hora,Fundamental completo e médio incompleto,2502,25,Paraíba,45.5
Patos,10 a 17 anos,31.0,Mais de meia hora até uma hora,Fundamental completo e médio incompleto,2503,25,Paraíba,45.5
Sousa - Cajazeiras,10 a 17 anos,5.0,Mais de meia hora até uma hora,Fundamental completo e médio incompleto,2504,25,Paraíba,45.5
Recife,10 a 17 anos,1199.0,Mais de meia hora até uma hora,Fundamental completo e médio incompleto,2601,26,Pernambuco,45.5
Caruaru,10 a 17 anos,433.0,Mais de meia hora até uma hora,Fundamental completo e médio incompleto,2602,26,Pernambuco,45.5
Serra Talhada,10 a 17 anos,81.0,Mais de meia hora até uma hora,Fundamental completo e médio incompleto,2603,26,Pernambuco,45.5
Petrolina,10 a 17 anos,214.0,Mais de meia hora até uma hora,Fundamental completo e médio incompleto,2604,26,Pernambuco,45.5
Maceió,10 a 17 anos,589.0,Mais de meia hora até uma hora,Fundamental completo e médio incompleto,2701,27,Alagoas,45.5
Arapiraca,10 a 17 anos,255.0,Mais de meia hora até uma hora,Fundamental completo e médio incompleto,2702,27,Alagoas,45.5
Aracaju,10 a 17 anos,545.0,Mais de meia hora até uma hora,Fundamental completo e médio incompleto,2801,28,Sergipe,45.5
Itabaiana,10 a 17 anos,138.0,Mais de meia hora até uma hora,Fundamental completo e médio incompleto,2802,28,Sergipe,45.5
Salvador,10 a 17 anos,1424.0,Mais de meia hora até uma hora,Fundamental completo e médio incompleto,2901,29,Bahia,45.5
Santo Antônio de Jesus,10 a 17 anos,167.0,Mais de meia hora até uma hora,Fundamental completo e médio incompleto,2902,29,Bahia,45.5
Ilhéus - Itabuna,10 a 17 anos,673.0,Mais de meia hora até uma hora,Fundamental completo e médio incompleto,,,,45.5
Vitória da Conquista,10 a 17 anos,449.0,Mais de meia hora até uma hora,Fundamental completo e médio incompleto,2904,29,Bahia,45.5
Guanambi,10 a 17 anos,173.0,Mais de meia hora até uma hora,Fundamental completo e médio incompleto,2905,29,Bahia,45.5
Barreiras,10 a 17 anos,99.0,Mais de meia hora até uma hora,Fundamental completo e médio incompleto,2906,29,Bahia,45.5
Irecê,10 a 17 anos,276.0,Mais de meia hora até uma hora,Fundamental completo e médio incompleto,2907,29,Bahia,45.5
Juazeiro,10 a 17 anos,176.0,Mais de meia hora até uma hora,Fundamental completo e médio incompleto,2908,29,Bahia,45.5
Paulo Afonso,10 a 17 anos,86.0,Mais de meia hora até uma hora,Fundamental completo e médio incompleto,2909,29,Bahia,45.5
Feira de Santana,10 a 17 anos,524.0,Mais de meia hora até uma hora,Fundamental completo e médio incompleto,2910,29,Bahia,45.5
Belo Horizonte,10 a 17 anos,5382.0,Mais de meia hora até uma hora,Fundamental completo e médio incompleto,3101,31,Minas Gerais,45.5
Montes Claros,10 a 17 anos,617.0,Mais de meia hora até uma hora,Fundamental completo e médio incompleto,3102,31,Minas Gerais,45.5
Teófilo Otoni,10 a 17 anos,419.0,Mais de meia hora até uma hora,Fundamental completo e médio incompleto,3103,31,Minas Gerais,45.5
Governador Valadares,10 a 17 anos,348.0,Mais de meia hora até uma hora,Fundamental completo e médio incompleto,3104,31,Minas Gerais,45.5
Ipatinga,10 a 17 anos,534.0,Mais de meia hora até uma hora,Fundamental completo e médio incompleto,3105,31,Minas Gerais,45.5
Juíz de Fora,10 a 17 anos,1046.0,Mais de meia hora até uma hora,Fundamental completo e médio incompleto,3106,31,Minas Gerais,45.5
Barbacena,10 a 17 anos,329.0,Mais de meia hora até uma hora,Fundamental completo e médio incompleto,3107,31,Minas Gerais,45.5
Varginha,10 a 17 anos,793.0,Mais de meia hora até uma hora,Fundamental completo e médio incompleto,3108,31,Minas Gerais,45.5
Pouso Alegre,10 a 17 anos,670.0,Mais de meia hora até uma hora,Fundamental completo e médio incompleto,3109,31,Minas Gerais,45.5
Uberaba,10 a 17 anos,602.0,Mais de meia hora até uma hora,Fundamental completo e médio incompleto,3110,31,Minas Gerais,45.5
Uberlândia,10 a 17 anos,897.0,Mais de meia hora até uma hora,Fundamental completo e médio incompleto,3111,31,Minas Gerais,45.5
Patos de Minas,10 a 17 anos,554.0,Mais de meia hora até uma hora,Fundamental completo e médio incompleto,3112,31,Minas Gerais,45.5
Divinópolis,10 a 17 anos,968.0,Mais de meia hora até uma hora,Fundamental completo e médio incompleto,3113,31,Minas Gerais,45.5
Vitória,10 a 17 anos,2365.0,Mais de meia hora até uma hora,Fundamental completo e médio incompleto,3201,32,Espírito Santo,45.5
São Mateus,10 a 17 anos,339.0,Mais de meia hora até uma hora,Fundamental completo e médio incompleto,3202,32,Espírito Santo,45.5
Colatina,10 a 17 anos,223.0,Mais de meia hora até uma hora,Fundamental completo e médio incompleto,3203,32,Espírito Santo,45.5
Cachoeiro do Itapemirim,10 a 17 anos,231.0,Mais de meia hora até uma hora,Fundamental completo e médio incompleto,3204,32,Espírito Santo,45.5
Rio de Janeiro,10 a 17 anos,3463.0,Mais de meia hora até uma hora,Fundamental completo e médio incompleto,3301,33,Rio de Janeiro,45.5
Volta Redonda - Barra Mansa,10 a 17 anos,331.0,Mais de meia hora até uma hora,Fundamental completo e médio incompleto,3302,33,Rio de Janeiro,45.5
Petrópolis,10 a 17 anos,434.0,Mais de meia hora até uma hora,Fundamental completo e médio incompleto,3303,33,Rio de Janeiro,45.5
Campos dos Goytacazes,10 a 17 anos,240.0,Mais de meia hora até uma hora,Fundamental completo e médio incompleto,3304,33,Rio de Janeiro,45.5
Macaé - Rio das Ostras - Cabo Frio,10 a 17 anos,247.0,Mais de meia hora até uma hora,Fundamental completo e médio incompleto,3305,33,Rio de Janeiro,45.5
São Paulo,10 a 17 anos,16922.0,Mais de meia hora até uma hora,Fundamental completo e médio incompleto,3501,35,São Paulo,45.5
Sorocaba,10 a 17 anos,1714.0,Mais de meia hora até uma hora,Fundamental completo e médio incompleto,3502,35,São Paulo,45.5
Bauru,10 a 17 anos,1237.0,Mais de meia hora até uma hora,Fundamental completo e médio incompleto,3503,35,São Paulo,45.5
Marília,10 a 17 anos,663.0,Mais de meia hora até uma hora,Fundamental completo e médio incompleto,3504,35,São Paulo,45.5
Presidente Prudente,10 a 17 anos,260.0,Mais de meia hora até uma hora,Fundamental completo e médio incompleto,3505,35,São Paulo,45.5
Araçatuba,10 a 17 anos,216.0,Mais de meia hora até uma hora,Fundamental completo e médio incompleto,3506,35,São Paulo,45.5
São José do Rio Preto,10 a 17 anos,850.0,Mais de meia hora até uma hora,Fundamental completo e médio incompleto,3507,35,São Paulo,45.5
Ribeirão Preto,10 a 17 anos,1378.0,Mais de meia hora até uma hora,Fundamental completo e médio incompleto,3508,35,São Paulo,45.5
Araraquara,10 a 17 anos,676.0,Mais de meia hora até uma hora,Fundamental completo e médio incompleto,3509,35,São Paulo,45.5
Campinas,10 a 17 anos,4937.0,Mais de meia hora até uma hora,Fundamental completo e médio incompleto,3510,35,São Paulo,45.5
São José dos Campos,10 a 17 anos,1371.0,Mais de meia hora até uma hora,Fundamental completo e médio incompleto,3511,35,São Paulo,45.5
Curitiba,10 a 17 anos,3276.0,Mais de meia hora até uma hora,Fundamental completo e médio incompleto,4101,41,Paraná,45.5
Guarapuava,10 a 17 anos,223.0,Mais de meia hora até uma hora,Fundamental completo e médio incompleto,4102,41,Paraná,45.5
Cascavel,10 a 17 anos,1650.0,Mais de meia hora até uma hora,Fundamental completo e médio incompleto,4103,41,Paraná,45.5
Maringá,10 a 17 anos,953.0,Mais de meia hora até uma hora,Fundamental completo e médio incompleto,4104,41,Paraná,45.5
Londrina,10 a 17 anos,1180.0,Mais de meia hora até uma hora,Fundamental completo e médio incompleto,4105,41,Paraná,45.5
Ponta Grossa,10 a 17 anos,606.0,Mais de meia hora até uma hora,Fundamental completo e médio incompleto,4106,41,Paraná,45.5
Florianópolis,10 a 17 anos,911.0,Mais de meia hora até uma hora,Fundamental completo e médio incompleto,4201,42,Santa Catarina,45.5
Criciúma,10 a 17 anos,558.0,Mais de meia hora até uma hora,Fundamental completo e médio incompleto,4202,42,Santa Catarina,45.5
Lages,10 a 17 anos,194.0,Mais de meia hora até uma hora,Fundamental completo e médio incompleto,4203,42,Santa Catarina,45.5
Chapecó,10 a 17 anos,778.0,Mais de meia hora até uma hora,Fundamental completo e médio incompleto,4204,42,Santa Catarina,45.5
Caçador,10 a 17 anos,79.0,Mais de meia hora até uma hora,Fundamental completo e médio incompleto,4205,42,Santa Catarina,45.5
Joinville,10 a 17 anos,1519.0,Mais de meia hora até uma hora,Fundamental completo e médio incompleto,4206,42,Santa Catarina,45.5
Blumenau,10 a 17 anos,1657.0,Mais de meia hora até uma hora,Fundamental completo e médio incompleto,4207,42,Santa Catarina,45.5
Porto Alegre,10 a 17 anos,3976.0,Mais de meia hora até uma hora,Fundamental completo e médio incompleto,4301,43,Rio Grande do Sul,45.5
Pelotas,10 a 17 anos,397.0,Mais de meia hora até uma hora,Fundamental completo e médio incompleto,4302,43,Rio Grande do Sul,45.5
Santa Maria,10 a 17 anos,369.0,Mais de meia hora até uma hora,Fundamental completo e médio incompleto,4303,43,Rio Grande do Sul,45.5
Uruguaiana,10 a 17 anos,198.0,Mais de meia hora até uma hora,Fundamental completo e médio incompleto,4304,43,Rio Grande do Sul,45.5
Ijuí,10 a 17 anos,245.0,Mais de meia hora até uma hora,Fundamental completo e médio incompleto,4305,43,Rio Grande do Sul,45.5
Passo Fundo,10 a 17 anos,680.0,Mais de meia hora até uma hora,Fundamental completo e médio incompleto,4306,43,Rio Grande do Sul,45.5
Caxias do Sul,10 a 17 anos,1458.0,Mais de meia hora até uma hora,Fundamental completo e médio incompleto,4307,43,Rio Grande do Sul,45.5
Santa Cruz do Sul - Lajeado,10 a 17 anos,518.0,Mais de meia hora até uma hora,Fundamental completo e médio incompleto,4308,43,Rio Grande do Sul,45.5
Campo Grande,10 a 17 anos,1268.0,Mais de meia hora até uma hora,Fundamental completo e médio incompleto,5001,50,Mato Grosso do Sul,45.5
Dourados,10 a 17 anos,266.0,Mais de meia hora até uma hora,Fundamental completo e médio incompleto,5002,50,Mato Grosso do Sul,45.5
Corumbá,10 a 17 anos,132.0,Mais de meia hora até uma hora,Fundamental completo e médio incompleto,5003,50,Mato Grosso do Sul,45.5
Cuiabá,10 a 17 anos,1183.0,Mais de meia hora até uma hora,Fundamental completo e médio incompleto,5101,51,Mato Grosso,45.5
Cáceres,10 a 17 anos,75.0,Mais de meia hora até uma hora,Fundamental completo e médio incompleto,5102,51,Mato Grosso,45.5
Sinop,10 a 17 anos,450.0,Mais de meia hora até uma hora,Fundamental completo e médio incompleto,5103,51,Mato Grosso,45.5
Barra do Garças,10 a 17 anos,52.0,Mais de meia hora até uma hora,Fundamental completo e médio incompleto,5104,51,Mato Grosso,45.5
Rondonópolis,10 a 17 anos,299.0,Mais de meia hora até uma hora,Fundamental completo e médio incompleto,5105,51,Mato Grosso,45.5
Goiânia,10 a 17 anos,3094.0,Mais de meia hora até uma hora,Fundamental completo e médio incompleto,5201,52,Goiás,45.5
Itumbiara,10 a 17 anos,234.0,Mais de meia hora até uma hora,Fundamental completo e médio incompleto,5202,52,Goiás,45.5
Rio Verde,10 a 17 anos,287.0,Mais de meia hora até uma hora,Fundamental completo e médio incompleto,5203,52,Goiás,45.5
São Luís de Montes Belos - Iporá,10 a 17 anos,80.0,Mais de meia hora até uma hora,Fundamental completo e médio incompleto,5204,52,Goiás,45.5
Porangatu - Uruaçu,10 a 17 anos,190.0,Mais de meia hora até uma hora,Fundamental completo e médio incompleto,5205,52,Goiás,45.5
Luziânia - Águas Lindas de Goiás,10 a 17 anos,943.0,Mais de meia hora até uma hora,Fundamental completo e médio incompleto,5206,52,Goiás,45.5
Distrito Federal,10 a 17 anos,3138.0,Mais de meia hora até uma hora,Fundamental completo e médio incompleto,5301,53,Distrito Federal,45.5
Porto Velho,10 a 17 anos,10.0,Mais de meia hora até uma hora,Médio completo e superior incompleto,1101,11,Rondônia,45.5
Rio Branco,10 a 17 anos,9.0,Mais de meia hora até uma hora,Médio completo e superior incompleto,1201,12,Acre,45.5
Manaus,10 a 17 anos,54.0,Mais de meia hora até uma hora,Médio completo e superior incompleto,1301,13,Amazonas,45.5
Tefé,10 a 17 anos,16.0,Mais de meia hora até uma hora,Médio completo e superior incompleto,1302,13,Amazonas,45.5
Parintins,10 a 17 anos,1.0,Mais de meia hora até uma hora,Médio completo e superior incompleto,1304,13,Amazonas,45.5
Boa Vista,10 a 17 anos,57.0,Mais de meia hora até uma hora,Médio completo e superior incompleto,1401,14,Roraima,45.5
Belém,10 a 17 anos,71.0,Mais de meia hora até uma hora,Médio completo e superior incompleto,1501,15,Pará,45.5
Castanhal,10 a 17 anos,7.0,Mais de meia hora até uma hora,Médio completo e superior incompleto,1502,15,Pará,45.5
Marabá,10 a 17 anos,82.0,Mais de meia hora até uma hora,Médio completo e superior incompleto,1503,15,Pará,45.5
Santarém,10 a 17 anos,26.0,Mais de meia hora até uma hora,Médio completo e superior incompleto,1505,15,Pará,45.5
Macapá,10 a 17 anos,17.0,Mais de meia hora até uma hora,Médio completo e superior incompleto,1601,16,Amapá,45.5
Palmas,10 a 17 anos,76.0,Mais de meia hora até uma hora,Médio completo e superior incompleto,1701,17,Tocantins,45.5
Araguaína,10 a 17 anos,27.0,Mais de meia hora até uma hora,Médio completo e superior incompleto,1702,17,Tocantins,45.5
Gurupi,10 a 17 anos,8.0,Mais de meia hora até uma hora,Médio completo e superior incompleto,1703,17,Tocantins,45.5
São Luís,10 a 17 anos,129.0,Mais de meia hora até uma hora,Médio completo e superior incompleto,2101,21,Maranhão,45.5
Santa Inês - Bacabal,10 a 17 anos,20.0,Mais de meia hora até uma hora,Médio completo e superior incompleto,2102,21,Maranhão,45.5
Presidente Dutra,10 a 17 anos,10.0,Mais de meia hora até uma hora,Médio completo e superior incompleto,2104,21,Maranhão,45.5
Imperatriz,10 a 17 anos,43.0,Mais de meia hora até uma hora,Médio completo e superior incompleto,2105,21,Maranhão,45.5
Teresina,10 a 17 anos,22.0,Mais de meia hora até uma hora,Médio completo e superior incompleto,2201,22,Piauí,45.5
Parnaíba,10 a 17 anos,11.0,Mais de meia hora até uma hora,Médio completo e superior incompleto,2202,22,Piauí,45.5
Picos,10 a 17 anos,3.0,Mais de meia hora até uma hora,Médio completo e superior incompleto,2203,22,Piauí,45.5
São Raimundo Nonato,10 a 17 anos,3.0,Mais de meia hora até uma hora,Médio completo e superior incompleto,2204,22,Piauí,45.5
Corrente - Bom Jesus,10 a 17 anos,6.0,Mais de meia hora até uma hora,Médio completo e superior incompleto,2205,22,Piauí,45.5
Floriano,10 a 17 anos,3.0,Mais de meia hora até uma hora,Médio completo e superior incompleto,2206,22,Piauí,45.5
Fortaleza,10 a 17 anos,268.0,Mais de meia hora até uma hora,Médio completo e superior incompleto,2301,23,Ceará,45.5
Juazeiro do Norte,10 a 17 anos,11.0,Mais de meia hora até uma hora,Médio completo e superior incompleto,2304,23,Ceará,45.5
Sobral,10 a 17 anos,11.0,Mais de meia hora até uma hora,Médio completo e superior incompleto,2306,23,Ceará,45.5
Natal,10 a 17 anos,24.0,Mais de meia hora até uma hora,Médio completo e superior incompleto,2401,24,Rio Grande do Norte,45.5
João Pessoa,10 a 17 anos,133.0,Mais de meia hora até uma hora,Médio completo e superior incompleto,2501,25,Paraíba,45.5
Campina Grande,10 a 17 anos,16.0,Mais de meia hora até uma hora,Médio completo e superior incompleto,2502,25,Paraíba,45.5
Patos,10 a 17 anos,6.0,Mais de meia hora até uma hora,Médio completo e superior incompleto,2503,25,Paraíba,45.5
Recife,10 a 17 anos,283.0,Mais de meia hora até uma hora,Médio completo e superior incompleto,2601,26,Pernambuco,45.5
Caruaru,10 a 17 anos,86.0,Mais de meia hora até uma hora,Médio completo e superior incompleto,2602,26,Pernambuco,45.5
Serra Talhada,10 a 17 anos,10.0,Mais de meia hora até uma hora,Médio completo e superior incompleto,2603,26,Pernambuco,45.5
Petrolina,10 a 17 anos,41.0,Mais de meia hora até uma hora,Médio completo e superior incompleto,2604,26,Pernambuco,45.5
Maceió,10 a 17 anos,34.0,Mais de meia hora até uma hora,Médio completo e superior incompleto,2701,27,Alagoas,45.5
Arapiraca,10 a 17 anos,17.0,Mais de meia hora até uma hora,Médio completo e superior incompleto,2702,27,Alagoas,45.5
Aracaju,10 a 17 anos,21.0,Mais de meia hora até uma hora,Médio completo e superior incompleto,2801,28,Sergipe,45.5
Itabaiana,10 a 17 anos,6.0,Mais de meia hora até uma hora,Médio completo e superior incompleto,2802,28,Sergipe,45.5
Salvador,10 a 17 anos,180.0,Mais de meia hora até uma hora,Médio completo e superior incompleto,2901,29,Bahia,45.5
Santo Antônio de Jesus,10 a 17 anos,17.0,Mais de meia hora até uma hora,Médio completo e superior incompleto,2902,29,Bahia,45.5
Ilhéus - Itabuna,10 a 17 anos,57.0,Mais de meia hora até uma hora,Médio completo e superior incompleto,,,,45.5
Vitória da Conquista,10 a 17 anos,27.0,Mais de meia hora até uma hora,Médio completo e superior incompleto,2904,29,Bahia,45.5
Juazeiro,10 a 17 anos,26.0,Mais de meia hora até uma hora,Médio completo e superior incompleto,2908,29,Bahia,45.5
Feira de Santana,10 a 17 anos,32.0,Mais de meia hora até uma hora,Médio completo e superior incompleto,2910,29,Bahia,45.5
Belo Horizonte,10 a 17 anos,338.0,Mais de meia hora até uma hora,Médio completo e superior incompleto,3101,31,Minas Gerais,45.5
Montes Claros,10 a 17 anos,59.0,Mais de meia hora até uma hora,Médio completo e superior incompleto,3102,31,Minas Gerais,45.5
Teófilo Otoni,10 a 17 anos,40.0,Mais de meia hora até uma hora,Médio completo e superior incompleto,3103,31,Minas Gerais,45.5
Governador Valadares,10 a 17 anos,10.0,Mais de meia hora até uma hora,Médio completo e superior incompleto,3104,31,Minas Gerais,45.5
Ipatinga,10 a 17 anos,38.0,Mais de meia hora até uma hora,Médio completo e superior incompleto,3105,31,Minas Gerais,45.5
Juíz de Fora,10 a 17 anos,65.0,Mais de meia hora até uma hora,Médio completo e superior incompleto,3106,31,Minas Gerais,45.5
Barbacena,10 a 17 anos,5.0,Mais de meia hora até uma hora,Médio completo e superior incompleto,3107,31,Minas Gerais,45.5
Varginha,10 a 17 anos,55.0,Mais de meia hora até uma hora,Médio completo e superior incompleto,3108,31,Minas Gerais,45.5
Pouso Alegre,10 a 17 anos,63.0,Mais de meia hora até uma hora,Médio completo e superior incompleto,3109,31,Minas Gerais,45.5
Uberaba,10 a 17 anos,70.0,Mais de meia hora até uma hora,Médio completo e superior incompleto,3110,31,Minas Gerais,45.5
Uberlândia,10 a 17 anos,104.0,Mais de meia hora até uma hora,Médio completo e superior incompleto,3111,31,Minas Gerais,45.5
Patos de Minas,10 a 17 anos,11.0,Mais de meia hora até uma hora,Médio completo e superior incompleto,3112,31,Minas Gerais,45.5
Divinópolis,10 a 17 anos,46.0,Mais de meia hora até uma hora,Médio completo e superior incompleto,3113,31,Minas Gerais,45.5
Vitória,10 a 17 anos,80.0,Mais de meia hora até uma hora,Médio completo e superior incompleto,3201,32,Espírito Santo,45.5
São Mateus,10 a 17 anos,44.0,Mais de meia hora até uma hora,Médio completo e superior incompleto,3202,32,Espírito Santo,45.5
Colatina,10 a 17 anos,6.0,Mais de meia hora até uma hora,Médio completo e superior incompleto,3203,32,Espírito Santo,45.5
Cachoeiro do Itapemirim,10 a 17 anos,6.0,Mais de meia hora até uma hora,Médio completo e superior incompleto,3204,32,Espírito Santo,45.5
Rio de Janeiro,10 a 17 anos,452.0,Mais de meia hora até uma hora,Médio completo e superior incompleto,3301,33,Rio de Janeiro,45.5
Volta Redonda - Barra Mansa,10 a 17 anos,23.0,Mais de meia hora até uma hora,Médio completo e superior incompleto,3302,33,Rio de Janeiro,45.5
Petrópolis,10 a 17 anos,42.0,Mais de meia hora até uma hora,Médio completo e superior incompleto,3303,33,Rio de Janeiro,45.5
Campos dos Goytacazes,10 a 17 anos,1.0,Mais de meia hora até uma hora,Médio completo e superior incompleto,3304,33,Rio de Janeiro,45.5
Macaé - Rio das Ostras - Cabo Frio,10 a 17 anos,30.0,Mais de meia hora até uma hora,Médio completo e superior incompleto,3305,33,Rio de Janeiro,45.5
São Paulo,10 a 17 anos,3109.0,Mais de meia hora até uma hora,Médio completo e superior incompleto,3501,35,São Paulo,45.5
Sorocaba,10 a 17 anos,281.0,Mais de meia hora até uma hora,Médio completo e superior incompleto,3502,35,São Paulo,45.5
Bauru,10 a 17 anos,155.0,Mais de meia hora até uma hora,Médio completo e superior incompleto,3503,35,São Paulo,45.5
Marília,10 a 17 anos,42.0,Mais de meia hora até uma hora,Médio completo e superior incompleto,3504,35,São Paulo,45.5
Presidente Prudente,10 a 17 anos,49.0,Mais de meia hora até uma hora,Médio completo e superior incompleto,3505,35,São Paulo,45.5
São José do Rio Preto,10 a 17 anos,35.0,Mais de meia hora até uma hora,Médio completo e superior incompleto,3507,35,São Paulo,45.5
Ribeirão Preto,10 a 17 anos,147.0,Mais de meia hora até uma hora,Médio completo e superior incompleto,3508,35,São Paulo,45.5
Araraquara,10 a 17 anos,88.0,Mais de meia hora até uma hora,Médio completo e superior incompleto,3509,35,São Paulo,45.5
Campinas,10 a 17 anos,639.0,Mais de meia hora até uma hora,Médio completo e superior incompleto,3510,35,São Paulo,45.5
São José dos Campos,10 a 17 anos,197.0,Mais de meia hora até uma hora,Médio completo e superior incompleto,3511,35,São Paulo,45.5
Curitiba,10 a 17 anos,843.0,Mais de meia hora até uma hora,Médio completo e superior incompleto,4101,41,Paraná,45.5
Guarapuava,10 a 17 anos,11.0,Mais de meia hora até uma hora,Médio completo e superior incompleto,4102,41,Paraná,45.5
Cascavel,10 a 17 anos,264.0,Mais de meia hora até uma hora,Médio completo e superior incompleto,4103,41,Paraná,45.5
Maringá,10 a 17 anos,209.0,Mais de meia hora até uma hora,Médio completo e superior incompleto,4104,41,Paraná,45.5
Londrina,10 a 17 anos,183.0,Mais de meia hora até uma hora,Médio completo e superior incompleto,4105,41,Paraná,45.5
Ponta Grossa,10 a 17 anos,114.0,Mais de meia hora até uma hora,Médio completo e superior incompleto,4106,41,Paraná,45.5
Florianópolis,10 a 17 anos,46.0,Mais de meia hora até uma hora,Médio completo e superior incompleto,4201,42,Santa Catarina,45.5
Criciúma,10 a 17 anos,39.0,Mais de meia hora até uma hora,Médio completo e superior incompleto,4202,42,Santa Catarina,45.5
Lages,10 a 17 anos,16.0,Mais de meia hora até uma hora,Médio completo e superior incompleto,4203,42,Santa Catarina,45.5
Chapecó,10 a 17 anos,43.0,Mais de meia hora até uma hora,Médio completo e superior incompleto,4204,42,Santa Catarina,45.5
Joinville,10 a 17 anos,129.0,Mais de meia hora até uma hora,Médio completo e superior incompleto,4206,42,Santa Catarina,45.5
Blumenau,10 a 17 anos,107.0,Mais de meia hora até uma hora,Médio completo e superior incompleto,4207,42,Santa Catarina,45.5
Porto Alegre,10 a 17 anos,325.0,Mais de meia hora até uma hora,Médio completo e superior incompleto,4301,43,Rio Grande do Sul,45.5
Pelotas,10 a 17 anos,13.0,Mais de meia hora até uma hora,Médio completo e superior incompleto,4302,43,Rio Grande do Sul,45.5
Santa Maria,10 a 17 anos,28.0,Mais de meia hora até uma hora,Médio completo e superior incompleto,4303,43,Rio Grande do Sul,45.5
Uruguaiana,10 a 17 anos,12.0,Mais de meia hora até uma hora,Médio completo e superior incompleto,4304,43,Rio Grande do Sul,45.5
Ijuí,10 a 17 anos,6.0,Mais de meia hora até uma hora,Médio completo e superior incompleto,4305,43,Rio Grande do Sul,45.5
Passo Fundo,10 a 17 anos,29.0,Mais de meia hora até uma hora,Médio completo e superior incompleto,4306,43,Rio Grande do Sul,45.5
Caxias do Sul,10 a 17 anos,53.0,Mais de meia hora até uma hora,Médio completo e superior incompleto,4307,43,Rio Grande do Sul,45.5
Santa Cruz do Sul - Lajeado,10 a 17 anos,38.0,Mais de meia hora até uma hora,Médio completo e superior incompleto,4308,43,Rio Grande do Sul,45.5
Campo Grande,10 a 17 anos,247.0,Mais de meia hora até uma hora,Médio completo e superior incompleto,5001,50,Mato Grosso do Sul,45.5
Dourados,10 a 17 anos,75.0,Mais de meia hora até uma hora,Médio completo e superior incompleto,5002,50,Mato Grosso do Sul,45.5
Corumbá,10 a 17 anos,21.0,Mais de meia hora até uma hora,Médio completo e superior incompleto,5003,50,Mato Grosso do Sul,45.5
Cuiabá,10 a 17 anos,162.0,Mais de meia hora até uma hora,Médio completo e superior incompleto,5101,51,Mato Grosso,45.5
Cáceres,10 a 17 anos,19.0,Mais de meia hora até uma hora,Médio completo e superior incompleto,5102,51,Mato Grosso,45.5
Sinop,10 a 17 anos,88.0,Mais de meia hora até uma hora,Médio completo e superior incompleto,5103,51,Mato Grosso,45.5
Barra do Garças,10 a 17 anos,12.0,Mais de meia hora até uma hora,Médio completo e superior incompleto,5104,51,Mato Grosso,45.5
Rondonópolis,10 a 17 anos,12.0,Mais de meia hora até uma hora,Médio completo e superior incompleto,5105,51,Mato Grosso,45.5
Goiânia,10 a 17 anos,324.0,Mais de meia hora até uma hora,Médio completo e superior incompleto,5201,52,Goiás,45.5
Itumbiara,10 a 17 anos,10.0,Mais de meia hora até uma hora,Médio completo e superior incompleto,5202,52,Goiás,45.5
Rio Verde,10 a 17 anos,21.0,Mais de meia hora até uma hora,Médio completo e superior incompleto,5203,52,Goiás,45.5
São Luís de Montes Belos - Iporá,10 a 17 anos,10.0,Mais de meia hora até uma hora,Médio completo e superior incompleto,5204,52,Goiás,45.5
Porangatu - Uruaçu,10 a 17 anos,5.0,Mais de meia hora até uma hora,Médio completo e superior incompleto,5205,52,Goiás,45.5
Luziânia - Águas Lindas de Goiás,10 a 17 anos,21.0,Mais de meia hora até uma hora,Médio completo e superior incompleto,5206,52,Goiás,45.5
Distrito Federal,10 a 17 anos,248.0,Mais de meia hora até uma hora,Médio completo e superior incompleto,5301,53,Distrito Federal,45.5
Porto Velho,10 a 17 anos,289.0,Mais de uma hora até duas horas,Total,1101,11,Rondônia,90.5
Ji-Paraná,10 a 17 anos,151.0,Mais de uma hora até duas horas,Total,1102,11,Rondônia,90.5
Rio Branco,10 a 17 anos,168.0,Mais de uma hora até duas horas,Total,1201,12,Acre,90.5
Cruzeiro do Sul,10 a 17 anos,24.0,Mais de uma hora até duas horas,Total,1202,12,Acre,90.5
Manaus,10 a 17 anos,1678.0,Mais de uma hora até duas horas,Total,1301,13,Amazonas,90.5
Tefé,10 a 17 anos,295.0,Mais de uma hora até duas horas,Total,1302,13,Amazonas,90.5
Lábrea,10 a 17 anos,81.0,Mais de uma hora até duas horas,Total,1303,13,Amazonas,90.5
Parintins,10 a 17 anos,51.0,Mais de uma hora até duas horas,Total,1304,13,Amazonas,90.5
Boa Vista,10 a 17 anos,149.0,Mais de uma hora até duas horas,Total,1401,14,Roraima,90.5
Rorainópolis - Caracaraí,10 a 17 anos,28.0,Mais de uma hora até duas horas,Total,1402,14,Roraima,90.5
Belém,10 a 17 anos,754.0,Mais de uma hora até duas horas,Total,1501,15,Pará,90.5
Castanhal,10 a 17 anos,417.0,Mais de uma hora até duas horas,Total,1502,15,Pará,90.5
Marabá,10 a 17 anos,422.0,Mais de uma hora até duas horas,Total,1503,15,Pará,90.5
Redenção,10 a 17 anos,124.0,Mais de uma hora até duas horas,Total,1504,15,Pará,90.5
Santarém,10 a 17 anos,232.0,Mais de uma hora até duas horas,Total,1505,15,Pará,90.5
Altamira,10 a 17 anos,150.0,Mais de uma hora até duas horas,Total,1506,15,Pará,90.5
Breves,10 a 17 anos,147.0,Mais de uma hora até duas horas,Total,1507,15,Pará,90.5
Macapá,10 a 17 anos,274.0,Mais de uma hora até duas horas,Total,1601,16,Amapá,90.5
Oiapoque - Porto Grande,10 a 17 anos,25.0,Mais de uma hora até duas horas,Total,1602,16,Amapá,90.5
Palmas,10 a 17 anos,316.0,Mais de uma hora até duas horas,Total,1701,17,Tocantins,90.5
Araguaína,10 a 17 anos,148.0,Mais de uma hora até duas horas,Total,1702,17,Tocantins,90.5
Gurupi,10 a 17 anos,89.0,Mais de uma hora até duas horas,Total,1703,17,Tocantins,90.5
São Luís,10 a 17 anos,641.0,Mais de uma hora até duas horas,Total,2101,21,Maranhão,90.5
Santa Inês - Bacabal,10 a 17 anos,257.0,Mais de uma hora até duas horas,Total,2102,21,Maranhão,90.5
Caxias,10 a 17 anos,53.0,Mais de uma hora até duas horas,Total,2103,21,Maranhão,90.5
Presidente Dutra,10 a 17 anos,79.0,Mais de uma hora até duas horas,Total,2104,21,Maranhão,90.5
Imperatriz,10 a 17 anos,288.0,Mais de uma hora até duas horas,Total,2105,21,Maranhão,90.5
Teresina,10 a 17 anos,239.0,Mais de uma hora até duas horas,Total,2201,22,Piauí,90.5
Parnaíba,10 a 17 anos,41.0,Mais de uma hora até duas horas,Total,2202,22,Piauí,90.5
Picos,10 a 17 anos,29.0,Mais de uma hora até duas horas,Total,2203,22,Piauí,90.5
Corrente - Bom Jesus,10 a 17 anos,33.0,Mais de uma hora até duas horas,Total,2205,22,Piauí,90.5
Floriano,10 a 17 anos,27.0,Mais de uma hora até duas horas,Total,2206,22,Piauí,90.5
Fortaleza,10 a 17 anos,1183.0,Mais de uma hora até duas horas,Total,2301,23,Ceará,90.5
Quixadá,10 a 17 anos,29.0,Mais de uma hora até duas horas,Total,2302,23,Ceará,90.5
Iguatu,10 a 17 anos,23.0,Mais de uma hora até duas horas,Total,2303,23,Ceará,90.5
Juazeiro do Norte,10 a 17 anos,143.0,Mais de uma hora até duas horas,Total,2304,23,Ceará,90.5
Crateús,10 a 17 anos,11.0,Mais de uma hora até duas horas,Total,2305,23,Ceará,90.5
Sobral,10 a 17 anos,144.0,Mais de uma hora até duas horas,Total,2306,23,Ceará,90.5
Natal,10 a 17 anos,592.0,Mais de uma hora até duas horas,Total,2401,24,Rio Grande do Norte,90.5
Mossoró,10 a 17 anos,35.0,Mais de uma hora até duas horas,Total,2403,24,Rio Grande do Norte,90.5
João Pessoa,10 a 17 anos,251.0,Mais de uma hora até duas horas,Total,2501,25,Paraíba,90.5
Campina Grande,10 a 17 anos,108.0,Mais de uma hora até duas horas,Total,2502,25,Paraíba,90.5
Patos,10 a 17 anos,17.0,Mais de uma hora até duas horas,Total,2503,25,Paraíba,90.5
Sousa - Cajazeiras,10 a 17 anos,9.0,Mais de uma hora até duas horas,Total,2504,25,Paraíba,90.5
Recife,10 a 17 anos,1156.0,Mais de uma hora até duas horas,Total,2601,26,Pernambuco,90.5
Caruaru,10 a 17 anos,248.0,Mais de uma hora até duas horas,Total,2602,26,Pernambuco,90.5
Serra Talhada,10 a 17 anos,68.0,Mais de uma hora até duas horas,Total,2603,26,Pernambuco,90.5
Petrolina,10 a 17 anos,187.0,Mais de uma hora até duas horas,Total,2604,26,Pernambuco,90.5
Maceió,10 a 17 anos,527.0,Mais de uma hora até duas horas,Total,2701,27,Alagoas,90.5
Arapiraca,10 a 17 anos,126.0,Mais de uma hora até duas horas,Total,2702,27,Alagoas,90.5
Aracaju,10 a 17 anos,282.0,Mais de uma hora até duas horas,Total,2801,28,Sergipe,90.5
Itabaiana,10 a 17 anos,84.0,Mais de uma hora até duas horas,Total,2802,28,Sergipe,90.5
Salvador,10 a 17 anos,1354.0,Mais de uma hora até duas horas,Total,2901,29,Bahia,90.5
Santo Antônio de Jesus,10 a 17 anos,203.0,Mais de uma hora até duas horas,Total,2902,29,Bahia,90.5
Ilhéus - Itabuna,10 a 17 anos,435.0,Mais de uma hora até duas horas,Total,,,,90.5
Vitória da Conquista,10 a 17 anos,269.0,Mais de uma hora até duas horas,Total,2904,29,Bahia,90.5
Guanambi,10 a 17 anos,70.0,Mais de uma hora até duas horas,Total,2905,29,Bahia,90.5
Barreiras,10 a 17 anos,99.0,Mais de uma hora até duas horas,Total,2906,29,Bahia,90.5
Irecê,10 a 17 anos,140.0,Mais de uma hora até duas horas,Total,2907,29,Bahia,90.5
Juazeiro,10 a 17 anos,93.0,Mais de uma hora até duas horas,Total,2908,29,Bahia,90.5
Paulo Afonso,10 a 17 anos,33.0,Mais de uma hora até duas horas,Total,2909,29,Bahia,90.5
Feira de Santana,10 a 17 anos,418.0,Mais de uma hora até duas horas,Total,2910,29,Bahia,90.5
Belo Horizonte,10 a 17 anos,3196.0,Mais de uma hora até duas horas,Total,3101,31,Minas Gerais,90.5
Montes Claros,10 a 17 anos,265.0,Mais de uma hora até duas horas,Total,3102,31,Minas Gerais,90.5
Teófilo Otoni,10 a 17 anos,90.0,Mais de uma hora até duas horas,Total,3103,31,Minas Gerais,90.5
Governador Valadares,10 a 17 anos,21.0,Mais de uma hora até duas horas,Total,3104,31,Minas Gerais,90.5
Ipatinga,10 a 17 anos,143.0,Mais de uma hora até duas horas,Total,3105,31,Minas Gerais,90.5
Juíz de Fora,10 a 17 anos,328.0,Mais de uma hora até duas horas,Total,3106,31,Minas Gerais,90.5
Barbacena,10 a 17 anos,63.0,Mais de uma hora até duas horas,Total,3107,31,Minas Gerais,90.5
Varginha,10 a 17 anos,212.0,Mais de uma hora até duas horas,Total,3108,31,Minas Gerais,90.5
Pouso Alegre,10 a 17 anos,176.0,Mais de uma hora até duas horas,Total,3109,31,Minas Gerais,90.5
Uberaba,10 a 17 anos,143.0,Mais de uma hora até duas horas,Total,3110,31,Minas Gerais,90.5
Uberlândia,10 a 17 anos,810.0,Mais de uma hora até duas horas,Total,3111,31,Minas Gerais,90.5
Patos de Minas,10 a 17 anos,256.0,Mais de uma hora até duas horas,Total,3112,31,Minas Gerais,90.5
Divinópolis,10 a 17 anos,265.0,Mais de uma hora até duas horas,Total,3113,31,Minas Gerais,90.5
Vitória,10 a 17 anos,1374.0,Mais de uma hora até duas horas,Total,3201,32,Espírito Santo,90.5
São Mateus,10 a 17 anos,101.0,Mais de uma hora até duas horas,Total,3202,32,Espírito Santo,90.5
Colatina,10 a 17 anos,24.0,Mais de uma hora até duas horas,Total,3203,32,Espírito Santo,90.5
Cachoeiro do Itapemirim,10 a 17 anos,98.0,Mais de uma hora até duas horas,Total,3204,32,Espírito Santo,90.5
Rio de Janeiro,10 a 17 anos,3158.0,Mais de uma hora até duas horas,Total,3301,33,Rio de Janeiro,90.5
Volta Redonda - Barra Mansa,10 a 17 anos,225.0,Mais de uma hora até duas horas,Total,3302,33,Rio de Janeiro,90.5
Petrópolis,10 a 17 anos,161.0,Mais de uma hora até duas horas,Total,3303,33,Rio de Janeiro,90.5
Campos dos Goytacazes,10 a 17 anos,63.0,Mais de uma hora até duas horas,Total,3304,33,Rio de Janeiro,90.5
Macaé - Rio das Ostras - Cabo Frio,10 a 17 anos,110.0,Mais de uma hora até duas horas,Total,3305,33,Rio de Janeiro,90.5
São Paulo,10 a 17 anos,15137.0,Mais de uma hora até duas horas,Total,3501,35,São Paulo,90.5
Sorocaba,10 a 17 anos,914.0,Mais de uma hora até duas horas,Total,3502,35,São Paulo,90.5
Bauru,10 a 17 anos,228.0,Mais de uma hora até duas horas,Total,3503,35,São Paulo,90.5
Marília,10 a 17 anos,154.0,Mais de uma hora até duas horas,Total,3504,35,São Paulo,90.5
Presidente Prudente,10 a 17 anos,107.0,Mais de uma hora até duas horas,Total,3505,35,São Paulo,90.5
Araçatuba,10 a 17 anos,63.0,Mais de uma hora até duas horas,Total,3506,35,São Paulo,90.5
São José do Rio Preto,10 a 17 anos,415.0,Mais de uma hora até duas horas,Total,3507,35,São Paulo,90.5
Ribeirão Preto,10 a 17 anos,491.0,Mais de uma hora até duas horas,Total,3508,35,São Paulo,90.5
Araraquara,10 a 17 anos,264.0,Mais de uma hora até duas horas,Total,3509,35,São Paulo,90.5
Campinas,10 a 17 anos,2096.0,Mais de uma hora até duas horas,Total,3510,35,São Paulo,90.5
São José dos Campos,10 a 17 anos,554.0,Mais de uma hora até duas horas,Total,3511,35,São Paulo,90.5
Curitiba,10 a 17 anos,2084.0,Mais de uma hora até duas horas,Total,4101,41,Paraná,90.5
Guarapuava,10 a 17 anos,42.0,Mais de uma hora até duas horas,Total,4102,41,Paraná,90.5
Cascavel,10 a 17 anos,484.0,Mais de uma hora até duas horas,Total,4103,41,Paraná,90.5
Maringá,10 a 17 anos,467.0,Mais de uma hora até duas horas,Total,4104,41,Paraná,90.5
Londrina,10 a 17 anos,554.0,Mais de uma hora até duas horas,Total,4105,41,Paraná,90.5
Ponta Grossa,10 a 17 anos,231.0,Mais de uma hora até duas horas,Total,4106,41,Paraná,90.5
Florianópolis,10 a 17 anos,319.0,Mais de uma hora até duas horas,Total,4201,42,Santa Catarina,90.5
Criciúma,10 a 17 anos,129.0,Mais de uma hora até duas horas,Total,4202,42,Santa Catarina,90.5
Lages,10 a 17 anos,45.0,Mais de uma hora até duas horas,Total,4203,42,Santa Catarina,90.5
Chapecó,10 a 17 anos,183.0,Mais de uma hora até duas horas,Total,4204,42,Santa Catarina,90.5
Caçador,10 a 17 anos,50.0,Mais de uma hora até duas horas,Total,4205,42,Santa Catarina,90.5
Joinville,10 a 17 anos,773.0,Mais de uma hora até duas horas,Total,4206,42,Santa Catarina,90.5
Blumenau,10 a 17 anos,468.0,Mais de uma hora até duas horas,Total,4207,42,Santa Catarina,90.5
Porto Alegre,10 a 17 anos,1995.0,Mais de uma hora até duas horas,Total,4301,43,Rio Grande do Sul,90.5
Pelotas,10 a 17 anos,162.0,Mais de uma hora até duas horas,Total,4302,43,Rio Grande do Sul,90.5
Santa Maria,10 a 17 anos,103.0,Mais de uma hora até duas horas,Total,4303,43,Rio Grande do Sul,90.5
Uruguaiana,10 a 17 anos,72.0,Mais de uma hora até duas horas,Total,4304,43,Rio Grande do Sul,90.5
Ijuí,10 a 17 anos,113.0,Mais de uma hora até duas horas,Total,4305,43,Rio Grande do Sul,90.5
Passo Fundo,10 a 17 anos,195.0,Mais de uma hora até duas horas,Total,4306,43,Rio Grande do Sul,90.5
Caxias do Sul,10 a 17 anos,324.0,Mais de uma hora até duas horas,Total,4307,43,Rio Grande do Sul,90.5
Santa Cruz do Sul - Lajeado,10 a 17 anos,170.0,Mais de uma hora até duas horas,Total,4308,43,Rio Grande do Sul,90.5
Campo Grande,10 a 17 anos,946.0,Mais de uma hora até duas horas,Total,5001,50,Mato Grosso do Sul,90.5
Dourados,10 a 17 anos,108.0,Mais de uma hora até duas horas,Total,5002,50,Mato Grosso do Sul,90.5
Corumbá,10 a 17 anos,48.0,Mais de uma hora até duas horas,Total,5003,50,Mato Grosso do Sul,90.5
Cuiabá,10 a 17 anos,733.0,Mais de uma hora até duas horas,Total,5101,51,Mato Grosso,90.5
Cáceres,10 a 17 anos,57.0,Mais de uma hora até duas horas,Total,5102,51,Mato Grosso,90.5
Sinop,10 a 17 anos,262.0,Mais de uma hora até duas horas,Total,5103,51,Mato Grosso,90.5
Barra do Garças,10 a 17 anos,100.0,Mais de uma hora até duas horas,Total,5104,51,Mato Grosso,90.5
Rondonópolis,10 a 17 anos,45.0,Mais de uma hora até duas horas,Total,5105,51,Mato Grosso,90.5
Goiânia,10 a 17 anos,2601.0,Mais de uma hora até duas horas,Total,5201,52,Goiás,90.5
Itumbiara,10 a 17 anos,51.0,Mais de uma hora até duas horas,Total,5202,52,Goiás,90.5
Rio Verde,10 a 17 anos,111.0,Mais de uma hora até duas horas,Total,5203,52,Goiás,90.5
São Luís de Montes Belos - Iporá,10 a 17 anos,21.0,Mais de uma hora até duas horas,Total,5204,52,Goiás,90.5
Porangatu - Uruaçu,10 a 17 anos,52.0,Mais de uma hora até duas horas,Total,5205,52,Goiás,90.5
Luziânia - Águas Lindas de Goiás,10 a 17 anos,1158.0,Mais de uma hora até duas horas,Total,5206,52,Goiás,90.5
Distrito Federal,10 a 17 anos,1968.0,Mais de uma hora até duas horas,Total,5301,53,Distrito Federal,90.5
Porto Velho,10 a 17 anos,137.0,Mais de uma hora até duas horas,Sem instrução e fundamental incompleto,1101,11,Rondônia,90.5
Ji-Paraná,10 a 17 anos,78.0,Mais de uma hora até duas horas,Sem instrução e fundamental incompleto,1102,11,Rondônia,90.5
Rio Branco,10 a 17 anos,76.0,Mais de uma hora até duas horas,Sem instrução e fundamental incompleto,1201,12,Acre,90.5
Cruzeiro do Sul,10 a 17 anos,10.0,Mais de uma hora até duas horas,Sem instrução e fundamental incompleto,1202,12,Acre,90.5
Manaus,10 a 17 anos,425.0,Mais de uma hora até duas horas,Sem instrução e fundamental incompleto,1301,13,Amazonas,90.5
Tefé,10 a 17 anos,194.0,Mais de uma hora até duas horas,Sem instrução e fundamental incompleto,1302,13,Amazonas,90.5
Lábrea,10 a 17 anos,71.0,Mais de uma hora até duas horas,Sem instrução e fundamental incompleto,1303,13,Amazonas,90.5
Boa Vista,10 a 17 anos,48.0,Mais de uma hora até duas horas,Sem instrução e fundamental incompleto,1401,14,Roraima,90.5
Rorainópolis - Caracaraí,10 a 17 anos,14.0,Mais de uma hora até duas horas,Sem instrução e fundamental incompleto,1402,14,Roraima,90.5
Belém,10 a 17 anos,258.0,Mais de uma hora até duas horas,Sem instrução e fundamental incompleto,1501,15,Pará,90.5
Castanhal,10 a 17 anos,271.0,Mais de uma hora até duas horas,Sem instrução e fundamental incompleto,1502,15,Pará,90.5
Marabá,10 a 17 anos,166.0,Mais de uma hora até duas horas,Sem instrução e fundamental incompleto,1503,15,Pará,90.5
Redenção,10 a 17 anos,90.0,Mais de uma hora até duas horas,Sem instrução e fundamental incompleto,1504,15,Pará,90.5
Santarém,10 a 17 anos,100.0,Mais de uma hora até duas horas,Sem instrução e fundamental incompleto,1505,15,Pará,90.5
Altamira,10 a 17 anos,62.0,Mais de uma hora até duas horas,Sem instrução e fundamental incompleto,1506,15,Pará,90.5
Breves,10 a 17 anos,130.0,Mais de uma hora até duas horas,Sem instrução e fundamental incompleto,1507,15,Pará,90.5
Macapá,10 a 17 anos,126.0,Mais de uma hora até duas horas,Sem instrução e fundamental incompleto,1601,16,Amapá,90.5
Oiapoque - Porto Grande,10 a 17 anos,22.0,Mais de uma hora até duas horas,Sem instrução e fundamental incompleto,1602,16,Amapá,90.5
Palmas,10 a 17 anos,28.0,Mais de uma hora até duas horas,Sem instrução e fundamental incompleto,1701,17,Tocantins,90.5
Araguaína,10 a 17 anos,38.0,Mais de uma hora até duas horas,Sem instrução e fundamental incompleto,1702,17,Tocantins,90.5
Gurupi,10 a 17 anos,33.0,Mais de uma hora até duas horas,Sem instrução e fundamental incompleto,1703,17,Tocantins,90.5
São Luís,10 a 17 anos,229.0,Mais de uma hora até duas horas,Sem instrução e fundamental incompleto,2101,21,Maranhão,90.5
Santa Inês - Bacabal,10 a 17 anos,130.0,Mais de uma hora até duas horas,Sem instrução e fundamental incompleto,2102,21,Maranhão,90.5
Caxias,10 a 17 anos,15.0,Mais de uma hora até duas horas,Sem instrução e fundamental incompleto,2103,21,Maranhão,90.5
Presidente Dutra,10 a 17 anos,28.0,Mais de uma hora até duas horas,Sem instrução e fundamental incompleto,2104,21,Maranhão,90.5
Imperatriz,10 a 17 anos,150.0,Mais de uma hora até duas horas,Sem instrução e fundamental incompleto,2105,21,Maranhão,90.5
Teresina,10 a 17 anos,20.0,Mais de uma hora até duas horas,Sem instrução e fundamental incompleto,2201,22,Piauí,90.5
Parnaíba,10 a 17 anos,24.0,Mais de uma hora até duas horas,Sem instrução e fundamental incompleto,2202,22,Piauí,90.5
Picos,10 a 17 anos,17.0,Mais de uma hora até duas horas,Sem instrução e fundamental incompleto,2203,22,Piauí,90.5
Corrente - Bom Jesus,10 a 17 anos,20.0,Mais de uma hora até duas horas,Sem instrução e fundamental incompleto,2205,22,Piauí,90.5
Floriano,10 a 17 anos,14.0,Mais de uma hora até duas horas,Sem instrução e fundamental incompleto,2206,22,Piauí,90.5
Fortaleza,10 a 17 anos,328.0,Mais de uma hora até duas horas,Sem instrução e fundamental incompleto,2301,23,Ceará,90.5
Quixadá,10 a 17 anos,7.0,Mais de uma hora até duas horas,Sem instrução e fundamental incompleto,2302,23,Ceará,90.5
Iguatu,10 a 17 anos,18.0,Mais de uma hora até duas horas,Sem instrução e fundamental incompleto,2303,23,Ceará,90.5
Juazeiro do Norte,10 a 17 anos,74.0,Mais de uma hora até duas horas,Sem instrução e fundamental incompleto,2304,23,Ceará,90.5
Crateús,10 a 17 anos,11.0,Mais de uma hora até duas horas,Sem instrução e fundamental incompleto,2305,23,Ceará,90.5
Sobral,10 a 17 anos,52.0,Mais de uma hora até duas horas,Sem instrução e fundamental incompleto,2306,23,Ceará,90.5
Natal,10 a 17 anos,292.0,Mais de uma hora até duas horas,Sem instrução e fundamental incompleto,2401,24,Rio Grande do Norte,90.5
Mossoró,10 a 17 anos,15.0,Mais de uma hora até duas horas,Sem instrução e fundamental incompleto,2403,24,Rio Grande do Norte,90.5
João Pessoa,10 a 17 anos,118.0,Mais de uma hora até duas horas,Sem instrução e fundamental incompleto,2501,25,Paraíba,90.5
Campina Grande,10 a 17 anos,71.0,Mais de uma hora até duas horas,Sem instrução e fundamental incompleto,2502,25,Paraíba,90.5
Patos,10 a 17 anos,9.0,Mais de uma hora até duas horas,Sem instrução e fundamental incompleto,2503,25,Paraíba,90.5
Sousa - Cajazeiras,10 a 17 anos,9.0,Mais de uma hora até duas horas,Sem instrução e fundamental incompleto,2504,25,Paraíba,90.5
Recife,10 a 17 anos,442.0,Mais de uma hora até duas horas,Sem instrução e fundamental incompleto,2601,26,Pernambuco,90.5
Caruaru,10 a 17 anos,107.0,Mais de uma hora até duas horas,Sem instrução e fundamental incompleto,2602,26,Pernambuco,90.5
Serra Talhada,10 a 17 anos,39.0,Mais de uma hora até duas horas,Sem instrução e fundamental incompleto,2603,26,Pernambuco,90.5
Petrolina,10 a 17 anos,105.0,Mais de uma hora até duas horas,Sem instrução e fundamental incompleto,2604,26,Pernambuco,90.5
Maceió,10 a 17 anos,181.0,Mais de uma hora até duas horas,Sem instrução e fundamental incompleto,2701,27,Alagoas,90.5
Arapiraca,10 a 17 anos,48.0,Mais de uma hora até duas horas,Sem instrução e fundamental incompleto,2702,27,Alagoas,90.5
Aracaju,10 a 17 anos,42.0,Mais de uma hora até duas horas,Sem instrução e fundamental incompleto,2801,28,Sergipe,90.5
Itabaiana,10 a 17 anos,63.0,Mais de uma hora até duas horas,Sem instrução e fundamental incompleto,2802,28,Sergipe,90.5
Salvador,10 a 17 anos,345.0,Mais de uma hora até duas horas,Sem instrução e fundamental incompleto,2901,29,Bahia,90.5
Santo Antônio de Jesus,10 a 17 anos,92.0,Mais de uma hora até duas horas,Sem instrução e fundamental incompleto,2902,29,Bahia,90.5
Ilhéus - Itabuna,10 a 17 anos,197.0,Mais de uma hora até duas horas,Sem instrução e fundamental incompleto,,,,90.5
Vitória da Conquista,10 a 17 anos,130.0,Mais de uma hora até duas horas,Sem instrução e fundamental incompleto,2904,29,Bahia,90.5
Guanambi,10 a 17 anos,20.0,Mais de uma hora até duas horas,Sem instrução e fundamental incompleto,2905,29,Bahia,90.5
Barreiras,10 a 17 anos,36.0,Mais de uma hora até duas horas,Sem instrução e fundamental incompleto,2906,29,Bahia,90.5
Irecê,10 a 17 anos,96.0,Mais de uma hora até duas horas,Sem instrução e fundamental incompleto,2907,29,Bahia,90.5
Juazeiro,10 a 17 anos,48.0,Mais de uma hora até duas horas,Sem instrução e fundamental incompleto,2908,29,Bahia,90.5
Paulo Afonso,10 a 17 anos,27.0,Mais de uma hora até duas horas,Sem instrução e fundamental incompleto,2909,29,Bahia,90.5
Feira de Santana,10 a 17 anos,137.0,Mais de uma hora até duas horas,Sem instrução e fundamental incompleto,2910,29,Bahia,90.5
Belo Horizonte,10 a 17 anos,554.0,Mais de uma hora até duas horas,Sem instrução e fundamental incompleto,3101,31,Minas Gerais,90.5
Montes Claros,10 a 17 anos,112.0,Mais de uma hora até duas horas,Sem instrução e fundamental incompleto,3102,31,Minas Gerais,90.5
Teófilo Otoni,10 a 17 anos,38.0,Mais de uma hora até duas horas,Sem instrução e fundamental incompleto,3103,31,Minas Gerais,90.5
Governador Valadares,10 a 17 anos,8.0,Mais de uma hora até duas horas,Sem instrução e fundamental incompleto,3104,31,Minas Gerais,90.5
Ipatinga,10 a 17 anos,43.0,Mais de uma hora até duas horas,Sem instrução e fundamental incompleto,3105,31,Minas Gerais,90.5
Juíz de Fora,10 a 17 anos,111.0,Mais de uma hora até duas horas,Sem instrução e fundamental incompleto,3106,31,Minas Gerais,90.5
Barbacena,10 a 17 anos,22.0,Mais de uma hora até duas horas,Sem instrução e fundamental incompleto,3107,31,Minas Gerais,90.5
Varginha,10 a 17 anos,46.0,Mais de uma hora até duas horas,Sem instrução e fundamental incompleto,3108,31,Minas Gerais,90.5
Pouso Alegre,10 a 17 anos,11.0,Mais de uma hora até duas horas,Sem instrução e fundamental incompleto,3109,31,Minas Gerais,90.5
Uberaba,10 a 17 anos,51.0,Mais de uma hora até duas horas,Sem instrução e fundamental incompleto,3110,31,Minas Gerais,90.5
Uberlândia,10 a 17 anos,143.0,Mais de uma hora até duas horas,Sem instrução e fundamental incompleto,3111,31,Minas Gerais,90.5
Patos de Minas,10 a 17 anos,91.0,Mais de uma hora até duas horas,Sem instrução e fundamental incompleto,3112,31,Minas Gerais,90.5
Divinópolis,10 a 17 anos,69.0,Mais de uma hora até duas horas,Sem instrução e fundamental incompleto,3113,31,Minas Gerais,90.5
Vitória,10 a 17 anos,442.0,Mais de uma hora até duas horas,Sem instrução e fundamental incompleto,3201,32,Espírito Santo,90.5
São Mateus,10 a 17 anos,47.0,Mais de uma hora até duas horas,Sem instrução e fundamental incompleto,3202,32,Espírito Santo,90.5
Colatina,10 a 17 anos,18.0,Mais de uma hora até duas horas,Sem instrução e fundamental incompleto,3203,32,Espírito Santo,90.5
Cachoeiro do Itapemirim,10 a 17 anos,47.0,Mais de uma hora até duas horas,Sem instrução e fundamental incompleto,3204,32,Espírito Santo,90.5
Rio de Janeiro,10 a 17 anos,968.0,Mais de uma hora até duas horas,Sem instrução e fundamental incompleto,3301,33,Rio de Janeiro,90.5
Volta Redonda - Barra Mansa,10 a 17 anos,69.0,Mais de uma hora até duas horas,Sem instrução e fundamental incompleto,3302,33,Rio de Janeiro,90.5
Petrópolis,10 a 17 anos,62.0,Mais de uma hora até duas horas,Sem instrução e fundamental incompleto,3303,33,Rio de Janeiro,90.5
Macaé - Rio das Ostras - Cabo Frio,10 a 17 anos,29.0,Mais de uma hora até duas horas,Sem instrução e fundamental incompleto,3305,33,Rio de Janeiro,90.5
São Paulo,10 a 17 anos,2317.0,Mais de uma hora até duas horas,Sem instrução e fundamental incompleto,3501,35,São Paulo,90.5
Sorocaba,10 a 17 anos,185.0,Mais de uma hora até duas horas,Sem instrução e fundamental incompleto,3502,35,São Paulo,90.5
Bauru,10 a 17 anos,33.0,Mais de uma hora até duas horas,Sem instrução e fundamental incompleto,3503,35,São Paulo,90.5
Marília,10 a 17 anos,27.0,Mais de uma hora até duas horas,Sem instrução e fundamental incompleto,3504,35,São Paulo,90.5
Presidente Prudente,10 a 17 anos,6.0,Mais de uma hora até duas horas,Sem instrução e fundamental incompleto,3505,35,São Paulo,90.5
Araçatuba,10 a 17 anos,11.0,Mais de uma hora até duas horas,Sem instrução e fundamental incompleto,3506,35,São Paulo,90.5
São José do Rio Preto,10 a 17 anos,63.0,Mais de uma hora até duas horas,Sem instrução e fundamental incompleto,3507,35,São Paulo,90.5
Ribeirão Preto,10 a 17 anos,103.0,Mais de uma hora até duas horas,Sem instrução e fundamental incompleto,3508,35,São Paulo,90.5
Araraquara,10 a 17 anos,108.0,Mais de uma hora até duas horas,Sem instrução e fundamental incompleto,3509,35,São Paulo,90.5
Campinas,10 a 17 anos,198.0,Mais de uma hora até duas horas,Sem instrução e fundamental incompleto,3510,35,São Paulo,90.5
São José dos Campos,10 a 17 anos,103.0,Mais de uma hora até duas horas,Sem instrução e fundamental incompleto,3511,35,São Paulo,90.5
Curitiba,10 a 17 anos,283.0,Mais de uma hora até duas horas,Sem instrução e fundamental incompleto,4101,41,Paraná,90.5
Guarapuava,10 a 17 anos,2.0,Mais de uma hora até duas horas,Sem instrução e fundamental incompleto,4102,41,Paraná,90.5
Cascavel,10 a 17 anos,79.0,Mais de uma hora até duas horas,Sem instrução e fundamental incompleto,4103,41,Paraná,90.5
Maringá,10 a 17 anos,84.0,Mais de uma hora até duas horas,Sem instrução e fundamental incompleto,4104,41,Paraná,90.5
Londrina,10 a 17 anos,124.0,Mais de uma hora até duas horas,Sem instrução e fundamental incompleto,4105,41,Paraná,90.5
Ponta Grossa,10 a 17 anos,29.0,Mais de uma hora até duas horas,Sem instrução e fundamental incompleto,4106,41,Paraná,90.5
Florianópolis,10 a 17 anos,56.0,Mais de uma hora até duas horas,Sem instrução e fundamental incompleto,4201,42,Santa Catarina,90.5
Criciúma,10 a 17 anos,22.0,Mais de uma hora até duas horas,Sem instrução e fundamental incompleto,4202,42,Santa Catarina,90.5
Lages,10 a 17 anos,11.0,Mais de uma hora até duas horas,Sem instrução e fundamental incompleto,4203,42,Santa Catarina,90.5
Chapecó,10 a 17 anos,43.0,Mais de uma hora até duas horas,Sem instrução e fundamental incompleto,4204,42,Santa Catarina,90.5
Caçador,10 a 17 anos,17.0,Mais de uma hora até duas horas,Sem instrução e fundamental incompleto,4205,42,Santa Catarina,90.5
Joinville,10 a 17 anos,130.0,Mais de uma hora até duas horas,Sem instrução e fundamental incompleto,4206,42,Santa Catarina,90.5
Blumenau,10 a 17 anos,49.0,Mais de uma hora até duas horas,Sem instrução e fundamental incompleto,4207,42,Santa Catarina,90.5
Porto Alegre,10 a 17 anos,401.0,Mais de uma hora até duas horas,Sem instrução e fundamental incompleto,4301,43,Rio Grande do Sul,90.5
Pelotas,10 a 17 anos,49.0,Mais de uma hora até duas horas,Sem instrução e fundamental incompleto,4302,43,Rio Grande do Sul,90.5
Santa Maria,10 a 17 anos,14.0,Mais de uma hora até duas horas,Sem instrução e fundamental incompleto,4303,43,Rio Grande do Sul,90.5
Uruguaiana,10 a 17 anos,16.0,Mais de uma hora até duas horas,Sem instrução e fundamental incompleto,4304,43,Rio Grande do Sul,90.5
Ijuí,10 a 17 anos,41.0,Mais de uma hora até duas horas,Sem instrução e fundamental incompleto,4305,43,Rio Grande do Sul,90.5
Passo Fundo,10 a 17 anos,71.0,Mais de uma hora até duas horas,Sem instrução e fundamental incompleto,4306,43,Rio Grande do Sul,90.5
Caxias do Sul,10 a 17 anos,65.0,Mais de uma hora até duas horas,Sem instrução e fundamental incompleto,4307,43,Rio Grande do Sul,90.5
Santa Cruz do Sul - Lajeado,10 a 17 anos,44.0,Mais de uma hora até duas horas,Sem instrução e fundamental incompleto,4308,43,Rio Grande do Sul,90.5
Campo Grande,10 a 17 anos,104.0,Mais de uma hora até duas horas,Sem instrução e fundamental incompleto,5001,50,Mato Grosso do Sul,90.5
Dourados,10 a 17 anos,33.0,Mais de uma hora até duas horas,Sem instrução e fundamental incompleto,5002,50,Mato Grosso do Sul,90.5
Corumbá,10 a 17 anos,11.0,Mais de uma hora até duas horas,Sem instrução e fundamental incompleto,5003,50,Mato Grosso do Sul,90.5
Cuiabá,10 a 17 anos,240.0,Mais de uma hora até duas horas,Sem instrução e fundamental incompleto,5101,51,Mato Grosso,90.5
Sinop,10 a 17 anos,115.0,Mais de uma hora até duas horas,Sem instrução e fundamental incompleto,5103,51,Mato Grosso,90.5
Barra do Garças,10 a 17 anos,25.0,Mais de uma hora até duas horas,Sem instrução e fundamental incompleto,5104,51,Mato Grosso,90.5
Rondonópolis,10 a 17 anos,15.0,Mais de uma hora até duas horas,Sem instrução e fundamental incompleto,5105,51,Mato Grosso,90.5
Goiânia,10 a 17 anos,462.0,Mais de uma hora até duas horas,Sem instrução e fundamental incompleto,5201,52,Goiás,90.5
Itumbiara,10 a 17 anos,26.0,Mais de uma hora até duas horas,Sem instrução e fundamental incompleto,5202,52,Goiás,90.5
Rio Verde,10 a 17 anos,41.0,Mais de uma hora até duas horas,Sem instrução e fundamental incompleto,5203,52,Goiás,90.5
São Luís de Montes Belos - Iporá,10 a 17 anos,12.0,Mais de uma hora até duas horas,Sem instrução e fundamental incompleto,5204,52,Goiás,90.5
Porangatu - Uruaçu,10 a 17 anos,8.0,Mais de uma hora até duas horas,Sem instrução e fundamental incompleto,5205,52,Goiás,90.5
Luziânia - Águas Lindas de Goiás,10 a 17 anos,294.0,Mais de uma hora até duas horas,Sem instrução e fundamental incompleto,5206,52,Goiás,90.5
Distrito Federal,10 a 17 anos,286.0,Mais de uma hora até duas horas,Sem instrução e fundamental incompleto,5301,53,Distrito Federal,90.5
Porto Velho,10 a 17 anos,153.0,Mais de uma hora até duas horas,Fundamental completo e médio incompleto,1101,11,Rondônia,90.5
Ji-Paraná,10 a 17 anos,71.0,Mais de uma hora até duas horas,Fundamental completo e médio incompleto,1102,11,Rondônia,90.5
Rio Branco,10 a 17 anos,92.0,Mais de uma hora até duas horas,Fundamental completo e médio incompleto,1201,12,Acre,90.5
Cruzeiro do Sul,10 a 17 anos,13.0,Mais de uma hora até duas horas,Fundamental completo e médio incompleto,1202,12,Acre,90.5
Manaus,10 a 17 anos,1170.0,Mais de uma hora até duas horas,Fundamental completo e médio incompleto,1301,13,Amazonas,90.5
Tefé,10 a 17 anos,96.0,Mais de uma hora até duas horas,Fundamental completo e médio incompleto,1302,13,Amazonas,90.5
Parintins,10 a 17 anos,38.0,Mais de uma hora até duas horas,Fundamental completo e médio incompleto,1304,13,Amazonas,90.5
Boa Vista,10 a 17 anos,76.0,Mais de uma hora até duas horas,Fundamental completo e médio incompleto,1401,14,Roraima,90.5
Rorainópolis - Caracaraí,10 a 17 anos,14.0,Mais de uma hora até duas horas,Fundamental completo e médio incompleto,1402,14,Roraima,90.5
Belém,10 a 17 anos,474.0,Mais de uma hora até duas horas,Fundamental completo e médio incompleto,1501,15,Pará,90.5
Castanhal,10 a 17 anos,134.0,Mais de uma hora até duas horas,Fundamental completo e médio incompleto,1502,15,Pará,90.5
Marabá,10 a 17 anos,235.0,Mais de uma hora até duas horas,Fundamental completo e médio incompleto,1503,15,Pará,90.5
Redenção,10 a 17 anos,23.0,Mais de uma hora até duas horas,Fundamental completo e médio incompleto,1504,15,Pará,90.5
Santarém,10 a 17 anos,132.0,Mais de uma hora até duas horas,Fundamental completo e médio incompleto,1505,15,Pará,90.5
Altamira,10 a 17 anos,81.0,Mais de uma hora até duas horas,Fundamental completo e médio incompleto,1506,15,Pará,90.5
Breves,10 a 17 anos,18.0,Mais de uma hora até duas horas,Fundamental completo e médio incompleto,1507,15,Pará,90.5
Macapá,10 a 17 anos,147.0,Mais de uma hora até duas horas,Fundamental completo e médio incompleto,1601,16,Amapá,90.5
Oiapoque - Porto Grande,10 a 17 anos,3.0,Mais de uma hora até duas horas,Fundamental completo e médio incompleto,1602,16,Amapá,90.5
Palmas,10 a 17 anos,263.0,Mais de uma hora até duas horas,Fundamental completo e médio incompleto,1701,17,Tocantins,90.5
Araguaína,10 a 17 anos,104.0,Mais de uma hora até duas horas,Fundamental completo e médio incompleto,1702,17,Tocantins,90.5
Gurupi,10 a 17 anos,44.0,Mais de uma hora até duas horas,Fundamental completo e médio incompleto,1703,17,Tocantins,90.5
São Luís,10 a 17 anos,329.0,Mais de uma hora até duas horas,Fundamental completo e médio incompleto,2101,21,Maranhão,90.5
Santa Inês - Bacabal,10 a 17 anos,110.0,Mais de uma hora até duas horas,Fundamental completo e médio incompleto,2102,21,Maranhão,90.5
Caxias,10 a 17 anos,37.0,Mais de uma hora até duas horas,Fundamental completo e médio incompleto,2103,21,Maranhão,90.5
Presidente Dutra,10 a 17 anos,51.0,Mais de uma hora até duas horas,Fundamental completo e médio incompleto,2104,21,Maranhão,90.5
Imperatriz,10 a 17 anos,121.0,Mais de uma hora até duas horas,Fundamental completo e médio incompleto,2105,21,Maranhão,90.5
Teresina,10 a 17 anos,193.0,Mais de uma hora até duas horas,Fundamental completo e médio incompleto,2201,22,Piauí,90.5
Parnaíba,10 a 17 anos,18.0,Mais de uma hora até duas horas,Fundamental completo e médio incompleto,2202,22,Piauí,90.5
Picos,10 a 17 anos,13.0,Mais de uma hora até duas horas,Fundamental completo e médio incompleto,2203,22,Piauí,90.5
Corrente - Bom Jesus,10 a 17 anos,13.0,Mais de uma hora até duas horas,Fundamental completo e médio incompleto,2205,22,Piauí,90.5
Floriano,10 a 17 anos,13.0,Mais de uma hora até duas horas,Fundamental completo e médio incompleto,2206,22,Piauí,90.5
Fortaleza,10 a 17 anos,722.0,Mais de uma hora até duas horas,Fundamental completo e médio incompleto,2301,23,Ceará,90.5
Quixadá,10 a 17 anos,11.0,Mais de uma hora até duas horas,Fundamental completo e médio incompleto,2302,23,Ceará,90.5
Iguatu,10 a 17 anos,5.0,Mais de uma hora até duas horas,Fundamental completo e médio incompleto,2303,23,Ceará,90.5
Juazeiro do Norte,10 a 17 anos,70.0,Mais de uma hora até duas horas,Fundamental completo e médio incompleto,2304,23,Ceará,90.5
Sobral,10 a 17 anos,92.0,Mais de uma hora até duas horas,Fundamental completo e médio incompleto,2306,23,Ceará,90.5
Natal,10 a 17 anos,301.0,Mais de uma hora até duas horas,Fundamental completo e médio incompleto,2401,24,Rio Grande do Norte,90.5
Mossoró,10 a 17 anos,20.0,Mais de uma hora até duas horas,Fundamental completo e médio incompleto,2403,24,Rio Grande do Norte,90.5
João Pessoa,10 a 17 anos,110.0,Mais de uma hora até duas horas,Fundamental completo e médio incompleto,2501,25,Paraíba,90.5
Campina Grande,10 a 17 anos,37.0,Mais de uma hora até duas horas,Fundamental completo e médio incompleto,2502,25,Paraíba,90.5
Patos,10 a 17 anos,9.0,Mais de uma hora até duas horas,Fundamental completo e médio incompleto,2503,25,Paraíba,90.5
Recife,10 a 17 anos,585.0,Mais de uma hora até duas horas,Fundamental completo e médio incompleto,2601,26,Pernambuco,90.5
Caruaru,10 a 17 anos,130.0,Mais de uma hora até duas horas,Fundamental completo e médio incompleto,2602,26,Pernambuco,90.5
Serra Talhada,10 a 17 anos,29.0,Mais de uma hora até duas horas,Fundamental completo e médio incompleto,2603,26,Pernambuco,90.5
Petrolina,10 a 17 anos,76.0,Mais de uma hora até duas horas,Fundamental completo e médio incompleto,2604,26,Pernambuco,90.5
Maceió,10 a 17 anos,288.0,Mais de uma hora até duas horas,Fundamental completo e médio incompleto,2701,27,Alagoas,90.5
Arapiraca,10 a 17 anos,63.0,Mais de uma hora até duas horas,Fundamental completo e médio incompleto,2702,27,Alagoas,90.5
Aracaju,10 a 17 anos,219.0,Mais de uma hora até duas horas,Fundamental completo e médio incompleto,2801,28,Sergipe,90.5
Itabaiana,10 a 17 anos,20.0,Mais de uma hora até duas horas,Fundamental completo e médio incompleto,2802,28,Sergipe,90.5
Salvador,10 a 17 anos,868.0,Mais de uma hora até duas horas,Fundamental completo e médio incompleto,2901,29,Bahia,90.5
Santo Antônio de Jesus,10 a 17 anos,106.0,Mais de uma hora até duas horas,Fundamental completo e médio incompleto,2902,29,Bahia,90.5
Ilhéus - Itabuna,10 a 17 anos,214.0,Mais de uma hora até duas horas,Fundamental completo e médio incompleto,,,,90.5
Vitória da Conquista,10 a 17 anos,127.0,Mais de uma hora até duas horas,Fundamental completo e médio incompleto,2904,29,Bahia,90.5
Guanambi,10 a 17 anos,50.0,Mais de uma hora até duas horas,Fundamental completo e médio incompleto,2905,29,Bahia,90.5
Barreiras,10 a 17 anos,55.0,Mais de uma hora até duas horas,Fundamental completo e médio incompleto,2906,29,Bahia,90.5
Irecê,10 a 17 anos,35.0,Mais de uma hora até duas horas,Fundamental completo e médio incompleto,2907,29,Bahia,90.5
Juazeiro,10 a 17 anos,45.0,Mais de uma hora até duas horas,Fundamental completo e médio incompleto,2908,29,Bahia,90.5
Paulo Afonso,10 a 17 anos,6.0,Mais de uma hora até duas horas,Fundamental completo e médio incompleto,2909,29,Bahia,90.5
Feira de Santana,10 a 17 anos,228.0,Mais de uma hora até duas horas,Fundamental completo e médio incompleto,2910,29,Bahia,90.5
Belo Horizonte,10 a 17 anos,2359.0,Mais de uma hora até duas horas,Fundamental completo e médio incompleto,3101,31,Minas Gerais,90.5
Montes Claros,10 a 17 anos,143.0,Mais de uma hora até duas horas,Fundamental completo e médio incompleto,3102,31,Minas Gerais,90.5
Teófilo Otoni,10 a 17 anos,47.0,Mais de uma hora até duas horas,Fundamental completo e médio incompleto,3103,31,Minas Gerais,90.5
Governador Valadares,10 a 17 anos,13.0,Mais de uma hora até duas horas,Fundamental completo e médio incompleto,3104,31,Minas Gerais,90.5
Ipatinga,10 a 17 anos,100.0,Mais de uma hora até duas horas,Fundamental completo e médio incompleto,3105,31,Minas Gerais,90.5
Juíz de Fora,10 a 17 anos,206.0,Mais de uma hora até duas horas,Fundamental completo e médio incompleto,3106,31,Minas Gerais,90.5
Barbacena,10 a 17 anos,41.0,Mais de uma hora até duas horas,Fundamental completo e médio incompleto,3107,31,Minas Gerais,90.5
Varginha,10 a 17 anos,163.0,Mais de uma hora até duas horas,Fundamental completo e médio incompleto,3108,31,Minas Gerais,90.5
Pouso Alegre,10 a 17 anos,158.0,Mais de uma hora até duas horas,Fundamental completo e médio incompleto,3109,31,Minas Gerais,90.5
Uberaba,10 a 17 anos,85.0,Mais de uma hora até duas horas,Fundamental completo e médio incompleto,3110,31,Minas Gerais,90.5
Uberlândia,10 a 17 anos,646.0,Mais de uma hora até duas horas,Fundamental completo e médio incompleto,3111,31,Minas Gerais,90.5
Patos de Minas,10 a 17 anos,157.0,Mais de uma hora até duas horas,Fundamental completo e médio incompleto,3112,31,Minas Gerais,90.5
Divinópolis,10 a 17 anos,165.0,Mais de uma hora até duas horas,Fundamental completo e médio incompleto,3113,31,Minas Gerais,90.5
Vitória,10 a 17 anos,860.0,Mais de uma hora até duas horas,Fundamental completo e médio incompleto,3201,32,Espírito Santo,90.5
São Mateus,10 a 17 anos,50.0,Mais de uma hora até duas horas,Fundamental completo e médio incompleto,3202,32,Espírito Santo,90.5
Colatina,10 a 17 anos,6.0,Mais de uma hora até duas horas,Fundamental completo e médio incompleto,3203,32,Espírito Santo,90.5
Cachoeiro do Itapemirim,10 a 17 anos,51.0,Mais de uma hora até duas horas,Fundamental completo e médio incompleto,3204,32,Espírito Santo,90.5
Rio de Janeiro,10 a 17 anos,1890.0,Mais de uma hora até duas horas,Fundamental completo e médio incompleto,3301,33,Rio de Janeiro,90.5
Volta Redonda - Barra Mansa,10 a 17 anos,136.0,Mais de uma hora até duas horas,Fundamental completo e médio incompleto,3302,33,Rio de Janeiro,90.5
Petrópolis,10 a 17 anos,99.0,Mais de uma hora até duas horas,Fundamental completo e médio incompleto,3303,33,Rio de Janeiro,90.5
Campos dos Goytacazes,10 a 17 anos,63.0,Mais de uma hora até duas horas,Fundamental completo e médio incompleto,3304,33,Rio de Janeiro,90.5
Macaé - Rio das Ostras - Cabo Frio,10 a 17 anos,69.0,Mais de uma hora até duas horas,Fundamental completo e médio incompleto,3305,33,Rio de Janeiro,90.5
São Paulo,10 a 17 anos,10998.0,Mais de uma hora até duas horas,Fundamental completo e médio incompleto,3501,35,São Paulo,90.5
Sorocaba,10 a 17 anos,687.0,Mais de uma hora até duas horas,Fundamental completo e médio incompleto,3502,35,São Paulo,90.5
Bauru,10 a 17 anos,177.0,Mais de uma hora até duas horas,Fundamental completo e médio incompleto,3503,35,São Paulo,90.5
Marília,10 a 17 anos,112.0,Mais de uma hora até duas horas,Fundamental completo e médio incompleto,3504,35,São Paulo,90.5
Presidente Prudente,10 a 17 anos,102.0,Mais de uma hora até duas horas,Fundamental completo e médio incompleto,3505,35,São Paulo,90.5
Araçatuba,10 a 17 anos,52.0,Mais de uma hora até duas horas,Fundamental completo e médio incompleto,3506,35,São Paulo,90.5
São José do Rio Preto,10 a 17 anos,326.0,Mais de uma hora até duas horas,Fundamental completo e médio incompleto,3507,35,São Paulo,90.5
Ribeirão Preto,10 a 17 anos,319.0,Mais de uma hora até duas horas,Fundamental completo e médio incompleto,3508,35,São Paulo,90.5
Araraquara,10 a 17 anos,122.0,Mais de uma hora até duas horas,Fundamental completo e médio incompleto,3509,35,São Paulo,90.5
Campinas,10 a 17 anos,1639.0,Mais de uma hora até duas horas,Fundamental completo e médio incompleto,3510,35,São Paulo,90.5
São José dos Campos,10 a 17 anos,440.0,Mais de uma hora até duas horas,Fundamental completo e médio incompleto,3511,35,São Paulo,90.5
Curitiba,10 a 17 anos,1487.0,Mais de uma hora até duas horas,Fundamental completo e médio incompleto,4101,41,Paraná,90.5
Guarapuava,10 a 17 anos,33.0,Mais de uma hora até duas horas,Fundamental completo e médio incompleto,4102,41,Paraná,90.5
Cascavel,10 a 17 anos,303.0,Mais de uma hora até duas horas,Fundamental completo e médio incompleto,4103,41,Paraná,90.5
Maringá,10 a 17 anos,267.0,Mais de uma hora até duas horas,Fundamental completo e médio incompleto,4104,41,Paraná,90.5
Londrina,10 a 17 anos,368.0,Mais de uma hora até duas horas,Fundamental completo e médio incompleto,4105,41,Paraná,90.5
Ponta Grossa,10 a 17 anos,171.0,Mais de uma hora até duas horas,Fundamental completo e médio incompleto,4106,41,Paraná,90.5
Florianópolis,10 a 17 anos,257.0,Mais de uma hora até duas horas,Fundamental completo e médio incompleto,4201,42,Santa Catarina,90.5
Criciúma,10 a 17 anos,100.0,Mais de uma hora até duas horas,Fundamental completo e médio incompleto,4202,42,Santa Catarina,90.5
Lages,10 a 17 anos,34.0,Mais de uma hora até duas horas,Fundamental completo e médio incompleto,4203,42,Santa Catarina,90.5
Chapecó,10 a 17 anos,125.0,Mais de uma hora até duas horas,Fundamental completo e médio incompleto,4204,42,Santa Catarina,90.5
Caçador,10 a 17 anos,33.0,Mais de uma hora até duas horas,Fundamental completo e médio incompleto,4205,42,Santa Catarina,90.5
Joinville,10 a 17 anos,581.0,Mais de uma hora até duas horas,Fundamental completo e médio incompleto,4206,42,Santa Catarina,90.5
Blumenau,10 a 17 anos,419.0,Mais de uma hora até duas horas,Fundamental completo e médio incompleto,4207,42,Santa Catarina,90.5
Porto Alegre,10 a 17 anos,1506.0,Mais de uma hora até duas horas,Fundamental completo e médio incompleto,4301,43,Rio Grande do Sul,90.5
Pelotas,10 a 17 anos,114.0,Mais de uma hora até duas horas,Fundamental completo e médio incompleto,4302,43,Rio Grande do Sul,90.5
Santa Maria,10 a 17 anos,87.0,Mais de uma hora até duas horas,Fundamental completo e médio incompleto,4303,43,Rio Grande do Sul,90.5
Uruguaiana,10 a 17 anos,57.0,Mais de uma hora até duas horas,Fundamental completo e médio incompleto,4304,43,Rio Grande do Sul,90.5
Ijuí,10 a 17 anos,57.0,Mais de uma hora até duas horas,Fundamental completo e médio incompleto,4305,43,Rio Grande do Sul,90.5
Passo Fundo,10 a 17 anos,123.0,Mais de uma hora até duas horas,Fundamental completo e médio incompleto,4306,43,Rio Grande do Sul,90.5
Caxias do Sul,10 a 17 anos,259.0,Mais de uma hora até duas horas,Fundamental completo e médio incompleto,4307,43,Rio Grande do Sul,90.5
Santa Cruz do Sul - Lajeado,10 a 17 anos,123.0,Mais de uma hora até duas horas,Fundamental completo e médio incompleto,4308,43,Rio Grande do Sul,90.5
Campo Grande,10 a 17 anos,740.0,Mais de uma hora até duas horas,Fundamental completo e médio incompleto,5001,50,Mato Grosso do Sul,90.5
Dourados,10 a 17 anos,74.0,Mais de uma hora até duas horas,Fundamental completo e médio incompleto,5002,50,Mato Grosso do Sul,90.5
Corumbá,10 a 17 anos,37.0,Mais de uma hora até duas horas,Fundamental completo e médio incompleto,5003,50,Mato Grosso do Sul,90.5
Cuiabá,10 a 17 anos,419.0,Mais de uma hora até duas horas,Fundamental completo e médio incompleto,5101,51,Mato Grosso,90.5
Cáceres,10 a 17 anos,57.0,Mais de uma hora até duas horas,Fundamental completo e médio incompleto,5102,51,Mato Grosso,90.5
Sinop,10 a 17 anos,135.0,Mais de uma hora até duas horas,Fundamental completo e médio incompleto,5103,51,Mato Grosso,90.5
Barra do Garças,10 a 17 anos,75.0,Mais de uma hora até duas horas,Fundamental completo e médio incompleto,5104,51,Mato Grosso,90.5
Rondonópolis,10 a 17 anos,30.0,Mais de uma hora até duas horas,Fundamental completo e médio incompleto,5105,51,Mato Grosso,90.5
Goiânia,10 a 17 anos,1873.0,Mais de uma hora até duas horas,Fundamental completo e médio incompleto,5201,52,Goiás,90.5
Itumbiara,10 a 17 anos,25.0,Mais de uma hora até duas horas,Fundamental completo e médio incompleto,5202,52,Goiás,90.5
Rio Verde,10 a 17 anos,67.0,Mais de uma hora até duas horas,Fundamental completo e médio incompleto,5203,52,Goiás,90.5
São Luís de Montes Belos - Iporá,10 a 17 anos,6.0,Mais de uma hora até duas horas,Fundamental completo e médio incompleto,5204,52,Goiás,90.5
Porangatu - Uruaçu,10 a 17 anos,44.0,Mais de uma hora até duas horas,Fundamental completo e médio incompleto,5205,52,Goiás,90.5
Luziânia - Águas Lindas de Goiás,10 a 17 anos,791.0,Mais de uma hora até duas horas,Fundamental completo e médio incompleto,5206,52,Goiás,90.5
Distrito Federal,10 a 17 anos,1641.0,Mais de uma hora até duas horas,Fundamental completo e médio incompleto,5301,53,Distrito Federal,90.5
Ji-Paraná,10 a 17 anos,2.0,Mais de uma hora até duas horas,Médio completo e superior incompleto,1102,11,Rondônia,90.5
Manaus,10 a 17 anos,84.0,Mais de uma hora até duas horas,Médio completo e superior incompleto,1301,13,Amazonas,90.5
Tefé,10 a 17 anos,5.0,Mais de uma hora até duas horas,Médio completo e superior incompleto,1302,13,Amazonas,90.5
Lábrea,10 a 17 anos,10.0,Mais de uma hora até duas horas,Médio completo e superior incompleto,1303,13,Amazonas,90.5
Parintins,10 a 17 anos,13.0,Mais de uma hora até duas horas,Médio completo e superior incompleto,1304,13,Amazonas,90.5
Boa Vista,10 a 17 anos,25.0,Mais de uma hora até duas horas,Médio completo e superior incompleto,1401,14,Roraima,90.5
Belém,10 a 17 anos,22.0,Mais de uma hora até duas horas,Médio completo e superior incompleto,1501,15,Pará,90.5
Castanhal,10 a 17 anos,12.0,Mais de uma hora até duas horas,Médio completo e superior incompleto,1502,15,Pará,90.5
Marabá,10 a 17 anos,22.0,Mais de uma hora até duas horas,Médio completo e superior incompleto,1503,15,Pará,90.5
Redenção,10 a 17 anos,11.0,Mais de uma hora até duas horas,Médio completo e superior incompleto,1504,15,Pará,90.5
Altamira,10 a 17 anos,7.0,Mais de uma hora até duas horas,Médio completo e superior incompleto,1506,15,Pará,90.5
Palmas,10 a 17 anos,24.0,Mais de uma hora até duas horas,Médio completo e superior incompleto,1701,17,Tocantins,90.5
Araguaína,10 a 17 anos,5.0,Mais de uma hora até duas horas,Médio completo e superior incompleto,1702,17,Tocantins,90.5
Gurupi,10 a 17 anos,12.0,Mais de uma hora até duas horas,Médio completo e superior incompleto,1703,17,Tocantins,90.5
São Luís,10 a 17 anos,83.0,Mais de uma hora até duas horas,Médio completo e superior incompleto,2101,21,Maranhão,90.5
Santa Inês - Bacabal,10 a 17 anos,18.0,Mais de uma hora até duas horas,Médio completo e superior incompleto,2102,21,Maranhão,90.5
Imperatriz,10 a 17 anos,17.0,Mais de uma hora até duas horas,Médio completo e superior incompleto,2105,21,Maranhão,90.5
Teresina,10 a 17 anos,26.0,Mais de uma hora até duas horas,Médio completo e superior incompleto,2201,22,Piauí,90.5
Fortaleza,10 a 17 anos,133.0,Mais de uma hora até duas horas,Médio completo e superior incompleto,2301,23,Ceará,90.5
Quixadá,10 a 17 anos,11.0,Mais de uma hora até duas horas,Médio completo e superior incompleto,2302,23,Ceará,90.5
João Pessoa,10 a 17 anos,23.0,Mais de uma hora até duas horas,Médio completo e superior incompleto,2501,25,Paraíba,90.5
Recife,10 a 17 anos,129.0,Mais de uma hora até duas horas,Médio completo e superior incompleto,2601,26,Pernambuco,90.5
Caruaru,10 a 17 anos,11.0,Mais de uma hora até duas horas,Médio completo e superior incompleto,2602,26,Pernambuco,90.5
Petrolina,10 a 17 anos,6.0,Mais de uma hora até duas horas,Médio completo e superior incompleto,2604,26,Pernambuco,90.5
Maceió,10 a 17 anos,58.0,Mais de uma hora até duas horas,Médio completo e superior incompleto,2701,27,Alagoas,90.5
Arapiraca,10 a 17 anos,15.0,Mais de uma hora até duas horas,Médio completo e superior incompleto,2702,27,Alagoas,90.5
Aracaju,10 a 17 anos,21.0,Mais de uma hora até duas horas,Médio completo e superior incompleto,2801,28,Sergipe,90.5
Salvador,10 a 17 anos,141.0,Mais de uma hora até duas horas,Médio completo e superior incompleto,2901,29,Bahia,90.5
Santo Antônio de Jesus,10 a 17 anos,5.0,Mais de uma hora até duas horas,Médio completo e superior incompleto,2902,29,Bahia,90.5
Ilhéus - Itabuna,10 a 17 anos,24.0,Mais de uma hora até duas horas,Médio completo e superior incompleto,,,,90.5
Vitória da Conquista,10 a 17 anos,12.0,Mais de uma hora até duas horas,Médio completo e superior incompleto,2904,29,Bahia,90.5
Barreiras,10 a 17 anos,7.0,Mais de uma hora até duas horas,Médio completo e superior incompleto,2906,29,Bahia,90.5
Irecê,10 a 17 anos,9.0,Mais de uma hora até duas horas,Médio completo e superior incompleto,2907,29,Bahia,90.5
Feira de Santana,10 a 17 anos,53.0,Mais de uma hora até duas horas,Médio completo e superior incompleto,2910,29,Bahia,90.5
Belo Horizonte,10 a 17 anos,282.0,Mais de uma hora até duas horas,Médio completo e superior incompleto,3101,31,Minas Gerais,90.5
Montes Claros,10 a 17 anos,10.0,Mais de uma hora até duas horas,Médio completo e superior incompleto,3102,31,Minas Gerais,90.5
Teófilo Otoni,10 a 17 anos,5.0,Mais de uma hora até duas horas,Médio completo e superior incompleto,3103,31,Minas Gerais,90.5
Juíz de Fora,10 a 17 anos,10.0,Mais de uma hora até duas horas,Médio completo e superior incompleto,3106,31,Minas Gerais,90.5
Varginha,10 a 17 anos,3.0,Mais de uma hora até duas horas,Médio completo e superior incompleto,3108,31,Minas Gerais,90.5
Pouso Alegre,10 a 17 anos,7.0,Mais de uma hora até duas horas,Médio completo e superior incompleto,3109,31,Minas Gerais,90.5
Uberaba,10 a 17 anos,8.0,Mais de uma hora até duas horas,Médio completo e superior incompleto,3110,31,Minas Gerais,90.5
Uberlândia,10 a 17 anos,21.0,Mais de uma hora até duas horas,Médio completo e superior incompleto,3111,31,Minas Gerais,90.5
Patos de Minas,10 a 17 anos,8.0,Mais de uma hora até duas horas,Médio completo e superior incompleto,3112,31,Minas Gerais,90.5
Divinópolis,10 a 17 anos,31.0,Mais de uma hora até duas horas,Médio completo e superior incompleto,3113,31,Minas Gerais,90.5
Vitória,10 a 17 anos,71.0,Mais de uma hora até duas horas,Médio completo e superior incompleto,3201,32,Espírito Santo,90.5
São Mateus,10 a 17 anos,5.0,Mais de uma hora até duas horas,Médio completo e superior incompleto,3202,32,Espírito Santo,90.5
Rio de Janeiro,10 a 17 anos,301.0,Mais de uma hora até duas horas,Médio completo e superior incompleto,3301,33,Rio de Janeiro,90.5
Volta Redonda - Barra Mansa,10 a 17 anos,20.0,Mais de uma hora até duas horas,Médio completo e superior incompleto,3302,33,Rio de Janeiro,90.5
Macaé - Rio das Ostras - Cabo Frio,10 a 17 anos,12.0,Mais de uma hora até duas horas,Médio completo e superior incompleto,3305,33,Rio de Janeiro,90.5
São Paulo,10 a 17 anos,1822.0,Mais de uma hora até duas horas,Médio completo e superior incompleto,3501,35,São Paulo,90.5
Sorocaba,10 a 17 anos,42.0,Mais de uma hora até duas horas,Médio completo e superior incompleto,3502,35,São Paulo,90.5
Bauru,10 a 17 anos,18.0,Mais de uma hora até duas horas,Médio completo e superior incompleto,3503,35,São Paulo,90.5
Marília,10 a 17 anos,15.0,Mais de uma hora até duas horas,Médio completo e superior incompleto,3504,35,São Paulo,90.5
São José do Rio Preto,10 a 17 anos,25.0,Mais de uma hora até duas horas,Médio completo e superior incompleto,3507,35,São Paulo,90.5
Ribeirão Preto,10 a 17 anos,69.0,Mais de uma hora até duas horas,Médio completo e superior incompleto,3508,35,São Paulo,90.5
Araraquara,10 a 17 anos,34.0,Mais de uma hora até duas horas,Médio completo e superior incompleto,3509,35,São Paulo,90.5
Campinas,10 a 17 anos,259.0,Mais de uma hora até duas horas,Médio completo e superior incompleto,3510,35,São Paulo,90.5
São José dos Campos,10 a 17 anos,10.0,Mais de uma hora até duas horas,Médio completo e superior incompleto,3511,35,São Paulo,90.5
Curitiba,10 a 17 anos,314.0,Mais de uma hora até duas horas,Médio completo e superior incompleto,4101,41,Paraná,90.5
Guarapuava,10 a 17 anos,7.0,Mais de uma hora até duas horas,Médio completo e superior incompleto,4102,41,Paraná,90.5
Cascavel,10 a 17 anos,102.0,Mais de uma hora até duas horas,Médio completo e superior incompleto,4103,41,Paraná,90.5
Maringá,10 a 17 anos,116.0,Mais de uma hora até duas horas,Médio completo e superior incompleto,4104,41,Paraná,90.5
Londrina,10 a 17 anos,61.0,Mais de uma hora até duas horas,Médio completo e superior incompleto,4105,41,Paraná,90.5
Ponta Grossa,10 a 17 anos,31.0,Mais de uma hora até duas horas,Médio completo e superior incompleto,4106,41,Paraná,90.5
Florianópolis,10 a 17 anos,6.0,Mais de uma hora até duas horas,Médio completo e superior incompleto,4201,42,Santa Catarina,90.5
Criciúma,10 a 17 anos,7.0,Mais de uma hora até duas horas,Médio completo e superior incompleto,4202,42,Santa Catarina,90.5
Chapecó,10 a 17 anos,15.0,Mais de uma hora até duas horas,Médio completo e superior incompleto,4204,42,Santa Catarina,90.5
Joinville,10 a 17 anos,62.0,Mais de uma hora até duas horas,Médio completo e superior incompleto,4206,42,Santa Catarina,90.5
Porto Alegre,10 a 17 anos,88.0,Mais de uma hora até duas horas,Médio completo e superior incompleto,4301,43,Rio Grande do Sul,90.5
Santa Maria,10 a 17 anos,2.0,Mais de uma hora até duas horas,Médio completo e superior incompleto,4303,43,Rio Grande do Sul,90.5
Ijuí,10 a 17 anos,15.0,Mais de uma hora até duas horas,Médio completo e superior incompleto,4305,43,Rio Grande do Sul,90.5
Santa Cruz do Sul - Lajeado,10 a 17 anos,4.0,Mais de uma hora até duas horas,Médio completo e superior incompleto,4308,43,Rio Grande do Sul,90.5
Campo Grande,10 a 17 anos,102.0,Mais de uma hora até duas horas,Médio completo e superior incompleto,5001,50,Mato Grosso do Sul,90.5
Cuiabá,10 a 17 anos,74.0,Mais de uma hora até duas horas,Médio completo e superior incompleto,5101,51,Mato Grosso,90.5
Sinop,10 a 17 anos,12.0,Mais de uma hora até duas horas,Médio completo e superior incompleto,5103,51,Mato Grosso,90.5
Goiânia,10 a 17 anos,266.0,Mais de uma hora até duas horas,Médio completo e superior incompleto,5201,52,Goiás,90.5
Rio Verde,10 a 17 anos,3.0,Mais de uma hora até duas horas,Médio completo e superior incompleto,5203,52,Goiás,90.5
São Luís de Montes Belos - Iporá,10 a 17 anos,3.0,Mais de uma hora até duas horas,Médio completo e superior incompleto,5204,52,Goiás,90.5
Luziânia - Águas Lindas de Goiás,10 a 17 anos,72.0,Mais de uma hora até duas horas,Médio completo e superior incompleto,5206,52,Goiás,90.5
Distrito Federal,10 a 17 anos,41.0,Mais de uma hora até duas horas,Médio completo e superior incompleto,5301,53,Distrito Federal,90.5
Porto Velho,10 a 17 anos,12.0,Mais de duas horas até quatro horas,Total,1101,11,Rondônia,180.5
Ji-Paraná,10 a 17 anos,31.0,Mais de duas horas até quatro horas,Total,1102,11,Rondônia,180.5
Rio Branco,10 a 17 anos,33.0,Mais de duas horas até quatro horas,Total,1201,12,Acre,180.5
Cruzeiro do Sul,10 a 17 anos,15.0,Mais de duas horas até quatro horas,Total,1202,12,Acre,180.5
Manaus,10 a 17 anos,89.0,Mais de duas horas até quatro horas,Total,1301,13,Amazonas,180.5
Tefé,10 a 17 anos,84.0,Mais de duas horas até quatro horas,Total,1302,13,Amazonas,180.5
Lábrea,10 a 17 anos,68.0,Mais de duas horas até quatro horas,Total,1303,13,Amazonas,180.5
Parintins,10 a 17 anos,22.0,Mais de duas horas até quatro horas,Total,1304,13,Amazonas,180.5
Boa Vista,10 a 17 anos,12.0,Mais de duas horas até quatro horas,Total,1401,14,Roraima,180.5
Belém,10 a 17 anos,95.0,Mais de duas horas até quatro horas,Total,1501,15,Pará,180.5
Castanhal,10 a 17 anos,79.0,Mais de duas horas até quatro horas,Total,1502,15,Pará,180.5
Marabá,10 a 17 anos,119.0,Mais de duas horas até quatro horas,Total,1503,15,Pará,180.5
Redenção,10 a 17 anos,78.0,Mais de duas horas até quatro horas,Total,1504,15,Pará,180.5
Santarém,10 a 17 anos,116.0,Mais de duas horas até quatro horas,Total,1505,15,Pará,180.5
Altamira,10 a 17 anos,35.0,Mais de duas horas até quatro horas,Total,1506,15,Pará,180.5
Breves,10 a 17 anos,22.0,Mais de duas horas até quatro horas,Total,1507,15,Pará,180.5
Macapá,10 a 17 anos,14.0,Mais de duas horas até quatro horas,Total,1601,16,Amapá,180.5
Oiapoque - Porto Grande,10 a 17 anos,13.0,Mais de duas horas até quatro horas,Total,1602,16,Amapá,180.5
Palmas,10 a 17 anos,3.0,Mais de duas horas até quatro horas,Total,1701,17,Tocantins,180.5
Araguaína,10 a 17 anos,2.0,Mais de duas horas até quatro horas,Total,1702,17,Tocantins,180.5
Gurupi,10 a 17 anos,8.0,Mais de duas horas até quatro horas,Total,1703,17,Tocantins,180.5
São Luís,10 a 17 anos,100.0,Mais de duas horas até quatro horas,Total,2101,21,Maranhão,180.5
Santa Inês - Bacabal,10 a 17 anos,35.0,Mais de duas horas até quatro horas,Total,2102,21,Maranhão,180.5
Presidente Dutra,10 a 17 anos,15.0,Mais de duas horas até quatro horas,Total,2104,21,Maranhão,180.5
Imperatriz,10 a 17 anos,30.0,Mais de duas horas até quatro horas,Total,2105,21,Maranhão,180.5
Teresina,10 a 17 anos,20.0,Mais de duas horas até quatro horas,Total,2201,22,Piauí,180.5
Parnaíba,10 a 17 anos,3.0,Mais de duas horas até quatro horas,Total,2202,22,Piauí,180.5
Picos,10 a 17 anos,7.0,Mais de duas horas até quatro horas,Total,2203,22,Piauí,180.5
São Raimundo Nonato,10 a 17 anos,3.0,Mais de duas horas até quatro horas,Total,2204,22,Piauí,180.5
Fortaleza,10 a 17 anos,78.0,Mais de duas horas até quatro horas,Total,2301,23,Ceará,180.5
Quixadá,10 a 17 anos,6.0,Mais de duas horas até quatro horas,Total,2302,23,Ceará,180.5
Iguatu,10 a 17 anos,7.0,Mais de duas horas até quatro horas,Total,2303,23,Ceará,180.5
Juazeiro do Norte,10 a 17 anos,17.0,Mais de duas horas até quatro horas,Total,2304,23,Ceará,180.5
Natal,10 a 17 anos,13.0,Mais de duas horas até quatro horas,Total,2401,24,Rio Grande do Norte,180.5
Mossoró,10 a 17 anos,5.0,Mais de duas horas até quatro horas,Total,2403,24,Rio Grande do Norte,180.5
João Pessoa,10 a 17 anos,28.0,Mais de duas horas até quatro horas,Total,2501,25,Paraíba,180.5
Campina Grande,10 a 17 anos,11.0,Mais de duas horas até quatro horas,Total,2502,25,Paraíba,180.5
Patos,10 a 17 anos,17.0,Mais de duas horas até quatro horas,Total,2503,25,Paraíba,180.5
Recife,10 a 17 anos,54.0,Mais de duas horas até quatro horas,Total,2601,26,Pernambuco,180.5
Caruaru,10 a 17 anos,34.0,Mais de duas horas até quatro horas,Total,2602,26,Pernambuco,180.5
Petrolina,10 a 17 anos,4.0,Mais de duas horas até quatro horas,Total,2604,26,Pernambuco,180.5
Maceió,10 a 17 anos,24.0,Mais de duas horas até quatro horas,Total,2701,27,Alagoas,180.5
Arapiraca,10 a 17 anos,11.0,Mais de duas horas até quatro horas,Total,2702,27,Alagoas,180.5
Aracaju,10 a 17 anos,26.0,Mais de duas horas até quatro horas,Total,2801,28,Sergipe,180.5
Itabaiana,10 a 17 anos,25.0,Mais de duas horas até quatro horas,Total,2802,28,Sergipe,180.5
Salvador,10 a 17 anos,61.0,Mais de duas horas até quatro horas,Total,2901,29,Bahia,180.5
Ilhéus - Itabuna,10 a 17 anos,13.0,Mais de duas horas até quatro horas,Total,,,,180.5
Vitória da Conquista,10 a 17 anos,15.0,Mais de duas horas até quatro horas,Total,2904,29,Bahia,180.5
Guanambi,10 a 17 anos,11.0,Mais de duas horas até quatro horas,Total,2905,29,Bahia,180.5
Barreiras,10 a 17 anos,14.0,Mais de duas horas até quatro horas,Total,2906,29,Bahia,180.5
Juazeiro,10 a 17 anos,49.0,Mais de duas horas até quatro horas,Total,2908,29,Bahia,180.5
Paulo Afonso,10 a 17 anos,8.0,Mais de duas horas até quatro horas,Total,2909,29,Bahia,180.5
Feira de Santana,10 a 17 anos,35.0,Mais de duas horas até quatro horas,Total,2910,29,Bahia,180.5
Belo Horizonte,10 a 17 anos,258.0,Mais de duas horas até quatro horas,Total,3101,31,Minas Gerais,180.5
Montes Claros,10 a 17 anos,42.0,Mais de duas horas até quatro horas,Total,3102,31,Minas Gerais,180.5
Teófilo Otoni,10 a 17 anos,43.0,Mais de duas horas até quatro horas,Total,3103,31,Minas Gerais,180.5
Governador Valadares,10 a 17 anos,3.0,Mais de duas horas até quatro horas,Total,3104,31,Minas Gerais,180.5
Ipatinga,10 a 17 anos,1.0,Mais de duas horas até quatro horas,Total,3105,31,Minas Gerais,180.5
Juíz de Fora,10 a 17 anos,35.0,Mais de duas horas até quatro horas,Total,3106,31,Minas Gerais,180.5
Varginha,10 a 17 anos,4.0,Mais de duas horas até quatro horas,Total,3108,31,Minas Gerais,180.5
Uberlândia,10 a 17 anos,24.0,Mais de duas horas até quatro horas,Total,3111,31,Minas Gerais,180.5
Patos de Minas,10 a 17 anos,31.0,Mais de duas horas até quatro horas,Total,3112,31,Minas Gerais,180.5
Divinópolis,10 a 17 anos,44.0,Mais de duas horas até quatro horas,Total,3113,31,Minas Gerais,180.5
Vitória,10 a 17 anos,74.0,Mais de duas horas até quatro horas,Total,3201,32,Espírito Santo,180.5
São Mateus,10 a 17 anos,10.0,Mais de duas horas até quatro horas,Total,3202,32,Espírito Santo,180.5
Rio de Janeiro,10 a 17 anos,549.0,Mais de duas horas até quatro horas,Total,3301,33,Rio de Janeiro,180.5
Petrópolis,10 a 17 anos,8.0,Mais de duas horas até quatro horas,Total,3303,33,Rio de Janeiro,180.5
Macaé - Rio das Ostras - Cabo Frio,10 a 17 anos,11.0,Mais de duas horas até quatro horas,Total,3305,33,Rio de Janeiro,180.5
São Paulo,10 a 17 anos,1663.0,Mais de duas horas até quatro horas,Total,3501,35,São Paulo,180.5
Sorocaba,10 a 17 anos,39.0,Mais de duas horas até quatro horas,Total,3502,35,São Paulo,180.5
Bauru,10 a 17 anos,4.0,Mais de duas horas até quatro horas,Total,3503,35,São Paulo,180.5
Presidente Prudente,10 a 17 anos,8.0,Mais de duas horas até quatro horas,Total,3505,35,São Paulo,180.5
Araçatuba,10 a 17 anos,14.0,Mais de duas horas até quatro horas,Total,3506,35,São Paulo,180.5
São José do Rio Preto,10 a 17 anos,19.0,Mais de duas horas até quatro horas,Total,3507,35,São Paulo,180.5
Ribeirão Preto,10 a 17 anos,57.0,Mais de duas horas até quatro horas,Total,3508,35,São Paulo,180.5
Campinas,10 a 17 anos,33.0,Mais de duas horas até quatro horas,Total,3510,35,São Paulo,180.5
São José dos Campos,10 a 17 anos,20.0,Mais de duas horas até quatro horas,Total,3511,35,São Paulo,180.5
Curitiba,10 a 17 anos,144.0,Mais de duas horas até quatro horas,Total,4101,41,Paraná,180.5
Guarapuava,10 a 17 anos,5.0,Mais de duas horas até quatro horas,Total,4102,41,Paraná,180.5
Cascavel,10 a 17 anos,27.0,Mais de duas horas até quatro horas,Total,4103,41,Paraná,180.5
Maringá,10 a 17 anos,33.0,Mais de duas horas até quatro horas,Total,4104,41,Paraná,180.5
Ponta Grossa,10 a 17 anos,7.0,Mais de duas horas até quatro horas,Total,4106,41,Paraná,180.5
Chapecó,10 a 17 anos,1.0,Mais de duas horas até quatro horas,Total,4204,42,Santa Catarina,180.5
Joinville,10 a 17 anos,32.0,Mais de duas horas até quatro horas,Total,4206,42,Santa Catarina,180.5
Blumenau,10 a 17 anos,48.0,Mais de duas horas até quatro horas,Total,4207,42,Santa Catarina,180.5
Porto Alegre,10 a 17 anos,76.0,Mais de duas horas até quatro horas,Total,4301,43,Rio Grande do Sul,180.5
Pelotas,10 a 17 anos,41.0,Mais de duas horas até quatro horas,Total,4302,43,Rio Grande do Sul,180.5
Santa Maria,10 a 17 anos,4.0,Mais de duas horas até quatro horas,Total,4303,43,Rio Grande do Sul,180.5
Uruguaiana,10 a 17 anos,2.0,Mais de duas horas até quatro horas,Total,4304,43,Rio Grande do Sul,180.5
Ijuí,10 a 17 anos,5.0,Mais de duas horas até quatro horas,Total,4305,43,Rio Grande do Sul,180.5
Passo Fundo,10 a 17 anos,9.0,Mais de duas horas até quatro horas,Total,4306,43,Rio Grande do Sul,180.5
Caxias do Sul,10 a 17 anos,10.0,Mais de duas horas até quatro horas,Total,4307,43,Rio Grande do Sul,180.5
Campo Grande,10 a 17 anos,139.0,Mais de duas horas até quatro horas,Total,5001,50,Mato Grosso do Sul,180.5
Dourados,10 a 17 anos,21.0,Mais de duas horas até quatro horas,Total,5002,50,Mato Grosso do Sul,180.5
Corumbá,10 a 17 anos,37.0,Mais de duas horas até quatro horas,Total,5003,50,Mato Grosso do Sul,180.5
Cuiabá,10 a 17 anos,75.0,Mais de duas horas até quatro horas,Total,5101,51,Mato Grosso,180.5
Cáceres,10 a 17 anos,17.0,Mais de duas horas até quatro horas,Total,5102,51,Mato Grosso,180.5
Sinop,10 a 17 anos,49.0,Mais de duas horas até quatro horas,Total,5103,51,Mato Grosso,180.5
Barra do Garças,10 a 17 anos,15.0,Mais de duas horas até quatro horas,Total,5104,51,Mato Grosso,180.5
Rondonópolis,10 a 17 anos,5.0,Mais de duas horas até quatro horas,Total,5105,51,Mato Grosso,180.5
Goiânia,10 a 17 anos,132.0,Mais de duas horas até quatro horas,Total,5201,52,Goiás,180.5
Rio Verde,10 a 17 anos,10.0,Mais de duas horas até quatro horas,Total,5203,52,Goiás,180.5
Porangatu - Uruaçu,10 a 17 anos,5.0,Mais de duas horas até quatro horas,Total,5205,52,Goiás,180.5
Luziânia - Águas Lindas de Goiás,10 a 17 anos,67.0,Mais de duas horas até quatro horas,Total,5206,52,Goiás,180.5
Distrito Federal,10 a 17 anos,23.0,Mais de duas horas até quatro horas,Total,5301,53,Distrito Federal,180.5
Ji-Paraná,10 a 17 anos,24.0,Mais de duas horas até quatro horas,Sem instrução e fundamental incompleto,1102,11,Rondônia,180.5
Rio Branco,10 a 17 anos,26.0,Mais de duas horas até quatro horas,Sem instrução e fundamental incompleto,1201,12,Acre,180.5
Cruzeiro do Sul,10 a 17 anos,15.0,Mais de duas horas até quatro horas,Sem instrução e fundamental incompleto,1202,12,Acre,180.5
Manaus,10 a 17 anos,23.0,Mais de duas horas até quatro horas,Sem instrução e fundamental incompleto,1301,13,Amazonas,180.5
Tefé,10 a 17 anos,52.0,Mais de duas horas até quatro horas,Sem instrução e fundamental incompleto,1302,13,Amazonas,180.5
Lábrea,10 a 17 anos,32.0,Mais de duas horas até quatro horas,Sem instrução e fundamental incompleto,1303,13,Amazonas,180.5
Parintins,10 a 17 anos,20.0,Mais de duas horas até quatro horas,Sem instrução e fundamental incompleto,1304,13,Amazonas,180.5
Boa Vista,10 a 17 anos,4.0,Mais de duas horas até quatro horas,Sem instrução e fundamental incompleto,1401,14,Roraima,180.5
Belém,10 a 17 anos,46.0,Mais de duas horas até quatro horas,Sem instrução e fundamental incompleto,1501,15,Pará,180.5
Castanhal,10 a 17 anos,67.0,Mais de duas horas até quatro horas,Sem instrução e fundamental incompleto,1502,15,Pará,180.5
Marabá,10 a 17 anos,60.0,Mais de duas horas até quatro horas,Sem instrução e fundamental incompleto,1503,15,Pará,180.5
Redenção,10 a 17 anos,65.0,Mais de duas horas até quatro horas,Sem instrução e fundamental incompleto,1504,15,Pará,180.5
Santarém,10 a 17 anos,96.0,Mais de duas horas até quatro horas,Sem instrução e fundamental incompleto,1505,15,Pará,180.5
Altamira,10 a 17 anos,35.0,Mais de duas horas até quatro horas,Sem instrução e fundamental incompleto,1506,15,Pará,180.5
Breves,10 a 17 anos,22.0,Mais de duas horas até quatro horas,Sem instrução e fundamental incompleto,1507,15,Pará,180.5
Macapá,10 a 17 anos,14.0,Mais de duas horas até quatro horas,Sem instrução e fundamental incompleto,1601,16,Amapá,180.5
Oiapoque - Porto Grande,10 a 17 anos,13.0,Mais de duas horas até quatro horas,Sem instrução e fundamental incompleto,1602,16,Amapá,180.5
Palmas,10 a 17 anos,3.0,Mais de duas horas até quatro horas,Sem instrução e fundamental incompleto,1701,17,Tocantins,180.5
Araguaína,10 a 17 anos,2.0,Mais de duas horas até quatro horas,Sem instrução e fundamental incompleto,1702,17,Tocantins,180.5
São Luís,10 a 17 anos,92.0,Mais de duas horas até quatro horas,Sem instrução e fundamental incompleto,2101,21,Maranhão,180.5
Santa Inês - Bacabal,10 a 17 anos,12.0,Mais de duas horas até quatro horas,Sem instrução e fundamental incompleto,2102,21,Maranhão,180.5
Presidente Dutra,10 a 17 anos,7.0,Mais de duas horas até quatro horas,Sem instrução e fundamental incompleto,2104,21,Maranhão,180.5
Imperatriz,10 a 17 anos,5.0,Mais de duas horas até quatro horas,Sem instrução e fundamental incompleto,2105,21,Maranhão,180.5
Teresina,10 a 17 anos,20.0,Mais de duas horas até quatro horas,Sem instrução e fundamental incompleto,2201,22,Piauí,180.5
Parnaíba,10 a 17 anos,3.0,Mais de duas horas até quatro horas,Sem instrução e fundamental incompleto,2202,22,Piauí,180.5
São Raimundo Nonato,10 a 17 anos,3.0,Mais de duas horas até quatro horas,Sem instrução e fundamental incompleto,2204,22,Piauí,180.5
Natal,10 a 17 anos,6.0,Mais de duas horas até quatro horas,Sem instrução e fundamental incompleto,2401,24,Rio Grande do Norte,180.5
Mossoró,10 a 17 anos,5.0,Mais de duas horas até quatro horas,Sem instrução e fundamental incompleto,2403,24,Rio Grande do Norte,180.5
João Pessoa,10 a 17 anos,16.0,Mais de duas horas até quatro horas,Sem instrução e fundamental incompleto,2501,25,Paraíba,180.5
Recife,10 a 17 anos,16.0,Mais de duas horas até quatro horas,Sem instrução e fundamental incompleto,2601,26,Pernambuco,180.5
Caruaru,10 a 17 anos,25.0,Mais de duas horas até quatro horas,Sem instrução e fundamental incompleto,2602,26,Pernambuco,180.5
Petrolina,10 a 17 anos,1.0,Mais de duas horas até quatro horas,Sem instrução e fundamental incompleto,2604,26,Pernambuco,180.5
Maceió,10 a 17 anos,7.0,Mais de duas horas até quatro horas,Sem instrução e fundamental incompleto,2701,27,Alagoas,180.5
Arapiraca,10 a 17 anos,8.0,Mais de duas horas até quatro horas,Sem instrução e fundamental incompleto,2702,27,Alagoas,180.5
Aracaju,10 a 17 anos,26.0,Mais de duas horas até quatro horas,Sem instrução e fundamental incompleto,2801,28,Sergipe,180.5
Salvador,10 a 17 anos,18.0,Mais de duas horas até quatro horas,Sem instrução e fundamental incompleto,2901,29,Bahia,180.5
Ilhéus - Itabuna,10 a 17 anos,13.0,Mais de duas horas até quatro horas,Sem instrução e fundamental incompleto,,,,180.5
Vitória da Conquista,10 a 17 anos,2.0,Mais de duas horas até quatro horas,Sem instrução e fundamental incompleto,2904,29,Bahia,180.5
Juazeiro,10 a 17 anos,40.0,Mais de duas horas até quatro horas,Sem instrução e fundamental incompleto,2908,29,Bahia,180.5
Paulo Afonso,10 a 17 anos,8.0,Mais de duas horas até quatro horas,Sem instrução e fundamental incompleto,2909,29,Bahia,180.5
Feira de Santana,10 a 17 anos,11.0,Mais de duas horas até quatro horas,Sem instrução e fundamental incompleto,2910,29,Bahia,180.5
Belo Horizonte,10 a 17 anos,68.0,Mais de duas horas até quatro horas,Sem instrução e fundamental incompleto,3101,31,Minas Gerais,180.5
Montes Claros,10 a 17 anos,37.0,Mais de duas horas até quatro horas,Sem instrução e fundamental incompleto,3102,31,Minas Gerais,180.5
Ipatinga,10 a 17 anos,1.0,Mais de duas horas até quatro horas,Sem instrução e fundamental incompleto,3105,31,Minas Gerais,180.5
Juíz de Fora,10 a 17 anos,5.0,Mais de duas horas até quatro horas,Sem instrução e fundamental incompleto,3106,31,Minas Gerais,180.5
Patos de Minas,10 a 17 anos,31.0,Mais de duas horas até quatro horas,Sem instrução e fundamental incompleto,3112,31,Minas Gerais,180.5
Divinópolis,10 a 17 anos,13.0,Mais de duas horas até quatro horas,Sem instrução e fundamental incompleto,3113,31,Minas Gerais,180.5
Vitória,10 a 17 anos,35.0,Mais de duas horas até quatro horas,Sem instrução e fundamental incompleto,3201,32,Espírito Santo,180.5
Rio de Janeiro,10 a 17 anos,132.0,Mais de duas horas até quatro horas,Sem instrução e fundamental incompleto,3301,33,Rio de Janeiro,180.5
Petrópolis,10 a 17 anos,8.0,Mais de duas horas até quatro horas,Sem instrução e fundamental incompleto,3303,33,Rio de Janeiro,180.5
São Paulo,10 a 17 anos,182.0,Mais de duas horas até quatro horas,Sem instrução e fundamental incompleto,3501,35,São Paulo,180.5
Bauru,10 a 17 anos,4.0,Mais de duas horas até quatro horas,Sem instrução e fundamental incompleto,3503,35,São Paulo,180.5
Ribeirão Preto,10 a 17 anos,9.0,Mais de duas horas até quatro horas,Sem instrução e fundamental incompleto,3508,35,São Paulo,180.5
Curitiba,10 a 17 anos,2.0,Mais de duas horas até quatro horas,Sem instrução e fundamental incompleto,4101,41,Paraná,180.5
Guarapuava,10 a 17 anos,1.0,Mais de duas horas até quatro horas,Sem instrução e fundamental incompleto,4102,41,Paraná,180.5
Cascavel,10 a 17 anos,13.0,Mais de duas horas até quatro horas,Sem instrução e fundamental incompleto,4103,41,Paraná,180.5
Maringá,10 a 17 anos,16.0,Mais de duas horas até quatro horas,Sem instrução e fundamental incompleto,4104,41,Paraná,180.5
Chapecó,10 a 17 anos,1.0,Mais de duas horas até quatro horas,Sem instrução e fundamental incompleto,4204,42,Santa Catarina,180.5
Porto Alegre,10 a 17 anos,41.0,Mais de duas horas até quatro horas,Sem instrução e fundamental incompleto,4301,43,Rio Grande do Sul,180.5
Pelotas,10 a 17 anos,16.0,Mais de duas horas até quatro horas,Sem instrução e fundamental incompleto,4302,43,Rio Grande do Sul,180.5
Santa Maria,10 a 17 anos,4.0,Mais de duas horas até quatro horas,Sem instrução e fundamental incompleto,4303,43,Rio Grande do Sul,180.5
Uruguaiana,10 a 17 anos,2.0,Mais de duas horas até quatro horas,Sem instrução e fundamental incompleto,4304,43,Rio Grande do Sul,180.5
Ijuí,10 a 17 anos,1.0,Mais de duas horas até quatro horas,Sem instrução e fundamental incompleto,4305,43,Rio Grande do Sul,180.5
Passo Fundo,10 a 17 anos,8.0,Mais de duas horas até quatro horas,Sem instrução e fundamental incompleto,4306,43,Rio Grande do Sul,180.5
Caxias do Sul,10 a 17 anos,1.0,Mais de duas horas até quatro horas,Sem instrução e fundamental incompleto,4307,43,Rio Grande do Sul,180.5
Campo Grande,10 a 17 anos,30.0,Mais de duas horas até quatro horas,Sem instrução e fundamental incompleto,5001,50,Mato Grosso do Sul,180.5
Dourados,10 a 17 anos,19.0,Mais de duas horas até quatro horas,Sem instrução e fundamental incompleto,5002,50,Mato Grosso do Sul,180.5
Corumbá,10 a 17 anos,13.0,Mais de duas horas até quatro horas,Sem instrução e fundamental incompleto,5003,50,Mato Grosso do Sul,180.5
Cáceres,10 a 17 anos,14.0,Mais de duas horas até quatro horas,Sem instrução e fundamental incompleto,5102,51,Mato Grosso,180.5
Sinop,10 a 17 anos,27.0,Mais de duas horas até quatro horas,Sem instrução e fundamental incompleto,5103,51,Mato Grosso,180.5
Barra do Garças,10 a 17 anos,11.0,Mais de duas horas até quatro horas,Sem instrução e fundamental incompleto,5104,51,Mato Grosso,180.5
Goiânia,10 a 17 anos,32.0,Mais de duas horas até quatro horas,Sem instrução e fundamental incompleto,5201,52,Goiás,180.5
Luziânia - Águas Lindas de Goiás,10 a 17 anos,2.0,Mais de duas horas até quatro horas,Sem instrução e fundamental incompleto,5206,52,Goiás,180.5
Distrito Federal,10 a 17 anos,23.0,Mais de duas horas até quatro horas,Sem instrução e fundamental incompleto,5301,53,Distrito Federal,180.5
Porto Velho,10 a 17 anos,12.0,Mais de duas horas até quatro horas,Fundamental completo e médio incompleto,1101,11,Rondônia,180.5
Ji-Paraná,10 a 17 anos,7.0,Mais de duas horas até quatro horas,Fundamental completo e médio incompleto,1102,11,Rondônia,180.5
Rio Branco,10 a 17 anos,7.0,Mais de duas horas até quatro horas,Fundamental completo e médio incompleto,1201,12,Acre,180.5
Manaus,10 a 17 anos,66.0,Mais de duas horas até quatro horas,Fundamental completo e médio incompleto,1301,13,Amazonas,180.5
Tefé,10 a 17 anos,32.0,Mais de duas horas até quatro horas,Fundamental completo e médio incompleto,1302,13,Amazonas,180.5
Lábrea,10 a 17 anos,36.0,Mais de duas horas até quatro horas,Fundamental completo e médio incompleto,1303,13,Amazonas,180.5
Parintins,10 a 17 anos,2.0,Mais de duas horas até quatro horas,Fundamental completo e médio incompleto,1304,13,Amazonas,180.5
Boa Vista,10 a 17 anos,8.0,Mais de duas horas até quatro horas,Fundamental completo e médio incompleto,1401,14,Roraima,180.5
Belém,10 a 17 anos,49.0,Mais de duas horas até quatro horas,Fundamental completo e médio incompleto,1501,15,Pará,180.5
Castanhal,10 a 17 anos,11.0,Mais de duas horas até quatro horas,Fundamental completo e médio incompleto,1502,15,Pará,180.5
Marabá,10 a 17 anos,58.0,Mais de duas horas até quatro horas,Fundamental completo e médio incompleto,1503,15,Pará,180.5
Redenção,10 a 17 anos,12.0,Mais de duas horas até quatro horas,Fundamental completo e médio incompleto,1504,15,Pará,180.5
Santarém,10 a 17 anos,20.0,Mais de duas horas até quatro horas,Fundamental completo e médio incompleto,1505,15,Pará,180.5
Gurupi,10 a 17 anos,8.0,Mais de duas horas até quatro horas,Fundamental completo e médio incompleto,1703,17,Tocantins,180.5
São Luís,10 a 17 anos,9.0,Mais de duas horas até quatro horas,Fundamental completo e médio incompleto,2101,21,Maranhão,180.5
Santa Inês - Bacabal,10 a 17 anos,23.0,Mais de duas horas até quatro horas,Fundamental completo e médio incompleto,2102,21,Maranhão,180.5
Presidente Dutra,10 a 17 anos,8.0,Mais de duas horas até quatro horas,Fundamental completo e médio incompleto,2104,21,Maranhão,180.5
Imperatriz,10 a 17 anos,19.0,Mais de duas horas até quatro horas,Fundamental completo e médio incompleto,2105,21,Maranhão,180.5
Picos,10 a 17 anos,7.0,Mais de duas horas até quatro horas,Fundamental completo e médio incompleto,2203,22,Piauí,180.5
Fortaleza,10 a 17 anos,73.0,Mais de duas horas até quatro horas,Fundamental completo e médio incompleto,2301,23,Ceará,180.5
Quixadá,10 a 17 anos,6.0,Mais de duas horas até quatro horas,Fundamental completo e médio incompleto,2302,23,Ceará,180.5
Iguatu,10 a 17 anos,7.0,Mais de duas horas até quatro horas,Fundamental completo e médio incompleto,2303,23,Ceará,180.5
Juazeiro do Norte,10 a 17 anos,17.0,Mais de duas horas até quatro horas,Fundamental completo e médio incompleto,2304,23,Ceará,180.5
João Pessoa,10 a 17 anos,8.0,Mais de duas horas até quatro horas,Fundamental completo e médio incompleto,2501,25,Paraíba,180.5
Campina Grande,10 a 17 anos,11.0,Mais de duas horas até quatro horas,Fundamental completo e médio incompleto,2502,25,Paraíba,180.5
Patos,10 a 17 anos,17.0,Mais de duas horas até quatro horas,Fundamental completo e médio incompleto,2503,25,Paraíba,180.5
Recife,10 a 17 anos,37.0,Mais de duas horas até quatro horas,Fundamental completo e médio incompleto,2601,26,Pernambuco,180.5
Caruaru,10 a 17 anos,9.0,Mais de duas horas até quatro horas,Fundamental completo e médio incompleto,2602,26,Pernambuco,180.5
Petrolina,10 a 17 anos,3.0,Mais de duas horas até quatro horas,Fundamental completo e médio incompleto,2604,26,Pernambuco,180.5
Maceió,10 a 17 anos,11.0,Mais de duas horas até quatro horas,Fundamental completo e médio incompleto,2701,27,Alagoas,180.5
Arapiraca,10 a 17 anos,3.0,Mais de duas horas até quatro horas,Fundamental completo e médio incompleto,2702,27,Alagoas,180.5
Itabaiana,10 a 17 anos,25.0,Mais de duas horas até quatro horas,Fundamental completo e médio incompleto,2802,28,Sergipe,180.5
Salvador,10 a 17 anos,43.0,Mais de duas horas até quatro horas,Fundamental completo e médio incompleto,2901,29,Bahia,180.5
Vitória da Conquista,10 a 17 anos,5.0,Mais de duas horas até quatro horas,Fundamental completo e médio incompleto,2904,29,Bahia,180.5
Guanambi,10 a 17 anos,11.0,Mais de duas horas até quatro horas,Fundamental completo e médio incompleto,2905,29,Bahia,180.5
Barreiras,10 a 17 anos,14.0,Mais de duas horas até quatro horas,Fundamental completo e médio incompleto,2906,29,Bahia,180.5
Juazeiro,10 a 17 anos,9.0,Mais de duas horas até quatro horas,Fundamental completo e médio incompleto,2908,29,Bahia,180.5
Feira de Santana,10 a 17 anos,23.0,Mais de duas horas até quatro horas,Fundamental completo e médio incompleto,2910,29,Bahia,180.5
Belo Horizonte,10 a 17 anos,181.0,Mais de duas horas até quatro horas,Fundamental completo e médio incompleto,3101,31,Minas Gerais,180.5
Montes Claros,10 a 17 anos,6.0,Mais de duas horas até quatro horas,Fundamental completo e médio incompleto,3102,31,Minas Gerais,180.5
Teófilo Otoni,10 a 17 anos,43.0,Mais de duas horas até quatro horas,Fundamental completo e médio incompleto,3103,31,Minas Gerais,180.5
Governador Valadares,10 a 17 anos,3.0,Mais de duas horas até quatro horas,Fundamental completo e médio incompleto,3104,31,Minas Gerais,180.5
Juíz de Fora,10 a 17 anos,30.0,Mais de duas horas até quatro horas,Fundamental completo e médio incompleto,3106,31,Minas Gerais,180.5
Varginha,10 a 17 anos,4.0,Mais de duas horas até quatro horas,Fundamental completo e médio incompleto,3108,31,Minas Gerais,180.5
Uberlândia,10 a 17 anos,24.0,Mais de duas horas até quatro horas,Fundamental completo e médio incompleto,3111,31,Minas Gerais,180.5
Divinópolis,10 a 17 anos,28.0,Mais de duas horas até quatro horas,Fundamental completo e médio incompleto,3113,31,Minas Gerais,180.5
Vitória,10 a 17 anos,21.0,Mais de duas horas até quatro horas,Fundamental completo e médio incompleto,3201,32,Espírito Santo,180.5
São Mateus,10 a 17 anos,10.0,Mais de duas horas até quatro horas,Fundamental completo e médio incompleto,3202,32,Espírito Santo,180.5
Rio de Janeiro,10 a 17 anos,404.0,Mais de duas horas até quatro horas,Fundamental completo e médio incompleto,3301,33,Rio de Janeiro,180.5
Macaé - Rio das Ostras - Cabo Frio,10 a 17 anos,11.0,Mais de duas horas até quatro horas,Fundamental completo e médio incompleto,3305,33,Rio de Janeiro,180.5
São Paulo,10 a 17 anos,1199.0,Mais de duas horas até quatro horas,Fundamental completo e médio incompleto,3501,35,São Paulo,180.5
Sorocaba,10 a 17 anos,39.0,Mais de duas horas até quatro horas,Fundamental completo e médio incompleto,3502,35,São Paulo,180.5
Presidente Prudente,10 a 17 anos,8.0,Mais de duas horas até quatro horas,Fundamental completo e médio incompleto,3505,35,São Paulo,180.5
Araçatuba,10 a 17 anos,14.0,Mais de duas horas até quatro horas,Fundamental completo e médio incompleto,3506,35,São Paulo,180.5
São José do Rio Preto,10 a 17 anos,19.0,Mais de duas horas até quatro horas,Fundamental completo e médio incompleto,3507,35,São Paulo,180.5
Ribeirão Preto,10 a 17 anos,25.0,Mais de duas horas até quatro horas,Fundamental completo e médio incompleto,3508,35,São Paulo,180.5
Campinas,10 a 17 anos,33.0,Mais de duas horas até quatro horas,Fundamental completo e médio incompleto,3510,35,São Paulo,180.5
São José dos Campos,10 a 17 anos,20.0,Mais de duas horas até quatro horas,Fundamental completo e médio incompleto,3511,35,São Paulo,180.5
Curitiba,10 a 17 anos,105.0,Mais de duas horas até quatro horas,Fundamental completo e médio incompleto,4101,41,Paraná,180.5
Guarapuava,10 a 17 anos,4.0,Mais de duas horas até quatro horas,Fundamental completo e médio incompleto,4102,41,Paraná,180.5
Cascavel,10 a 17 anos,14.0,Mais de duas horas até quatro horas,Fundamental completo e médio incompleto,4103,41,Paraná,180.5
Maringá,10 a 17 anos,17.0,Mais de duas horas até quatro horas,Fundamental completo e médio incompleto,4104,41,Paraná,180.5
Ponta Grossa,10 a 17 anos,7.0,Mais de duas horas até quatro horas,Fundamental completo e médio incompleto,4106,41,Paraná,180.5
Joinville,10 a 17 anos,32.0,Mais de duas horas até quatro horas,Fundamental completo e médio incompleto,4206,42,Santa Catarina,180.5
Blumenau,10 a 17 anos,48.0,Mais de duas horas até quatro horas,Fundamental completo e médio incompleto,4207,42,Santa Catarina,180.5
Porto Alegre,10 a 17 anos,35.0,Mais de duas horas até quatro horas,Fundamental completo e médio incompleto,4301,43,Rio Grande do Sul,180.5
Pelotas,10 a 17 anos,25.0,Mais de duas horas até quatro horas,Fundamental completo e médio incompleto,4302,43,Rio Grande do Sul,180.5
Ijuí,10 a 17 anos,4.0,Mais de duas horas até quatro horas,Fundamental completo e médio incompleto,4305,43,Rio Grande do Sul,180.5
Passo Fundo,10 a 17 anos,1.0,Mais de duas horas até quatro horas,Fundamental completo e médio incompleto,4306,43,Rio Grande do Sul,180.5
Caxias do Sul,10 a 17 anos,9.0,Mais de duas horas até quatro horas,Fundamental completo e médio incompleto,4307,43,Rio Grande do Sul,180.5
Campo Grande,10 a 17 anos,108.0,Mais de duas horas até quatro horas,Fundamental completo e médio incompleto,5001,50,Mato Grosso do Sul,180.5
Dourados,10 a 17 anos,2.0,Mais de duas horas até quatro horas,Fundamental completo e médio incompleto,5002,50,Mato Grosso do Sul,180.5
Corumbá,10 a 17 anos,24.0,Mais de duas horas até quatro horas,Fundamental completo e médio incompleto,5003,50,Mato Grosso do Sul,180.5
Cuiabá,10 a 17 anos,63.0,Mais de duas horas até quatro horas,Fundamental completo e médio incompleto,5101,51,Mato Grosso,180.5
Cáceres,10 a 17 anos,3.0,Mais de duas horas até quatro horas,Fundamental completo e médio incompleto,5102,51,Mato Grosso,180.5
Sinop,10 a 17 anos,21.0,Mais de duas horas até quatro horas,Fundamental completo e médio incompleto,5103,51,Mato Grosso,180.5
Barra do Garças,10 a 17 anos,3.0,Mais de duas horas até quatro horas,Fundamental completo e médio incompleto,5104,51,Mato Grosso,180.5
Rondonópolis,10 a 17 anos,5.0,Mais de duas horas até quatro horas,Fundamental completo e médio incompleto,5105,51,Mato Grosso,180.5
Goiânia,10 a 17 anos,100.0,Mais de duas horas até quatro horas,Fundamental completo e médio incompleto,5201,52,Goiás,180.5
Rio Verde,10 a 17 anos,10.0,Mais de duas horas até quatro horas,Fundamental completo e médio incompleto,5203,52,Goiás,180.5
Porangatu - Uruaçu,10 a 17 anos,5.0,Mais de duas horas até quatro horas,Fundamental completo e médio incompleto,5205,52,Goiás,180.5
Luziânia - Águas Lindas de Goiás,10 a 17 anos,55.0,Mais de duas horas até quatro horas,Fundamental completo e médio incompleto,5206,52,Goiás,180.5
Marabá,10 a 17 anos,1.0,Mais de duas horas até quatro horas,Médio completo e superior incompleto,1503,15,Pará,180.5
Imperatriz,10 a 17 anos,5.0,Mais de duas horas até quatro horas,Médio completo e superior incompleto,2105,21,Maranhão,180.5
Fortaleza,10 a 17 anos,6.0,Mais de duas horas até quatro horas,Médio completo e superior incompleto,2301,23,Ceará,180.5
Natal,10 a 17 anos,7.0,Mais de duas horas até quatro horas,Médio completo e superior incompleto,2401,24,Rio Grande do Norte,180.5
João Pessoa,10 a 17 anos,4.0,Mais de duas horas até quatro horas,Médio completo e superior incompleto,2501,25,Paraíba,180.5
Recife,10 a 17 anos,1.0,Mais de duas horas até quatro horas,Médio completo e superior incompleto,2601,26,Pernambuco,180.5
Maceió,10 a 17 anos,5.0,Mais de duas horas até quatro horas,Médio completo e superior incompleto,2701,27,Alagoas,180.5
Vitória da Conquista,10 a 17 anos,8.0,Mais de duas horas até quatro horas,Médio completo e superior incompleto,2904,29,Bahia,180.5
Belo Horizonte,10 a 17 anos,9.0,Mais de duas horas até quatro horas,Médio completo e superior incompleto,3101,31,Minas Gerais,180.5
Divinópolis,10 a 17 anos,3.0,Mais de duas horas até quatro horas,Médio completo e superior incompleto,3113,31,Minas Gerais,180.5
Vitória,10 a 17 anos,18.0,Mais de duas horas até quatro horas,Médio completo e superior incompleto,3201,32,Espírito Santo,180.5
Rio de Janeiro,10 a 17 anos,12.0,Mais de duas horas até quatro horas,Médio completo e superior incompleto,3301,33,Rio de Janeiro,180.5
São Paulo,10 a 17 anos,282.0,Mais de duas horas até quatro horas,Médio completo e superior incompleto,3501,35,São Paulo,180.5
Ribeirão Preto,10 a 17 anos,23.0,Mais de duas horas até quatro horas,Médio completo e superior incompleto,3508,35,São Paulo,180.5
Curitiba,10 a 17 anos,36.0,Mais de duas horas até quatro horas,Médio completo e superior incompleto,4101,41,Paraná,180.5
Cuiabá,10 a 17 anos,12.0,Mais de duas horas até quatro horas,Médio completo e superior incompleto,5101,51,Mato Grosso,180.5
Sinop,10 a 17 anos,1.0,Mais de duas horas até quatro horas,Médio completo e superior incompleto,5103,51,Mato Grosso,180.5
Luziânia - Águas Lindas de Goiás,10 a 17 anos,10.0,Mais de duas horas até quatro horas,Médio completo e superior incompleto,5206,52,Goiás,180.5
Porto Velho,10 a 17 anos,12.0,Mais de quatro horas,Total,1101,11,Rondônia,300.5
Ji-Paraná,10 a 17 anos,7.0,Mais de quatro horas,Total,1102,11,Rondônia,300.5
Cruzeiro do Sul,10 a 17 anos,14.0,Mais de quatro horas,Total,1202,12,Acre,300.5
Manaus,10 a 17 anos,72.0,Mais de quatro horas,Total,1301,13,Amazonas,300.5
Tefé,10 a 17 anos,45.0,Mais de quatro horas,Total,1302,13,Amazonas,300.5
Lábrea,10 a 17 anos,3.0,Mais de quatro horas,Total,1303,13,Amazonas,300.5
Boa Vista,10 a 17 anos,11.0,Mais de quatro horas,Total,1401,14,Roraima,300.5
Belém,10 a 17 anos,41.0,Mais de quatro horas,Total,1501,15,Pará,300.5
Castanhal,10 a 17 anos,28.0,Mais de quatro horas,Total,1502,15,Pará,300.5
Marabá,10 a 17 anos,36.0,Mais de quatro horas,Total,1503,15,Pará,300.5
Redenção,10 a 17 anos,36.0,Mais de quatro horas,Total,1504,15,Pará,300.5
Santarém,10 a 17 anos,59.0,Mais de quatro horas,Total,1505,15,Pará,300.5
Altamira,10 a 17 anos,54.0,Mais de quatro horas,Total,1506,15,Pará,300.5
Breves,10 a 17 anos,59.0,Mais de quatro horas,Total,1507,15,Pará,300.5
Oiapoque - Porto Grande,10 a 17 anos,1.0,Mais de quatro horas,Total,1602,16,Amapá,300.5
Palmas,10 a 17 anos,15.0,Mais de quatro horas,Total,1701,17,Tocantins,300.5
Araguaína,10 a 17 anos,16.0,Mais de quatro horas,Total,1702,17,Tocantins,300.5
Gurupi,10 a 17 anos,3.0,Mais de quatro horas,Total,1703,17,Tocantins,300.5
São Luís,10 a 17 anos,55.0,Mais de quatro horas,Total,2101,21,Maranhão,300.5
Santa Inês - Bacabal,10 a 17 anos,43.0,Mais de quatro horas,Total,2102,21,Maranhão,300.5
Presidente Dutra,10 a 17 anos,7.0,Mais de quatro horas,Total,2104,21,Maranhão,300.5
Imperatriz,10 a 17 anos,27.0,Mais de quatro horas,Total,2105,21,Maranhão,300.5
Teresina,10 a 17 anos,37.0,Mais de quatro horas,Total,2201,22,Piauí,300.5
Parnaíba,10 a 17 anos,4.0,Mais de quatro horas,Total,2202,22,Piauí,300.5
São Raimundo Nonato,10 a 17 anos,3.0,Mais de quatro horas,Total,2204,22,Piauí,300.5
Corrente - Bom Jesus,10 a 17 anos,3.0,Mais de quatro horas,Total,2205,22,Piauí,300.5
Fortaleza,10 a 17 anos,36.0,Mais de quatro horas,Total,2301,23,Ceará,300.5
Juazeiro do Norte,10 a 17 anos,7.0,Mais de quatro horas,Total,2304,23,Ceará,300.5
Crateús,10 a 17 anos,4.0,Mais de quatro horas,Total,2305,23,Ceará,300.5
Sobral,10 a 17 anos,11.0,Mais de quatro horas,Total,2306,23,Ceará,300.5
Natal,10 a 17 anos,10.0,Mais de quatro horas,Total,2401,24,Rio Grande do Norte,300.5
Mossoró,10 a 17 anos,8.0,Mais de quatro horas,Total,2403,24,Rio Grande do Norte,300.5
João Pessoa,10 a 17 anos,5.0,Mais de quatro horas,Total,2501,25,Paraíba,300.5
Campina Grande,10 a 17 anos,6.0,Mais de quatro horas,Total,2502,25,Paraíba,300.5
Patos,10 a 17 anos,32.0,Mais de quatro horas,Total,2503,25,Paraíba,300.5
Sousa - Cajazeiras,10 a 17 anos,17.0,Mais de quatro horas,Total,2504,25,Paraíba,300.5
Recife,10 a 17 anos,22.0,Mais de quatro horas,Total,2601,26,Pernambuco,300.5
Caruaru,10 a 17 anos,13.0,Mais de quatro horas,Total,2602,26,Pernambuco,300.5
Serra Talhada,10 a 17 anos,12.0,Mais de quatro horas,Total,2603,26,Pernambuco,300.5
Petrolina,10 a 17 anos,5.0,Mais de quatro horas,Total,2604,26,Pernambuco,300.5
Arapiraca,10 a 17 anos,20.0,Mais de quatro horas,Total,2702,27,Alagoas,300.5
Aracaju,10 a 17 anos,14.0,Mais de quatro horas,Total,2801,28,Sergipe,300.5
Salvador,10 a 17 anos,21.0,Mais de quatro horas,Total,2901,29,Bahia,300.5
Santo Antônio de Jesus,10 a 17 anos,44.0,Mais de quatro horas,Total,2902,29,Bahia,300.5
Ilhéus - Itabuna,10 a 17 anos,10.0,Mais de quatro horas,Total,,,,300.5
Vitória da Conquista,10 a 17 anos,38.0,Mais de quatro horas,Total,2904,29,Bahia,300.5
Guanambi,10 a 17 anos,23.0,Mais de quatro horas,Total,2905,29,Bahia,300.5
Barreiras,10 a 17 anos,5.0,Mais de quatro horas,Total,2906,29,Bahia,300.5
Irecê,10 a 17 anos,24.0,Mais de quatro horas,Total,2907,29,Bahia,300.5
Juazeiro,10 a 17 anos,8.0,Mais de quatro horas,Total,2908,29,Bahia,300.5
Paulo Afonso,10 a 17 anos,24.0,Mais de quatro horas,Total,2909,29,Bahia,300.5
Feira de Santana,10 a 17 anos,19.0,Mais de quatro horas,Total,2910,29,Bahia,300.5
Belo Horizonte,10 a 17 anos,13.0,Mais de quatro horas,Total,3101,31,Minas Gerais,300.5
Montes Claros,10 a 17 anos,78.0,Mais de quatro horas,Total,3102,31,Minas Gerais,300.5
Teófilo Otoni,10 a 17 anos,61.0,Mais de quatro horas,Total,3103,31,Minas Gerais,300.5
Governador Valadares,10 a 17 anos,16.0,Mais de quatro horas,Total,3104,31,Minas Gerais,300.5
Ipatinga,10 a 17 anos,4.0,Mais de quatro horas,Total,3105,31,Minas Gerais,300.5
Juíz de Fora,10 a 17 anos,18.0,Mais de quatro horas,Total,3106,31,Minas Gerais,300.5
Uberaba,10 a 17 anos,12.0,Mais de quatro horas,Total,3110,31,Minas Gerais,300.5
Patos de Minas,10 a 17 anos,5.0,Mais de quatro horas,Total,3112,31,Minas Gerais,300.5
Divinópolis,10 a 17 anos,14.0,Mais de quatro horas,Total,3113,31,Minas Gerais,300.5
Rio de Janeiro,10 a 17 anos,40.0,Mais de quatro horas,Total,3301,33,Rio de Janeiro,300.5
Petrópolis,10 a 17 anos,13.0,Mais de quatro horas,Total,3303,33,Rio de Janeiro,300.5
São Paulo,10 a 17 anos,144.0,Mais de quatro horas,Total,3501,35,São Paulo,300.5
Sorocaba,10 a 17 anos,3.0,Mais de quatro horas,Total,3502,35,São Paulo,300.5
São José do Rio Preto,10 a 17 anos,2.0,Mais de quatro horas,Total,3507,35,São Paulo,300.5
Araraquara,10 a 17 anos,12.0,Mais de quatro horas,Total,3509,35,São Paulo,300.5
Campinas,10 a 17 anos,48.0,Mais de quatro horas,Total,3510,35,São Paulo,300.5
Guarapuava,10 a 17 anos,10.0,Mais de quatro horas,Total,4102,41,Paraná,300.5
Cascavel,10 a 17 anos,14.0,Mais de quatro horas,Total,4103,41,Paraná,300.5
Maringá,10 a 17 anos,16.0,Mais de quatro horas,Total,4104,41,Paraná,300.5
Londrina,10 a 17 anos,3.0,Mais de quatro horas,Total,4105,41,Paraná,300.5
Florianópolis,10 a 17 anos,12.0,Mais de quatro horas,Total,4201,42,Santa Catarina,300.5
Chapecó,10 a 17 anos,3.0,Mais de quatro horas,Total,4204,42,Santa Catarina,300.5
Caçador,10 a 17 anos,2.0,Mais de quatro horas,Total,4205,42,Santa Catarina,300.5
Blumenau,10 a 17 anos,11.0,Mais de quatro horas,Total,4207,42,Santa Catarina,300.5
Porto Alegre,10 a 17 anos,35.0,Mais de quatro horas,Total,4301,43,Rio Grande do Sul,300.5
Pelotas,10 a 17 anos,19.0,Mais de quatro horas,Total,4302,43,Rio Grande do Sul,300.5
Ijuí,10 a 17 anos,15.0,Mais de quatro horas,Total,4305,43,Rio Grande do Sul,300.5
Passo Fundo,10 a 17 anos,15.0,Mais de quatro horas,Total,4306,43,Rio Grande do Sul,300.5
Caxias do Sul,10 a 17 anos,11.0,Mais de quatro horas,Total,4307,43,Rio Grande do Sul,300.5
Campo Grande,10 a 17 anos,25.0,Mais de quatro horas,Total,5001,50,Mato Grosso do Sul,300.5
Dourados,10 a 17 anos,26.0,Mais de quatro horas,Total,5002,50,Mato Grosso do Sul,300.5
Corumbá,10 a 17 anos,9.0,Mais de quatro horas,Total,5003,50,Mato Grosso do Sul,300.5
Cuiabá,10 a 17 anos,13.0,Mais de quatro horas,Total,5101,51,Mato Grosso,300.5
Sinop,10 a 17 anos,33.0,Mais de quatro horas,Total,5103,51,Mato Grosso,300.5
Barra do Garças,10 a 17 anos,6.0,Mais de quatro horas,Total,5104,51,Mato Grosso,300.5
Rondonópolis,10 a 17 anos,3.0,Mais de quatro horas,Total,5105,51,Mato Grosso,300.5
Goiânia,10 a 17 anos,29.0,Mais de quatro horas,Total,5201,52,Goiás,300.5
Rio Verde,10 a 17 anos,3.0,Mais de quatro horas,Total,5203,52,Goiás,300.5
Luziânia - Águas Lindas de Goiás,10 a 17 anos,33.0,Mais de quatro horas,Total,5206,52,Goiás,300.5
Distrito Federal,10 a 17 anos,46.0,Mais de quatro horas,Total,5301,53,Distrito Federal,300.5
Porto Velho,10 a 17 anos,6.0,Mais de quatro horas,Sem instrução e fundamental incompleto,1101,11,Rondônia,300.5
Manaus,10 a 17 anos,42.0,Mais de quatro horas,Sem instrução e fundamental incompleto,1301,13,Amazonas,300.5
Tefé,10 a 17 anos,30.0,Mais de quatro horas,Sem instrução e fundamental incompleto,1302,13,Amazonas,300.5
Boa Vista,10 a 17 anos,1.0,Mais de quatro horas,Sem instrução e fundamental incompleto,1401,14,Roraima,300.5
Belém,10 a 17 anos,8.0,Mais de quatro horas,Sem instrução e fundamental incompleto,1501,15,Pará,300.5
Castanhal,10 a 17 anos,18.0,Mais de quatro horas,Sem instrução e fundamental incompleto,1502,15,Pará,300.5
Marabá,10 a 17 anos,15.0,Mais de quatro horas,Sem instrução e fundamental incompleto,1503,15,Pará,300.5
Redenção,10 a 17 anos,23.0,Mais de quatro horas,Sem instrução e fundamental incompleto,1504,15,Pará,300.5
Santarém,10 a 17 anos,20.0,Mais de quatro horas,Sem instrução e fundamental incompleto,1505,15,Pará,300.5
Altamira,10 a 17 anos,32.0,Mais de quatro horas,Sem instrução e fundamental incompleto,1506,15,Pará,300.5
Breves,10 a 17 anos,38.0,Mais de quatro horas,Sem instrução e fundamental incompleto,1507,15,Pará,300.5
Araguaína,10 a 17 anos,15.0,Mais de quatro horas,Sem instrução e fundamental incompleto,1702,17,Tocantins,300.5
Gurupi,10 a 17 anos,3.0,Mais de quatro horas,Sem instrução e fundamental incompleto,1703,17,Tocantins,300.5
São Luís,10 a 17 anos,10.0,Mais de quatro horas,Sem instrução e fundamental incompleto,2101,21,Maranhão,300.5
Santa Inês - Bacabal,10 a 17 anos,36.0,Mais de quatro horas,Sem instrução e fundamental incompleto,2102,21,Maranhão,300.5
Imperatriz,10 a 17 anos,22.0,Mais de quatro horas,Sem instrução e fundamental incompleto,2105,21,Maranhão,300.5
São Raimundo Nonato,10 a 17 anos,3.0,Mais de quatro horas,Sem instrução e fundamental incompleto,2204,22,Piauí,300.5
Corrente - Bom Jesus,10 a 17 anos,3.0,Mais de quatro horas,Sem instrução e fundamental incompleto,2205,22,Piauí,300.5
Fortaleza,10 a 17 anos,21.0,Mais de quatro horas,Sem instrução e fundamental incompleto,2301,23,Ceará,300.5
Crateús,10 a 17 anos,4.0,Mais de quatro horas,Sem instrução e fundamental incompleto,2305,23,Ceará,300.5
Sobral,10 a 17 anos,11.0,Mais de quatro horas,Sem instrução e fundamental incompleto,2306,23,Ceará,300.5
Natal,10 a 17 anos,4.0,Mais de quatro horas,Sem instrução e fundamental incompleto,2401,24,Rio Grande do Norte,300.5
Mossoró,10 a 17 anos,6.0,Mais de quatro horas,Sem instrução e fundamental incompleto,2403,24,Rio Grande do Norte,300.5
Campina Grande,10 a 17 anos,2.0,Mais de quatro horas,Sem instrução e fundamental incompleto,2502,25,Paraíba,300.5
Patos,10 a 17 anos,32.0,Mais de quatro horas,Sem instrução e fundamental incompleto,2503,25,Paraíba,300.5
Caruaru,10 a 17 anos,9.0,Mais de quatro horas,Sem instrução e fundamental incompleto,2602,26,Pernambuco,300.5
Petrolina,10 a 17 anos,5.0,Mais de quatro horas,Sem instrução e fundamental incompleto,2604,26,Pernambuco,300.5
Arapiraca,10 a 17 anos,12.0,Mais de quatro horas,Sem instrução e fundamental incompleto,2702,27,Alagoas,300.5
Salvador,10 a 17 anos,20.0,Mais de quatro horas,Sem instrução e fundamental incompleto,2901,29,Bahia,300.5
Santo Antônio de Jesus,10 a 17 anos,17.0,Mais de quatro horas,Sem instrução e fundamental incompleto,2902,29,Bahia,300.5
Ilhéus - Itabuna,10 a 17 anos,10.0,Mais de quatro horas,Sem instrução e fundamental incompleto,,,,300.5
Vitória da Conquista,10 a 17 anos,19.0,Mais de quatro horas,Sem instrução e fundamental incompleto,2904,29,Bahia,300.5
Guanambi,10 a 17 anos,21.0,Mais de quatro horas,Sem instrução e fundamental incompleto,2905,29,Bahia,300.5
Irecê,10 a 17 anos,7.0,Mais de quatro horas,Sem instrução e fundamental incompleto,2907,29,Bahia,300.5
Juazeiro,10 a 17 anos,8.0,Mais de quatro horas,Sem instrução e fundamental incompleto,2908,29,Bahia,300.5
Paulo Afonso,10 a 17 anos,15.0,Mais de quatro horas,Sem instrução e fundamental incompleto,2909,29,Bahia,300.5
Montes Claros,10 a 17 anos,31.0,Mais de quatro horas,Sem instrução e fundamental incompleto,3102,31,Minas Gerais,300.5
Teófilo Otoni,10 a 17 anos,40.0,Mais de quatro horas,Sem instrução e fundamental incompleto,3103,31,Minas Gerais,300.5
Governador Valadares,10 a 17 anos,1.0,Mais de quatro horas,Sem instrução e fundamental incompleto,3104,31,Minas Gerais,300.5
Ipatinga,10 a 17 anos,4.0,Mais de quatro horas,Sem instrução e fundamental incompleto,3105,31,Minas Gerais,300.5
Juíz de Fora,10 a 17 anos,15.0,Mais de quatro horas,Sem instrução e fundamental incompleto,3106,31,Minas Gerais,300.5
Uberaba,10 a 17 anos,12.0,Mais de quatro horas,Sem instrução e fundamental incompleto,3110,31,Minas Gerais,300.5
São Paulo,10 a 17 anos,87.0,Mais de quatro horas,Sem instrução e fundamental incompleto,3501,35,São Paulo,300.5
Sorocaba,10 a 17 anos,3.0,Mais de quatro horas,Sem instrução e fundamental incompleto,3502,35,São Paulo,300.5
São José do Rio Preto,10 a 17 anos,2.0,Mais de quatro horas,Sem instrução e fundamental incompleto,3507,35,São Paulo,300.5
Araraquara,10 a 17 anos,12.0,Mais de quatro horas,Sem instrução e fundamental incompleto,3509,35,São Paulo,300.5
Campinas,10 a 17 anos,31.0,Mais de quatro horas,Sem instrução e fundamental incompleto,3510,35,São Paulo,300.5
Guarapuava,10 a 17 anos,6.0,Mais de quatro horas,Sem instrução e fundamental incompleto,4102,41,Paraná,300.5
Cascavel,10 a 17 anos,10.0,Mais de quatro horas,Sem instrução e fundamental incompleto,4103,41,Paraná,300.5
Maringá,10 a 17 anos,5.0,Mais de quatro horas,Sem instrução e fundamental incompleto,4104,41,Paraná,300.5
Londrina,10 a 17 anos,3.0,Mais de quatro horas,Sem instrução e fundamental incompleto,4105,41,Paraná,300.5
Florianópolis,10 a 17 anos,12.0,Mais de quatro horas,Sem instrução e fundamental incompleto,4201,42,Santa Catarina,300.5
Porto Alegre,10 a 17 anos,34.0,Mais de quatro horas,Sem instrução e fundamental incompleto,4301,43,Rio Grande do Sul,300.5
Pelotas,10 a 17 anos,8.0,Mais de quatro horas,Sem instrução e fundamental incompleto,4302,43,Rio Grande do Sul,300.5
Ijuí,10 a 17 anos,2.0,Mais de quatro horas,Sem instrução e fundamental incompleto,4305,43,Rio Grande do Sul,300.5
Passo Fundo,10 a 17 anos,12.0,Mais de quatro horas,Sem instrução e fundamental incompleto,4306,43,Rio Grande do Sul,300.5
Campo Grande,10 a 17 anos,18.0,Mais de quatro horas,Sem instrução e fundamental incompleto,5001,50,Mato Grosso do Sul,300.5
Dourados,10 a 17 anos,5.0,Mais de quatro horas,Sem instrução e fundamental incompleto,5002,50,Mato Grosso do Sul,300.5
Corumbá,10 a 17 anos,2.0,Mais de quatro horas,Sem instrução e fundamental incompleto,5003,50,Mato Grosso do Sul,300.5
Cuiabá,10 a 17 anos,6.0,Mais de quatro horas,Sem instrução e fundamental incompleto,5101,51,Mato Grosso,300.5
Sinop,10 a 17 anos,12.0,Mais de quatro horas,Sem instrução e fundamental incompleto,5103,51,Mato Grosso,300.5
Goiânia,10 a 17 anos,29.0,Mais de quatro horas,Sem instrução e fundamental incompleto,5201,52,Goiás,300.5
Rio Verde,10 a 17 anos,3.0,Mais de quatro horas,Sem instrução e fundamental incompleto,5203,52,Goiás,300.5
Porto Velho,10 a 17 anos,6.0,Mais de quatro horas,Fundamental completo e médio incompleto,1101,11,Rondônia,300.5
Ji-Paraná,10 a 17 anos,7.0,Mais de quatro horas,Fundamental completo e médio incompleto,1102,11,Rondônia,300.5
Cruzeiro do Sul,10 a 17 anos,14.0,Mais de quatro horas,Fundamental completo e médio incompleto,1202,12,Acre,300.5
Manaus,10 a 17 anos,30.0,Mais de quatro horas,Fundamental completo e médio incompleto,1301,13,Amazonas,300.5
Tefé,10 a 17 anos,9.0,Mais de quatro horas,Fundamental completo e médio incompleto,1302,13,Amazonas,300.5
Lábrea,10 a 17 anos,3.0,Mais de quatro horas,Fundamental completo e médio incompleto,1303,13,Amazonas,300.5
Boa Vista,10 a 17 anos,10.0,Mais de quatro horas,Fundamental completo e médio incompleto,1401,14,Roraima,300.5
Belém,10 a 17 anos,33.0,Mais de quatro horas,Fundamental completo e médio incompleto,1501,15,Pará,300.5
Castanhal,10 a 17 anos,10.0,Mais de quatro horas,Fundamental completo e médio incompleto,1502,15,Pará,300.5
Marabá,10 a 17 anos,10.0,Mais de quatro horas,Fundamental completo e médio incompleto,1503,15,Pará,300.5
Redenção,10 a 17 anos,12.0,Mais de quatro horas,Fundamental completo e médio incompleto,1504,15,Pará,300.5
Santarém,10 a 17 anos,39.0,Mais de quatro horas,Fundamental completo e médio incompleto,1505,15,Pará,300.5
Altamira,10 a 17 anos,21.0,Mais de quatro horas,Fundamental completo e médio incompleto,1506,15,Pará,300.5
Breves,10 a 17 anos,21.0,Mais de quatro horas,Fundamental completo e médio incompleto,1507,15,Pará,300.5
Oiapoque - Porto Grande,10 a 17 anos,1.0,Mais de quatro horas,Fundamental completo e médio incompleto,1602,16,Amapá,300.5
Palmas,10 a 17 anos,15.0,Mais de quatro horas,Fundamental completo e médio incompleto,1701,17,Tocantins,300.5
Araguaína,10 a 17 anos,1.0,Mais de quatro horas,Fundamental completo e médio incompleto,1702,17,Tocantins,300.5
São Luís,10 a 17 anos,33.0,Mais de quatro horas,Fundamental completo e médio incompleto,2101,21,Maranhão,300.5
Santa Inês - Bacabal,10 a 17 anos,7.0,Mais de quatro horas,Fundamental completo e médio incompleto,2102,21,Maranhão,300.5
Presidente Dutra,10 a 17 anos,7.0,Mais de quatro horas,Fundamental completo e médio incompleto,2104,21,Maranhão,300.5
Imperatriz,10 a 17 anos,1.0,Mais de quatro horas,Fundamental completo e médio incompleto,2105,21,Maranhão,300.5
Teresina,10 a 17 anos,31.0,Mais de quatro horas,Fundamental completo e médio incompleto,2201,22,Piauí,300.5
Parnaíba,10 a 17 anos,4.0,Mais de quatro horas,Fundamental completo e médio incompleto,2202,22,Piauí,300.5
Fortaleza,10 a 17 anos,15.0,Mais de quatro horas,Fundamental completo e médio incompleto,2301,23,Ceará,300.5
Juazeiro do Norte,10 a 17 anos,7.0,Mais de quatro horas,Fundamental completo e médio incompleto,2304,23,Ceará,300.5
Natal,10 a 17 anos,6.0,Mais de quatro horas,Fundamental completo e médio incompleto,2401,24,Rio Grande do Norte,300.5
Mossoró,10 a 17 anos,2.0,Mais de quatro horas,Fundamental completo e médio incompleto,2403,24,Rio Grande do Norte,300.5
João Pessoa,10 a 17 anos,5.0,Mais de quatro horas,Fundamental completo e médio incompleto,2501,25,Paraíba,300.5
Campina Grande,10 a 17 anos,4.0,Mais de quatro horas,Fundamental completo e médio incompleto,2502,25,Paraíba,300.5
Sousa - Cajazeiras,10 a 17 anos,17.0,Mais de quatro horas,Fundamental completo e médio incompleto,2504,25,Paraíba,300.5
Recife,10 a 17 anos,10.0,Mais de quatro horas,Fundamental completo e médio incompleto,2601,26,Pernambuco,300.5
Caruaru,10 a 17 anos,4.0,Mais de quatro horas,Fundamental completo e médio incompleto,2602,26,Pernambuco,300.5
Serra Talhada,10 a 17 anos,12.0,Mais de quatro horas,Fundamental completo e médio incompleto,2603,26,Pernambuco,300.5
Arapiraca,10 a 17 anos,8.0,Mais de quatro horas,Fundamental completo e médio incompleto,2702,27,Alagoas,300.5
Aracaju,10 a 17 anos,14.0,Mais de quatro horas,Fundamental completo e médio incompleto,2801,28,Sergipe,300.5
Salvador,10 a 17 anos,1.0,Mais de quatro horas,Fundamental completo e médio incompleto,2901,29,Bahia,300.5
Santo Antônio de Jesus,10 a 17 anos,28.0,Mais de quatro horas,Fundamental completo e médio incompleto,2902,29,Bahia,300.5
Vitória da Conquista,10 a 17 anos,19.0,Mais de quatro horas,Fundamental completo e médio incompleto,2904,29,Bahia,300.5
Guanambi,10 a 17 anos,1.0,Mais de quatro horas,Fundamental completo e médio incompleto,2905,29,Bahia,300.5
Barreiras,10 a 17 anos,5.0,Mais de quatro horas,Fundamental completo e médio incompleto,2906,29,Bahia,300.5
Irecê,10 a 17 anos,16.0,Mais de quatro horas,Fundamental completo e médio incompleto,2907,29,Bahia,300.5
Paulo Afonso,10 a 17 anos,9.0,Mais de quatro horas,Fundamental completo e médio incompleto,2909,29,Bahia,300.5
Feira de Santana,10 a 17 anos,19.0,Mais de quatro horas,Fundamental completo e médio incompleto,2910,29,Bahia,300.5
Belo Horizonte,10 a 17 anos,13.0,Mais de quatro horas,Fundamental completo e médio incompleto,3101,31,Minas Gerais,300.5
Montes Claros,10 a 17 anos,44.0,Mais de quatro horas,Fundamental completo e médio incompleto,3102,31,Minas Gerais,300.5
Teófilo Otoni,10 a 17 anos,21.0,Mais de quatro horas,Fundamental completo e médio incompleto,3103,31,Minas Gerais,300.5
Governador Valadares,10 a 17 anos,14.0,Mais de quatro horas,Fundamental completo e médio incompleto,3104,31,Minas Gerais,300.5
Juíz de Fora,10 a 17 anos,3.0,Mais de quatro horas,Fundamental completo e médio incompleto,3106,31,Minas Gerais,300.5
Patos de Minas,10 a 17 anos,5.0,Mais de quatro horas,Fundamental completo e médio incompleto,3112,31,Minas Gerais,300.5
Divinópolis,10 a 17 anos,14.0,Mais de quatro horas,Fundamental completo e médio incompleto,3113,31,Minas Gerais,300.5
Rio de Janeiro,10 a 17 anos,40.0,Mais de quatro horas,Fundamental completo e médio incompleto,3301,33,Rio de Janeiro,300.5
Petrópolis,10 a 17 anos,13.0,Mais de quatro horas,Fundamental completo e médio incompleto,3303,33,Rio de Janeiro,300.5
São Paulo,10 a 17 anos,33.0,Mais de quatro horas,Fundamental completo e médio incompleto,3501,35,São Paulo,300.5
Campinas,10 a 17 anos,18.0,Mais de quatro horas,Fundamental completo e médio incompleto,3510,35,São Paulo,300.5
Guarapuava,10 a 17 anos,4.0,Mais de quatro horas,Fundamental completo e médio incompleto,4102,41,Paraná,300.5
Cascavel,10 a 17 anos,4.0,Mais de quatro horas,Fundamental completo e médio incompleto,4103,41,Paraná,300.5
Maringá,10 a 17 anos,6.0,Mais de quatro horas,Fundamental completo e médio incompleto,4104,41,Paraná,300.5
Chapecó,10 a 17 anos,3.0,Mais de quatro horas,Fundamental completo e médio incompleto,4204,42,Santa Catarina,300.5
Caçador,10 a 17 anos,2.0,Mais de quatro horas,Fundamental completo e médio incompleto,4205,42,Santa Catarina,300.5
Blumenau,10 a 17 anos,11.0,Mais de quatro horas,Fundamental completo e médio incompleto,4207,42,Santa Catarina,300.5
Porto Alegre,10 a 17 anos,1.0,Mais de quatro horas,Fundamental completo e médio incompleto,4301,43,Rio Grande do Sul,300.5
Pelotas,10 a 17 anos,11.0,Mais de quatro horas,Fundamental completo e médio incompleto,4302,43,Rio Grande do Sul,300.5
Ijuí,10 a 17 anos,13.0,Mais de quatro horas,Fundamental completo e médio incompleto,4305,43,Rio Grande do Sul,300.5
Passo Fundo,10 a 17 anos,3.0,Mais de quatro horas,Fundamental completo e médio incompleto,4306,43,Rio Grande do Sul,300.5
Caxias do Sul,10 a 17 anos,11.0,Mais de quatro horas,Fundamental completo e médio incompleto,4307,43,Rio Grande do Sul,300.5
Campo Grande,10 a 17 anos,7.0,Mais de quatro horas,Fundamental completo e médio incompleto,5001,50,Mato Grosso do Sul,300.5
Dourados,10 a 17 anos,13.0,Mais de quatro horas,Fundamental completo e médio incompleto,5002,50,Mato Grosso do Sul,300.5
Corumbá,10 a 17 anos,6.0,Mais de quatro horas,Fundamental completo e médio incompleto,5003,50,Mato Grosso do Sul,300.5
Cuiabá,10 a 17 anos,7.0,Mais de quatro horas,Fundamental completo e médio incompleto,5101,51,Mato Grosso,300.5
Sinop,10 a 17 anos,21.0,Mais de quatro horas,Fundamental completo e médio incompleto,5103,51,Mato Grosso,300.5
Rondonópolis,10 a 17 anos,3.0,Mais de quatro horas,Fundamental completo e médio incompleto,5105,51,Mato Grosso,300.5
Luziânia - Águas Lindas de Goiás,10 a 17 anos,20.0,Mais de quatro horas,Fundamental completo e médio incompleto,5206,52,Goiás,300.5
Distrito Federal,10 a 17 anos,46.0,Mais de quatro horas,Fundamental completo e médio incompleto,5301,53,Distrito Federal,300.5
Tefé,10 a 17 anos,6.0,Mais de quatro horas,Médio completo e superior incompleto,1302,13,Amazonas,300.5
Marabá,10 a 17 anos,11.0,Mais de quatro horas,Médio completo e superior incompleto,1503,15,Pará,300.5
São Luís,10 a 17 anos,12.0,Mais de quatro horas,Médio completo e superior incompleto,2101,21,Maranhão,300.5
Imperatriz,10 a 17 anos,4.0,Mais de quatro horas,Médio completo e superior incompleto,2105,21,Maranhão,300.5
Teresina,10 a 17 anos,6.0,Mais de quatro horas,Médio completo e superior incompleto,2201,22,Piauí,300.5
Recife,10 a 17 anos,13.0,Mais de quatro horas,Médio completo e superior incompleto,2601,26,Pernambuco,300.5
Guanambi,10 a 17 anos,1.0,Mais de quatro horas,Médio completo e superior incompleto,2905,29,Bahia,300.5
Montes Claros,10 a 17 anos,3.0,Mais de quatro horas,Médio completo e superior incompleto,3102,31,Minas Gerais,300.5
São Paulo,10 a 17 anos,24.0,Mais de quatro horas,Médio completo e superior incompleto,3501,35,São Paulo,300.5
Maringá,10 a 17 anos,5.0,Mais de quatro horas,Médio completo e superior incompleto,4104,41,Paraná,300.5
Dourados,10 a 17 anos,9.0,Mais de quatro horas,Médio completo e superior incompleto,5002,50,Mato Grosso do Sul,300.5
Corumbá,10 a 17 anos,1.0,Mais de quatro horas,Médio completo e superior incompleto,5003,50,Mato Grosso do Sul,300.5
Barra do Garças,10 a 17 anos,6.0,Mais de quatro horas,Médio completo e superior incompleto,5104,51,Mato Grosso,300.5
Luziânia - Águas Lindas de Goiás,10 a 17 anos,13.0,Mais de quatro horas,Médio completo e superior incompleto,5206,52,Goiás,300.5
