"Tabela 10333 - Pessoas de 10 anos ou mais de idade, ocupadas na semana de referência, que, no trabalho principal, trabalhavam fora do domicílio, por tempo habitual de deslocamento do domicílio para o trabalho principal, nível de instrução, grupo de idade e cor ou raça",Unnamed: 1,Unnamed: 2,Unnamed: 3,Unnamed: 4,Unnamed: 5,Unnamed: 6,Unnamed: 7,Unnamed: 8,Unnamed: 9,Unnamed: 10,Unnamed: 11,Unnamed: 12,Unnamed: 13,Unnamed: 14,Unnamed: 15,Unnamed: 16,Unnamed: 17,Unnamed: 18,Unnamed: 19,Unnamed: 20,Unnamed: 21,Unnamed: 22,Unnamed: 23,Unnamed: 24,Unnamed: 25,Unnamed: 26,Unnamed: 27,Unnamed: 28,Unnamed: 29,Unnamed: 30,Unnamed: 31,Unnamed: 32,Unnamed: 33,Unnamed: 34,Unnamed: 35,Unnamed: 36,Unnamed: 37,Unnamed: 38,Unnamed: 39,Unnamed: 40,Unnamed: 41,Unnamed: 42
"Variável - Pessoas de 10 anos ou mais de idade, ocupadas na semana de referência, que, no trabalho principal, trabalhavam fora do domicílio (Pessoas)",,,,,,,,,,,,,,,,,,,,,,,,,,,,,,,,,,,,,,,,,,
Região Geográfica Intermediária,Grupo de idade,Cor ou raça,Ano x Tempo habitual de deslocamento do domicílio para o trabalho principal x Nível de instrução,,,,,,,,,,,,,,,,,,,,,,,,,,,,,,,,,,,,,,,
,,,2022,,,,,,,,,,,,,,,,,,,,,,,,,,,,,,,,,,,,,,,
,,,Total,,,,,Até cinco minutos,,,,,De seis minutos até quinze minutos,,,,,Mais de quinze minutos até meia hora,,,,,Mais de meia hora até uma hora,,,,,Mais de uma hora até duas horas,,,,,Mais de duas horas até quatro horas,,,,,Mais de quatro horas,,,,
,,,Total,Sem instrução e fundamental incompleto,Fundamental completo e médio incompleto,Médio completo e superior incompleto,Superior completo,Total,Sem instrução e fundamental incompleto,Fundamental completo e médio incompleto,Médio completo e superior incompleto,Superior completo,Total,Sem instrução e fundamental incompleto,Fundamental completo e médio incompleto,Médio completo e superior incompleto,Superior completo,Total,Sem instrução e fundamental incompleto,Fundamental completo e médio incompleto,Médio completo e superior incompleto,Superior completo,Total,Sem instrução e fundamental incompleto,Fundamental completo e médio incompleto,Médio completo e superior incompleto,Superior completo,Total,Sem instrução e fundamental incompleto,Fundamental completo e médio incompleto,Médio completo e superior incompleto,Superior completo,Total,Sem instrução e fundamental incompleto,Fundamental completo e médio incompleto,Médio completo e superior incompleto,Superior completo,Total,Sem instrução e fundamental incompleto,Fundamental completo e médio incompleto,Médio completo e superior incompleto,Superior completo
Porto Velho,Total,Total,265523,65623,42683,98511,58705,34772,7037,4923,13379,9434,87092,17089,13021,33626,23356,86267,21972,14185,33209,16901,34107,10650,6085,11708,5665,16051,6064,3074,4476,2437,2528,1167,570,561,230,1776,771,261,501,242
,,Branca,71018,14113,9568,25367,21970,10419,1811,1149,3810,3649,25674,4022,3146,9098,9408,21065,4106,2909,8117,5932,7932,2328,1179,2682,1743,3971,1022,868,1174,907,752,331,169,178,75,459,217,46,97,98
,,Preta,30464,9106,5281,10701,5376,3817,790,785,1404,839,8941,2142,1344,3463,1992,10555,3315,1804,3806,1631,4225,1570,852,1213,591,2103,909,368,606,219,327,173,67,64,23,236,87,40,88,21
,,Amarela,622,50,146,190,236,64,11,9,22,22,238,9,36,54,138,191,-,85,94,12,129,30,15,21,63,-,-,-,-,-,-,-,-,-,-,-,-,-,-,-
,,Parda,162108,41750,27456,61955,30947,20176,4368,2930,8022,4857,51963,10795,8436,20955,11778,54080,14371,9316,21111,9281,21545,6549,3993,7760,3242,9925,4084,1836,2695,1309,1447,663,333,317,133,1058,445,174,315,123
,,Indígena,1312,605,233,298,177,295,57,50,122,66,276,122,59,57,38,375,179,71,81,44,277,173,46,32,26,53,48,2,1,2,2,-,-,2,-,23,22,1,-,-
,10 a 17 anos,Total,5254,2046,3094,114,-,907,408,451,48,-,1767,619,1133,15,-,1620,565,1015,41,-,605,280,315,10,-,289,137,153,-,-,12,-,12,-,-,12,6,6,-,-
,,Branca,1134,450,650,33,-,159,66,93,-,-,453,162,275,15,-,281,82,191,8,-,142,96,36,10,-,67,17,49,-,-,-,-,-,-,-,6,6,-,-,-
,,Preta,647,229,418,-,-,140,68,73,-,-,142,37,105,-,-,293,79,214,-,-,31,5,26,-,-,40,40,-,-,-,-,-,-,-,-,-,-,-,-,-
,,Amarela,13,-,13,-,-,-,-,-,-,-,-,-,-,-,-,13,-,13,-,-,-,-,-,-,-,-,-,-,-,-,-,-,-,-,-,-,-,-,-,-
,,Parda,3430,1336,2013,81,-,607,274,285,48,-,1160,407,752,-,-,1031,401,596,33,-,417,164,253,-,-,182,79,103,-,-,12,-,12,-,-,6,-,6,-,-
,,Indígena,31,31,-,-,-,1,1,-,-,-,12,12,-,-,-,2,2,-,-,-,15,15,-,-,-,-,-,-,-,-,-,-,-,-,-,-,-,-,-,-
,18 a 64 anos,Total,254029,60107,38942,97119,57861,33155,6247,4415,13196,9297,83453,15470,11639,33258,23086,82794,20452,12973,32687,16682,32645,9787,5647,11578,5634,15211,5612,2921,4378,2300,2369,1042,557,543,226,1753,754,256,501,242
,,Branca,67964,12743,8717,24949,21556,9960,1618,1043,3751,3548,24681,3601,2770,9045,9265,20339,3852,2652,7955,5879,7560,2067,1121,2629,1743,3633,923,818,1100,791,695,292,169,160,75,453,211,46,97,98
,,Preta,29114,8362,4772,10625,5355,3619,684,693,1404,839,8652,2006,1208,3463,1976,9968,3044,1564,3730,1631,3997,1383,811,1213,591,2059,866,368,606,219,323,173,67,64,19,236,87,40,88,21
,,Amarela,598,39,133,190,236,53,-,9,22,22,238,9,36,54,138,179,-,73,94,12,129,30,15,21,63,-,-,-,-,-,-,-,-,-,-,-,-,-,-,-
,,Parda,155097,38415,25088,61057,30537,19228,3889,2620,7897,4821,49618,9744,7566,20639,11669,51954,13397,8613,20827,9117,20705,6156,3655,7683,3211,9467,3775,1733,2671,1288,1349,577,321,317,133,1041,434,169,315,123
,,Indígena,1255,547,233,298,177,294,56,50,122,66,263,109,59,57,38,355,159,71,81,44,253,150,46,32,26,53,48,2,1,2,2,-,-,2,-,23,22,1,-,-
,65 anos ou mais,Total,6240,3471,647,1278,844,711,381,57,135,137,1872,1000,250,353,269,1852,955,197,482,218,857,584,122,120,31,550,315,-,98,137,147,125,-,18,4,11,11,-,-,-
,,Branca,1919,919,201,386,414,300,127,13,59,102,539,258,101,37,143,445,172,65,154,53,230,165,22,43,-,271,81,-,74,116,57,39,-,18,-,-,-,-,-,-
,,Preta,703,515,91,76,21,58,39,19,-,-,147,98,31,-,17,294,192,25,76,-,197,182,15,-,-,3,3,-,-,-,4,-,-,-,4,-,-,-,-,-
,,Amarela,11,11,-,-,-,11,11,-,-,-,-,-,-,-,-,-,-,-,-,-,-,-,-,-,-,-,-,-,-,-,-,-,-,-,-,-,-,-,-,-
,,Parda,3580,1999,355,817,409,342,205,25,76,36,1185,643,118,315,109,1095,572,107,251,165,422,229,85,77,31,276,231,-,24,21,86,86,-,-,-,11,11,-,-,-
,,Indígena,27,27,-,-,-,-,-,-,-,-,-,-,-,-,-,18,18,-,-,-,8,8,-,-,-,-,-,-,-,-,-,-,-,-,-,-,-,-,-,-
Ji-Paraná,Total,Total,244867,62640,43698,87460,51070,46234,8191,6748,17135,14161,106887,23709,18379,40579,24220,61904,19474,13135,21240,8055,17321,6331,3176,4977,2837,6639,2553,1236,1775,1075,1639,779,348,333,179,1629,684,282,419,244
,,Branca,84089,18147,12925,29828,23188,17807,2566,2256,6167,6818,37069,7175,5261,13868,10765,19254,5361,3693,6551,3649,5682,1750,1023,1805,1105,2306,712,343,749,503,519,185,78,127,128,513,170,133,108,102
,,Preta,23807,7405,4615,7957,3830,3757,859,651,1295,952,10356,2763,1967,3758,1868,6547,2259,1401,2166,721,1912,927,361,464,160,654,287,141,158,67,198,137,39,6,15,155,66,19,39,30
,,Amarela,835,101,128,287,318,217,29,40,42,106,360,24,30,143,162,164,20,45,77,21,56,28,2,10,16,13,-,-,-,13,-,-,-,-,-,-,-,-,-,-
,,Parda,134822,36495,25822,48875,23630,24208,4672,3761,9511,6264,58599,13547,11068,22603,11381,35703,11761,7948,12342,3652,9516,3560,1757,2655,1544,3579,1504,748,847,481,906,451,224,195,35,922,419,127,265,112
,,Indígena,1314,491,208,513,103,245,65,39,120,21,503,200,52,207,44,236,73,48,103,12,156,67,33,43,13,87,50,4,21,12,17,5,6,5,1,39,29,4,6,-
,10 a 17 anos,Total,5670,1689,3807,174,-,1081,327,701,53,-,2561,737,1741,83,-,1563,446,1081,36,-,227,53,174,-,-,151,78,71,2,-,31,24,7,-,-,7,-,7,-,-
,,Branca,1451,359,1030,62,-,296,64,213,20,-,681,157,481,42,-,371,85,287,-,-,49,25,25,-,-,33,28,5,-,-,-,-,-,-,-,7,-,7,-,-
,,Preta,414,143,262,9,-,95,29,57,9,-,199,56,143,-,-,84,37,47,-,-,10,-,10,-,-,12,8,4,-,-,13,13,-,-,-,-,-,-,-,-
,,Amarela,10,-,10,-,-,5,-,5,-,-,4,-,4,-,-,-,-,-,-,-,-,-,-,-,-,-,-,-,-,-,-,-,-,-,-,-,-,-,-,-
,,Parda,3742,1157,2482,103,-,671,224,422,25,-,1646,512,1094,40,-,1105,321,747,36,-,162,25,138,-,-,105,42,62,2,-,18,11,7,-,-,-,-,-,-,-
,,Indígena,52,30,23,-,-,14,11,3,-,-,31,12,19,-,-,3,3,-,-,-,5,4,1,-,-,-,-,-,-,-,-,-,-,-,-,-,-,-,-,-
,18 a 64 anos,Total,234407,58079,39315,86553,50460,44194,7396,5972,16869,13957,102460,21774,16441,40269,23976,59148,18327,11891,20988,7942,16660,5982,2930,4934,2814,6323,2380,1129,1739,1075,1541,710,332,333,166,1595,656,275,419,244
,,Branca,80692,16758,11648,29438,22848,17048,2290,2032,6050,6676,35645,6579,4683,13743,10640,18436,5030,3345,6454,3606,5493,1636,968,1788,1101,2183,654,312,714,503,492,173,78,127,114,506,170,126,108,102
,,Preta,22877,6869,4334,7890,3784,3598,798,587,1264,949,9949,2545,1818,3745,1841,6369,2153,1348,2155,712,1792,838,351,452,152,632,269,137,158,67,184,124,39,6,15,132,43,19,39,30
,,Amarela,760,91,119,287,264,192,29,35,42,86,333,24,26,143,140,142,10,45,77,10,56,28,2,10,16,13,-,-,-,13,-,-,-,-,-,-,-,-,-,-
,,Parda,128842,33909,23029,48444,23461,23126,4225,3283,9394,6225,56084,12443,9882,22449,11311,33970,11066,7103,12198,3602,9168,3418,1577,2641,1532,3408,1407,676,845,481,848,409,209,195,35,918,414,127,265,112
,,Indígena,1236,453,185,495,103,230,53,36,120,21,449,183,33,189,44,232,69,48,103,12,150,62,32,43,13,87,50,4,21,12,17,5,6,5,1,39,29,4,6,-
,65 anos ou mais,Total,4790,2871,575,733,610,959,468,74,212,204,1866,1198,196,227,244,1193,700,164,216,113,434,296,72,43,23,165,94,36,34,-,67,44,8,-,14,27,27,-,-,-
,,Branca,1946,1031,247,328,340,463,212,11,97,143,743,438,97,83,125,447,246,61,97,43,139,89,30,17,3,89,29,26,34,-,27,13,-,-,14,-,-,-,-,-
,,Preta,516,393,19,59,46,64,32,7,22,3,208,162,6,13,27,94,69,6,11,9,109,89,-,12,8,10,10,-,-,-,-,-,-,-,-,23,23,-,-,-
,,Amarela,65,10,-,-,54,20,-,-,-,20,22,-,-,-,22,22,10,-,-,12,-,-,-,-,-,-,-,-,-,-,-,-,-,-,-,-,-,-,-,-
,,Parda,2237,1429,310,329,170,411,224,56,93,38,869,593,93,114,70,629,373,98,108,50,185,117,42,14,12,66,55,11,-,-,40,32,8,-,-,4,4,-,-,-
,,Indígena,26,8,-,18,-,1,1,-,-,-,23,5,-,18,-,1,1,-,-,-,1,1,-,-,-,-,-,-,-,-,-,-,-,-,-,-,-,-,-,-
Rio Branco,Total,Total,177651,38271,26289,65759,47331,20404,3590,2996,7638,6181,55633,9378,7708,20708,17839,63445,13851,9041,23693,16860,24156,6746,3954,9128,4327,10294,3340,1940,3401,1612,1122,539,238,208,137,690,252,92,237,109
,,Branca,40657,6488,4779,14732,14657,5119,705,539,1878,1997,13183,1726,1507,4471,5479,14508,2213,1518,5489,5288,4942,1229,671,1842,1199,2111,391,420,790,510,297,96,63,71,67,142,46,7,60,30
,,Preta,19628,5709,3176,6733,4010,2017,461,370,767,420,5414,1214,886,1948,1365,7374,2157,1075,2577,1565,2814,977,499,924,414,1505,687,273,346,199,155,61,35,40,19,66,16,5,26,18
,,Amarela,490,125,37,172,156,62,5,12,30,15,141,6,16,78,41,179,66,9,41,62,81,30,-,12,38,22,12,-,10,-,5,5,-,-,-,-,-,-,-,-
,,Parda,116030,25632,18149,43855,28394,13041,2352,2036,4913,3740,36661,6346,5265,14132,10918,41110,9328,6390,15492,9900,16252,4478,2766,6341,2666,6600,2214,1242,2241,903,663,377,137,98,51,444,180,80,138,46
,,Indígena,846,317,148,267,114,165,68,39,49,9,234,86,35,78,36,274,86,49,94,45,67,31,18,9,9,55,37,5,13,-,3,-,3,-,-,38,9,-,14,15
,10 a 17 anos,Total,2235,980,1170,85,-,308,94,197,17,-,786,325,421,41,-,652,326,309,18,-,258,119,130,9,-,168,76,92,-,-,33,26,7,-,-,-,-,-,-,-
,,Branca,467,192,259,16,-,90,33,57,-,-,178,68,94,16,-,130,46,84,-,-,31,16,15,-,-,24,15,9,-,-,15,15,-,-,-,-,-,-,-,-
,,Preta,292,148,140,4,-,37,5,32,-,-,111,42,69,-,-,66,62,-,4,-,19,13,5,-,-,60,26,34,-,-,-,-,-,-,-,-,-,-,-,-
,,Amarela,5,-,5,-,-,-,-,-,-,-,5,-,5,-,-,-,-,-,-,-,-,-,-,-,-,-,-,-,-,-,-,-,-,-,-,-,-,-,-,-
,,Parda,1464,634,766,65,-,181,56,108,17,-,492,215,252,25,-,454,215,225,14,-,209,90,110,9,-,82,33,49,-,-,17,11,7,-,-,-,-,-,-,-
,,Indígena,6,6,-,-,-,-,-,-,-,-,-,-,-,-,-,3,3,-,-,-,-,-,-,-,-,3,3,-,-,-,-,-,-,-,-,-,-,-,-,-
,18 a 64 anos,Total,171576,35252,24697,64966,46661,19600,3166,2766,7567,6102,53741,8594,7136,20430,17581,61585,13008,8556,23399,16621,23366,6273,3782,9042,4268,9780,3018,1841,3336,1586,1064,491,228,208,137,672,234,92,237,109
,,Branca,39236,5848,4429,14495,14464,4899,578,477,1874,1970,12699,1565,1380,4353,5402,14105,2093,1385,5413,5213,4761,1110,651,1811,1189,2040,341,411,783,506,276,75,63,71,67,142,46,7,60,30
,,Preta,18804,5188,2966,6678,3972,1932,418,330,764,420,5175,1090,794,1936,1355,7175,2008,1054,2559,1554,2681,882,494,908,399,1362,591,232,341,199,146,56,31,40,19,66,16,5,26,18
,,Amarela,451,111,32,172,136,62,5,12,30,15,126,6,11,78,31,155,53,9,41,52,81,30,-,12,38,22,12,-,10,-,5,5,-,-,-,-,-,-,-,-
,,Parda,112251,23799,17123,43355,27974,12541,2096,1908,4850,3688,35507,5848,4916,13985,10757,39879,8771,6058,15293,9757,15777,4222,2619,6303,2633,6308,2045,1193,2189,882,633,354,130,98,51,426,162,80,138,46
,,Indígena,834,305,148,267,114,165,68,39,49,9,234,86,35,78,36,270,83,49,94,45,65,29,18,9,9,48,29,5,13,-,3,-,3,-,-,38,9,-,14,15
,65 anos ou mais,Total,3839,2040,422,707,670,496,331,33,54,79,1106,459,152,237,258,1208,518,176,275,239,532,354,42,76,59,346,246,8,66,26,26,22,4,-,-,18,18,-,-,-
,,Branca,954,447,91,222,194,129,93,5,4,27,306,94,33,102,77,274,74,49,76,75,150,104,5,31,10,48,35,-,8,5,5,5,-,-,-,-,-,-,-,-
,,Preta,531,373,70,51,37,49,38,8,3,-,128,82,23,12,11,133,87,21,15,11,114,82,-,16,16,83,70,8,5,-,9,5,4,-,-,-,-,-,-,-
,,Amarela,34,14,-,-,20,-,-,-,-,-,10,-,-,-,10,23,14,-,-,10,-,-,-,-,-,-,-,-,-,-,-,-,-,-,-,-,-,-,-,-
,,Parda,2314,1199,260,435,420,318,199,20,46,52,662,283,96,122,161,777,342,107,185,143,266,166,37,28,33,211,137,-,53,21,12,12,-,-,-,18,18,-,-,-
,,Indígena,6,6,-,-,-,-,-,-,-,-,-,-,-,-,-,-,-,-,-,-,2,2,-,-,-,4,4,-,-,-,-,-,-,-,-,-,-,-,-,-
Cruzeiro do Sul,Total,Total,55619,15050,8422,20798,11350,11089,2211,1271,4409,3198,19621,4133,2581,8163,4745,14701,4613,2735,5256,2098,6537,2562,1178,1916,881,1946,787,381,538,240,717,390,126,124,77,398,179,48,103,68
,,Branca,11985,2691,1775,4641,2879,2365,463,180,971,751,4540,745,646,1906,1243,3048,833,600,1179,436,1255,380,234,341,299,477,157,85,150,85,98,44,14,15,26,107,46,5,26,30
,,Preta,5459,1894,829,1820,917,1142,250,93,455,344,1686,492,131,758,305,1560,666,360,389,145,700,287,165,161,87,142,95,15,11,21,90,59,27,5,-,59,16,21,22,-
,,Amarela,162,25,20,42,75,50,-,-,6,44,85,17,20,26,22,16,-,-,10,6,12,8,-,-,3,-,-,-,-,-,-,-,-,-,-,-,-,-,-,-
,,Parda,36425,9839,5469,13816,7301,7139,1372,903,2866,1997,12859,2704,1705,5322,3128,9718,2986,1691,3571,1468,4373,1790,747,1358,478,1265,516,261,361,127,489,265,79,92,51,205,107,18,46,34
,,Indígena,1587,601,329,479,178,394,126,95,111,61,452,176,78,150,47,360,127,84,107,42,198,96,32,56,14,63,19,20,16,8,40,22,6,12,-,28,11,4,9,4
,10 a 17 anos,Total,1125,481,607,36,-,232,97,100,35,-,348,115,233,-,-,326,158,168,1,-,151,85,66,-,-,24,10,13,-,-,15,15,-,-,-,14,-,14,-,-
,,Branca,281,93,172,16,-,47,20,11,16,-,113,25,88,-,-,105,48,57,-,-,6,-,6,-,-,6,-,6,-,-,-,-,-,-,-,4,-,4,-,-
,,Preta,123,40,83,-,-,14,-,14,-,-,10,4,5,-,-,41,16,24,-,-,43,14,29,-,-,5,5,-,-,-,-,-,-,-,-,11,-,11,-,-
,,Amarela,-,-,-,-,-,-,-,-,-,-,-,-,-,-,-,-,-,-,-,-,-,-,-,-,-,-,-,-,-,-,-,-,-,-,-,-,-,-,-,-
,,Parda,674,328,326,19,-,158,69,69,19,-,207,81,126,-,-,169,89,80,-,-,100,69,31,-,-,12,5,7,-,-,15,15,-,-,-,-,-,-,-,-
,,Indígena,47,19,27,1,-,14,7,7,-,-,19,5,14,-,-,11,4,6,1,-,2,2,-,-,-,-,-,-,-,-,-,-,-,-,-,-,-,-,-,-
,18 a 64 anos,Total,53459,13865,7746,20668,11180,10582,1944,1154,4319,3165,18976,3814,2341,8150,4671,14172,4300,2547,5250,2075,6226,2367,1087,1916,856,1883,744,368,530,240,684,356,126,124,77,369,178,33,103,54
,,Branca,11432,2496,1569,4571,2796,2211,405,153,920,733,4317,665,558,1899,1195,2915,785,532,1179,419,1233,371,221,341,299,471,157,79,150,85,98,44,14,15,26,103,46,1,26,30
,,Preta,5230,1757,746,1820,907,1104,225,79,455,344,1645,466,126,758,295,1484,615,335,389,145,643,259,136,161,87,136,89,15,11,21,90,59,27,5,-,48,16,11,22,-
,,Amarela,162,25,20,42,75,50,-,-,6,44,85,17,20,26,22,16,-,-,10,6,12,8,-,-,3,-,-,-,-,-,-,-,-,-,-,-,-,-,-,-
,,Parda,35102,9009,5108,13759,7226,6839,1195,834,2828,1982,12499,2496,1573,5316,3114,9409,2778,1602,3566,1462,4143,1635,698,1358,453,1214,480,254,353,127,455,232,79,92,51,191,107,18,46,20
,,Indígena,1532,578,302,477,175,378,118,88,110,61,430,170,64,150,45,347,122,78,106,42,195,93,32,56,14,63,19,20,16,8,40,22,6,12,-,27,10,4,9,4
,65 anos ou mais,Total,1035,704,68,94,170,275,171,16,55,34,297,204,7,13,74,203,155,20,5,23,161,110,25,-,25,40,32,-,8,-,19,19,-,-,-,15,1,-,-,14
,,Branca,272,101,34,54,83,106,37,16,35,18,109,55,-,7,48,27,-,11,-,17,16,9,7,-,-,-,-,-,-,-,-,-,-,-,-,-,-,-,-,-
,,Preta,106,97,-,-,10,25,25,-,-,-,31,21,-,-,10,35,35,-,-,-,14,14,-,-,-,1,1,-,-,-,-,-,-,-,-,-,-,-,-,-
,,Amarela,-,-,-,-,-,-,-,-,-,-,-,-,-,-,-,-,-,-,-,-,-,-,-,-,-,-,-,-,-,-,-,-,-,-,-,-,-,-,-,-
,,Parda,649,502,34,38,75,143,108,-,19,16,153,127,7,6,14,140,119,10,5,6,129,86,18,-,25,39,31,-,8,-,19,19,-,-,-,14,-,-,-,14
,,Indígena,7,4,-,1,2,1,-,-,1,-,3,1,-,-,2,1,1,-,-,-,1,1,-,-,-,-,-,-,-,-,-,-,-,-,-,1,1,-,-,-
Manaus,Total,Total,803265,133513,118089,373789,177875,62099,11937,9928,27481,12753,123469,19652,16259,53816,33741,216697,35082,28356,97627,55633,226037,32580,32584,112028,48845,143787,26321,25112,69979,22375,13817,3900,2285,6030,1602,4804,1240,757,1745,1062
,,Branca,171947,19781,19597,76137,56433,11686,1979,1309,4990,3408,28290,2681,3054,11688,10867,47769,4923,4873,19716,18257,50896,5363,5451,23745,16337,27385,3741,3760,13646,6237,2800,622,525,1185,467,850,144,70,378,257
,,Preta,54266,11991,8575,24290,9411,3793,1029,749,1425,590,7622,1461,1158,3153,1850,14030,3270,1746,6424,2591,16170,2736,2699,7938,2797,10198,2548,1671,4621,1357,1083,536,199,274,74,372,112,102,80,78
,,Amarela,2158,149,225,444,1340,59,45,10,4,1,402,37,-,102,263,776,-,65,110,601,539,35,30,129,345,335,20,87,99,129,33,12,21,-,-,13,-,13,-,-
,,Parda,553910,95809,86431,263755,107915,42869,8132,7315,19196,8226,82168,14165,11232,36870,19901,148210,25243,20918,68559,33490,155249,23382,23868,78952,29046,103824,19422,19173,50780,14449,9527,2595,1516,4390,1026,3344,910,534,1237,662
,,Indígena,20984,5784,3261,9163,2776,3693,752,546,1867,528,4986,1309,815,2003,859,5911,1645,754,2819,693,3183,1063,536,1264,319,2045,589,420,833,203,375,136,24,180,35,224,75,37,48,64
,10 a 17 anos,Total,10845,3788,6568,489,-,1758,774,942,41,-,1825,707,981,137,-,2886,1035,1679,173,-,2166,622,1490,54,-,1678,425,1170,84,-,89,23,66,-,-,72,42,30,-,-
,,Branca,2141,627,1408,107,-,305,169,124,11,-,395,113,260,22,-,534,187,307,40,-,395,51,329,15,-,290,50,221,19,-,47,-,47,-,-,29,9,19,-,-
,,Preta,579,223,336,21,-,106,45,60,-,-,81,25,35,21,-,145,92,53,-,-,186,61,125,-,-,43,-,43,-,-,-,-,-,-,-,-,-,-,-,-
,,Amarela,44,-,44,-,-,-,-,-,-,-,-,-,-,-,-,-,-,-,-,-,-,-,-,-,-,44,-,44,-,-,-,-,-,-,-,-,-,-,-,-
,,Parda,7464,2548,4575,341,-,1260,497,734,29,-,1216,477,646,94,-,2017,636,1267,114,-,1455,433,983,39,-,1236,344,827,65,-,41,22,19,-,-,36,25,11,-,-
,,Indígena,616,391,205,20,-,87,63,24,1,-,133,92,40,1,-,190,120,52,18,-,130,77,53,-,-,66,30,35,-,-,1,1,-,-,-,7,7,-,-,-
,18 a 64 anos,Total,775754,122785,109757,369477,173735,58801,10359,8779,27262,12401,119006,18015,15081,52962,32948,209587,32530,26258,96362,54437,219534,30145,30565,111077,47748,139193,24525,23640,69150,21877,13505,3714,2184,6030,1577,4571,1112,727,1691,1042
,,Branca,165517,18008,17918,75155,54436,10920,1660,1169,4932,3159,27014,2370,2792,11428,10425,46165,4505,4515,19419,17725,49488,5043,5032,23563,15850,26462,3476,3465,13486,6036,2732,605,478,1185,464,801,135,51,378,237
,,Preta,52271,10969,8026,24037,9239,3542,897,649,1406,589,7361,1343,1063,3132,1823,13626,3032,1674,6329,2591,15550,2440,2522,7861,2728,9870,2372,1586,4599,1313,1039,491,199,274,74,372,112,102,80,78
,,Amarela,1950,140,160,423,1227,59,45,10,4,1,349,28,-,102,220,730,-,65,110,554,539,35,30,129,345,248,20,43,78,106,12,12,-,-,-,13,-,13,-,-
,,Parda,535944,88523,80626,260720,106075,40746,7120,6447,19055,8124,79473,13087,10452,36297,19637,143453,23574,19301,67704,32874,150939,21665,22508,78260,28506,100647,18113,18162,50154,14219,9354,2477,1483,4390,1004,3184,814,523,1184,662
,,Indígena,20072,5145,3027,9141,2759,3534,638,504,1865,527,4809,1188,775,2002,843,5613,1418,702,2799,693,3018,961,473,1264,319,1965,544,385,833,203,369,129,24,180,35,201,51,37,48,64
,65 anos ou mais,Total,16666,6939,1765,3823,4140,1540,803,207,178,352,2638,930,197,717,793,4224,1517,420,1092,1196,4337,1813,530,897,1097,2916,1371,302,745,498,223,163,35,-,25,160,86,-,54,20
,,Branca,4289,1145,271,875,1998,460,150,15,47,248,881,198,2,238,443,1071,231,51,256,532,1013,269,90,167,487,632,216,74,141,202,20,18,-,-,2,20,-,-,-,20
,,Preta,1416,799,213,232,173,146,87,39,19,1,181,93,60,-,27,259,146,19,94,-,434,236,52,77,70,285,176,43,22,44,44,44,-,-,-,-,-,-,-,-
,,Amarela,164,9,21,20,113,-,-,-,-,-,53,9,-,-,44,47,-,-,-,47,-,-,-,-,-,43,-,-,20,23,21,-,21,-,-,-,-,-,-,-
,,Parda,10501,4737,1230,2694,1840,863,515,135,111,102,1479,601,134,479,264,2739,1033,349,740,617,2854,1284,377,653,540,1941,965,185,561,230,132,95,15,-,22,124,70,-,54,-
,,Indígena,296,248,29,2,17,72,52,18,1,1,44,28,-,-,16,108,107,-,1,-,35,24,11,-,-,15,15,-,-,-,6,6,-,-,-,16,16,-,-,-
Tefé,Total,Total,125801,41825,19952,47517,16507,30304,7122,4155,13032,5994,36706,8822,5378,16068,6438,27364,10249,5023,9906,2185,15405,7477,2847,4307,774,6969,3682,1191,1597,500,3247,1820,408,756,263,2755,1495,405,686,169
,,Branca,15016,4449,2098,5746,2724,4048,839,489,1678,1042,4727,972,604,2085,1066,2992,1051,488,1071,383,1271,576,260,362,72,751,375,100,206,69,380,208,63,68,41,423,269,24,100,30
,,Preta,6860,2920,1079,2051,810,1679,523,217,637,302,2040,611,342,789,298,1371,744,228,310,89,558,307,90,144,17,505,324,73,53,55,246,150,39,30,27,246,165,38,40,3
,,Amarela,38,24,1,13,-,18,6,-,12,-,6,5,-,1,-,-,-,-,-,-,-,-,-,-,-,5,5,-,-,-,8,7,1,-,-,1,1,-,-,-
,,Parda,81891,25702,12843,31942,11404,20759,4853,2815,9071,4020,25879,5876,3752,11571,4680,18012,6328,3345,6860,1480,7483,3564,1458,1920,541,3897,2154,642,797,304,2107,1226,223,498,161,1752,947,278,433,95
,,Indígena,21996,8730,3932,7764,1569,3800,902,633,1635,630,4054,1358,681,1622,394,4988,2127,963,1665,233,6093,3030,1039,1881,143,1811,824,376,540,72,505,228,82,160,35,333,113,66,113,41
,10 a 17 anos,Total,3970,2357,1512,101,-,835,466,346,23,-,809,432,341,35,-,896,440,440,15,-,918,684,217,16,-,295,194,96,5,-,84,52,32,-,-,45,30,9,6,-
,,Branca,450,265,170,14,-,135,85,46,4,-,153,73,77,3,-,50,33,17,-,-,37,25,10,1,-,22,17,5,-,-,16,12,4,-,-,13,6,-,6,-
,,Preta,160,104,46,10,-,38,25,13,-,-,20,9,-,10,-,48,32,16,-,-,28,13,15,-,-,22,20,2,-,-,4,4,-,-,-,-,-,-,-,-
,,Amarela,1,1,-,-,-,-,-,-,-,-,-,-,-,-,-,-,-,-,-,-,-,-,-,-,-,-,-,-,-,-,1,1,-,-,-,-,-,-,-,-
,,Parda,1992,1051,881,60,-,532,268,246,19,-,546,295,229,22,-,514,202,297,15,-,215,151,61,2,-,97,69,25,2,-,33,24,8,-,-,14,8,5,-,-
,,Indígena,1367,936,414,16,-,129,88,41,-,-,91,56,35,-,-,284,174,110,-,-,639,495,130,13,-,155,88,64,3,-,30,11,20,-,-,19,15,4,-,-
,18 a 64 anos,Total,118791,36938,18276,47163,16414,29037,6321,3754,12991,5971,35088,7775,4996,15934,6383,25833,9308,4536,9819,2170,13927,6302,2621,4230,774,6385,3201,1093,1591,500,3032,1638,374,756,263,2602,1358,396,678,169
,,Branca,14216,3885,1925,5713,2693,3857,707,443,1674,1033,4468,809,527,2083,1050,2897,988,468,1064,377,1158,487,250,349,72,701,330,96,206,69,344,175,59,68,41,395,247,24,94,30
,,Preta,6419,2581,1007,2022,810,1617,479,199,637,302,1974,567,330,779,298,1267,673,212,293,89,524,288,74,144,17,415,235,71,53,55,214,118,39,30,27,211,132,38,38,3
,,Amarela,37,23,1,13,-,18,6,-,12,-,6,5,-,1,-,-,-,-,-,-,-,-,-,-,-,5,5,-,-,-,7,6,1,-,-,1,1,-,-,-
,,Parda,78044,23167,11858,31678,11341,19923,4355,2528,9034,4005,24781,5194,3496,11449,4641,17084,5792,3017,6804,1470,6956,3152,1391,1872,541,3669,1954,616,795,304,2019,1145,215,498,161,1694,894,272,433,95
,,Indígena,20076,7282,3486,7738,1569,3623,774,584,1635,630,3859,1201,643,1622,394,4586,1856,840,1658,233,5289,2375,906,1865,143,1595,677,310,537,72,448,193,60,160,35,300,84,62,113,41
,65 anos ou mais,Total,3040,2530,164,253,93,432,335,55,18,24,809,614,41,100,54,635,501,47,72,15,560,490,9,61,-,289,287,2,-,-,131,129,2,-,-,108,107,-,1,-
,,Branca,351,298,2,20,31,56,46,-,-,9,106,91,-,-,15,45,29,2,7,6,76,64,-,13,-,28,28,-,-,-,20,20,-,-,-,16,16,-,-,-
,,Preta,281,236,26,19,-,24,19,5,-,-,46,35,12,-,-,57,39,-,17,-,5,5,-,-,-,69,69,-,-,-,28,28,-,-,-,35,33,-,1,-
,,Amarela,-,-,-,-,-,-,-,-,-,-,-,-,-,-,-,-,-,-,-,-,-,-,-,-,-,-,-,-,-,-,-,-,-,-,-,-,-,-,-,-
,,Parda,1855,1484,105,204,62,304,230,41,18,14,553,387,27,100,39,415,334,31,40,9,313,261,6,46,-,131,131,-,-,-,56,56,-,-,-,44,44,-,-,-
,,Indígena,553,512,31,10,-,48,40,8,-,-,104,102,3,-,-,119,97,14,8,-,166,160,3,2,-,61,59,2,-,-,27,25,2,-,-,14,14,-,-,-
Lábrea,Total,Total,65314,22579,10638,23378,8720,14821,3307,2053,6406,3055,20560,5441,3200,8584,3334,15569,6703,2801,4830,1236,5717,2858,983,1530,345,3414,1679,741,693,301,1726,793,274,476,184,1866,883,377,420,187
,,Branca,13303,4109,2096,5109,1990,3041,580,366,1333,763,4375,996,720,1920,739,3012,1185,506,1109,212,1496,691,296,402,106,587,266,101,124,96,220,158,11,43,9,300,124,52,95,30
,,Preta,5073,2132,909,1358,674,998,251,171,334,243,1534,577,200,508,249,1425,743,301,285,94,411,224,75,64,48,239,121,31,79,8,270,87,93,68,21,96,43,24,17,12
,,Amarela,115,42,-,27,46,35,20,-,6,10,26,-,-,11,15,11,11,-,-,-,-,-,-,-,-,31,11,-,-,20,-,-,-,-,-,11,-,-,11,-
,,Parda,43631,14878,7122,15946,5684,10007,2221,1418,4412,1956,13861,3614,2182,5842,2224,10423,4424,1843,3283,873,3538,1799,557,1005,177,2402,1202,574,460,167,1068,484,140,342,102,1355,662,282,269,143
,,Indígena,3193,1418,511,938,326,739,236,98,322,83,763,255,98,304,106,698,339,151,152,56,271,144,55,59,14,154,79,35,29,10,168,64,29,22,53,103,54,19,28,3
,10 a 17 anos,Total,2219,1098,1049,72,-,469,189,240,40,-,631,322,289,19,-,563,274,286,4,-,237,75,162,-,-,81,71,-,10,-,68,32,36,-,-,3,-,3,-,-
,,Branca,502,235,257,11,-,103,43,49,11,-,170,88,82,-,-,132,54,78,-,-,63,20,44,-,-,2,2,-,-,-,5,5,-,-,-,-,-,-,-,-
,,Preta,185,131,54,-,-,7,5,2,-,-,72,62,10,-,-,50,43,7,-,-,2,2,-,-,-,-,-,-,-,-,54,18,36,-,-,-,-,-,-,-
,,Amarela,-,-,-,-,-,-,-,-,-,-,-,-,-,-,-,-,-,-,-,-,-,-,-,-,-,-,-,-,-,-,-,-,-,-,-,-,-,-,-,-
,,Parda,1292,570,669,54,-,290,98,163,29,-,355,163,177,16,-,358,164,194,-,-,153,47,106,-,-,78,68,-,10,-,9,9,-,-,-,-,-,-,-,-
,,Indígena,239,163,69,7,-,68,43,25,-,-,34,9,21,4,-,24,13,7,4,-,19,7,12,-,-,1,1,-,-,-,-,-,-,-,-,3,-,3,-,-
,18 a 64 anos,Total,61749,20435,9473,23257,8583,14100,2935,1765,6358,3042,19521,4830,2872,8546,3273,14628,6119,2487,4817,1205,5328,2646,822,1518,342,3253,1558,741,683,271,1622,724,238,476,184,1842,862,373,420,187
,,Branca,12484,3645,1793,5076,1969,2872,491,309,1315,757,4067,818,599,1917,733,2841,1100,427,1107,207,1385,636,253,392,103,570,249,101,124,96,216,153,11,43,9,300,124,52,95,30
,,Preta,4754,1901,823,1358,672,951,228,148,334,241,1455,507,191,508,249,1317,653,284,285,94,406,219,75,64,48,233,115,31,79,8,210,64,57,68,21,92,39,24,17,12
,,Amarela,115,42,-,27,46,35,20,-,6,10,26,-,-,11,15,11,11,-,-,-,-,-,-,-,-,31,11,-,-,20,-,-,-,-,-,11,-,-,11,-
,,Parda,41523,13656,6415,15871,5581,9581,2012,1235,4383,1951,13278,3277,2005,5814,2181,9800,4044,1631,3276,848,3296,1665,451,1003,177,2266,1105,574,451,137,1037,452,140,342,102,1340,646,282,269,143
,,Indígena,2873,1192,441,925,314,661,185,72,321,83,696,228,77,296,95,660,311,144,148,56,241,126,42,59,14,153,78,35,29,10,159,54,29,22,53,99,54,15,28,3
,65 anos ou mais,Total,1347,1045,116,49,137,252,182,49,9,13,408,289,39,19,61,378,310,28,9,31,152,137,-,12,3,80,50,-,-,30,37,37,-,-,-,20,20,-,-,-
,,Branca,317,229,46,22,20,67,47,7,8,6,139,91,39,3,6,39,32,-,2,5,48,36,-,10,3,15,15,-,-,-,-,-,-,-,-,-,-,-,-,-
,,Preta,134,101,31,-,2,40,17,20,-,2,7,7,-,-,-,58,48,10,-,-,2,2,-,-,-,6,6,-,-,-,5,5,-,-,-,4,4,-,-,-
,,Amarela,-,-,-,-,-,-,-,-,-,-,-,-,-,-,-,-,-,-,-,-,-,-,-,-,-,-,-,-,-,-,-,-,-,-,-,-,-,-,-,-
,,Parda,815,653,38,21,103,136,111,20,-,5,228,173,-,12,43,266,215,18,7,25,90,87,-,2,-,58,28,-,-,30,22,22,-,-,-,16,16,-,-,-
,,Indígena,81,63,1,5,12,10,8,1,1,-,34,18,-,4,12,15,15,-,-,-,11,11,-,-,-,-,-,-,-,-,10,10,-,-,-,-,-,-,-,-
Parintins,Total,Total,89744,18682,14293,42219,14550,19137,2664,2835,9134,4504,32451,5271,4551,16381,6249,23113,5721,4332,10911,2149,8159,2646,1385,3307,821,3718,1289,624,1333,472,1168,463,237,302,166,738,244,77,318,100
,,Branca,10114,1726,1305,4836,2248,2252,227,249,1065,711,3790,549,465,1824,951,2438,550,321,1230,337,881,203,147,391,140,402,89,53,194,66,92,-,26,44,22,52,27,1,20,5
,,Preta,4829,1433,884,1832,680,926,227,107,385,207,1765,385,248,801,331,1260,476,300,407,78,459,157,129,134,39,263,118,56,69,21,57,32,17,4,4,21,10,-,10,-
,,Amarela,137,20,20,47,51,31,-,-,13,18,17,9,-,-,8,9,3,6,-,-,34,-,-,34,-,33,-,14,-,19,-,-,-,-,-,6,-,-,-,6
,,Parda,72217,14744,11661,34532,11280,15320,2087,2361,7390,3483,26364,4209,3750,13524,4881,18595,4392,3545,8964,1695,6507,2182,1070,2655,599,2889,1017,482,1051,338,995,418,194,247,136,614,188,76,277,73
,,Indígena,2447,760,423,973,292,607,122,118,282,86,515,119,87,232,77,810,300,160,311,38,279,104,39,93,43,131,65,18,20,28,24,13,-,7,4,45,18,-,11,16
,10 a 17 anos,Total,1469,581,841,46,-,398,122,261,15,-,505,201,294,11,-,389,214,168,7,-,96,24,72,1,-,51,-,38,13,-,22,20,2,-,-,-,-,-,-,-
,,Branca,178,103,75,-,-,51,17,34,-,-,80,45,35,-,-,47,41,5,-,-,-,-,-,-,-,-,-,-,-,-,-,-,-,-,-,-,-,-,-,-
,,Preta,86,35,51,-,-,18,1,17,-,-,15,4,11,-,-,52,30,22,-,-,1,-,1,-,-,-,-,-,-,-,-,-,-,-,-,-,-,-,-,-
,,Amarela,-,-,-,-,-,-,-,-,-,-,-,-,-,-,-,-,-,-,-,-,-,-,-,-,-,-,-,-,-,-,-,-,-,-,-,-,-,-,-,-
,,Parda,1106,372,688,46,-,320,96,209,15,-,406,149,246,11,-,230,95,129,7,-,70,11,58,1,-,51,-,38,13,-,22,20,2,-,-,-,-,-,-,-
,,Indígena,98,71,27,-,-,8,7,1,-,-,3,2,1,-,-,60,48,12,-,-,25,13,13,-,-,-,-,-,-,-,-,-,-,-,-,-,-,-,-,-
,18 a 64 anos,Total,86554,17178,13133,41880,14363,18495,2464,2525,9045,4461,31315,4800,4164,16221,6129,22293,5216,4067,10870,2141,7860,2513,1258,3283,806,3574,1199,584,1320,471,1097,404,224,302,166,702,218,67,318,100
,,Branca,9666,1475,1217,4794,2180,2133,190,214,1045,683,3575,431,419,1813,912,2345,474,315,1218,337,870,192,146,391,140,402,89,53,194,66,92,-,26,44,22,44,18,1,20,5
,,Preta,4560,1281,769,1832,678,876,199,85,385,207,1724,369,225,801,329,1120,391,244,407,78,444,156,115,134,39,247,102,56,69,21,57,32,17,4,4,21,10,-,10,-
,,Amarela,137,20,20,47,51,31,-,-,13,18,17,9,-,-,8,9,3,6,-,-,34,-,-,34,-,33,-,14,-,19,-,-,-,-,-,6,-,-,-,6
,,Parda,69905,13753,10732,34237,11183,14858,1961,2109,7321,3468,25519,3886,3435,13375,4823,18081,4104,3353,8936,1687,6272,2086,970,2631,584,2766,947,443,1038,337,923,359,181,247,136,587,172,66,277,73
,,Indígena,2287,650,395,970,272,596,114,116,281,86,479,105,86,232,57,739,244,148,309,38,241,79,26,93,43,126,61,18,20,28,24,13,-,7,4,45,18,-,11,16
,65 anos ou mais,Total,1720,922,319,293,187,244,78,49,74,43,631,270,93,149,119,430,291,97,35,8,203,109,56,23,15,93,90,2,-,1,49,39,11,-,-,36,25,11,-,-
,,Branca,270,147,12,42,68,68,20,-,19,29,134,73,11,11,39,47,35,-,12,-,12,11,1,-,-,-,-,-,-,-,-,-,-,-,-,9,9,-,-,-
,,Preta,183,117,64,-,2,32,27,5,-,-,25,11,12,-,2,88,55,34,-,-,14,1,13,-,-,16,16,-,-,-,-,-,-,-,-,-,-,-,-,-
,,Amarela,-,-,-,-,-,-,-,-,-,-,-,-,-,-,-,-,-,-,-,-,-,-,-,-,-,-,-,-,-,-,-,-,-,-,-,-,-,-,-,-
,,Parda,1205,619,241,248,97,141,30,43,53,15,439,173,69,138,59,284,193,63,21,8,165,86,42,23,15,73,70,2,-,1,49,39,11,-,-,27,17,11,-,-
,,Indígena,63,39,1,3,20,3,1,1,1,-,32,13,-,-,20,11,9,-,2,-,12,12,-,-,-,5,5,-,-,-,-,-,-,-,-,-,-,-,-,-
Boa Vista,Total,Total,168548,25249,22388,78103,42808,19203,2378,2590,8457,5779,49159,5390,5187,22270,16311,63773,9129,8471,31651,14522,22810,5017,3827,10541,3426,8594,2127,1483,3099,1884,1547,442,249,540,315,1091,262,197,461,172
,,Branca,39400,4609,4140,16510,14141,4644,487,525,1573,2058,12924,987,1093,5060,5783,14444,1621,1378,6882,4564,4557,868,724,2005,960,1803,446,268,571,518,276,63,35,100,79,272,77,25,137,33
,,Preta,16222,3093,2671,7047,3412,1740,247,299,814,380,4373,676,605,1906,1186,6094,1115,1156,2583,1241,2472,654,348,1099,371,1012,272,194,383,162,178,35,25,90,28,126,27,3,84,12
,,Amarela,279,-,-,154,125,17,-,-,8,9,73,-,-,34,38,155,-,-,77,78,35,-,-,35,-,-,-,-,-,-,-,-,-,-,-,-,-,-,-,-
,,Parda,101665,15168,13841,49344,23312,10226,1234,1453,4742,2797,29089,3177,3123,13915,8875,40045,5696,5379,20795,8175,14128,3084,2418,6729,1896,5148,1224,927,1903,1094,908,315,141,277,176,593,151,159,192,92
,,Indígena,10982,2380,1736,5049,1817,2577,410,313,1320,534,2700,550,366,1355,428,3035,698,559,1314,464,1617,410,337,672,198,630,184,94,241,110,185,30,49,73,33,99,7,10,48,34
,10 a 17 anos,Total,2650,799,1619,232,-,500,208,272,19,-,790,184,539,66,-,762,215,482,65,-,377,122,198,57,-,149,48,76,25,-,12,4,8,-,-,11,1,10,-,-
,,Branca,517,147,312,58,-,102,33,64,6,-,140,26,101,13,-,137,30,78,29,-,85,36,39,10,-,44,22,22,-,-,-,-,-,-,-,-,-,-,-,-
,,Preta,207,48,125,35,-,44,34,11,-,-,46,14,32,-,-,56,-,56,-,-,21,-,-,21,-,31,-,17,14,-,-,-,-,-,-,-,-,-,-,-
,,Amarela,-,-,-,-,-,-,-,-,-,-,-,-,-,-,-,-,-,-,-,-,-,-,-,-,-,-,-,-,-,-,-,-,-,-,-,-,-,-,-,-
,,Parda,1612,447,1031,134,-,248,92,142,14,-,491,93,350,48,-,510,146,329,35,-,249,75,148,26,-,70,23,35,11,-,10,4,6,-,-,11,1,10,-,-
,,Indígena,314,158,151,6,-,106,49,56,-,-,113,51,57,5,-,60,39,21,1,-,23,11,11,-,-,4,2,2,-,-,2,-,2,-,-,-,-,-,-,-
,18 a 64 anos,Total,163107,23195,20559,77216,42136,18288,2024,2293,8303,5668,47571,4912,4616,22045,15998,62122,8539,7894,31346,14343,22070,4643,3614,10431,3382,8234,1956,1386,3033,1859,1488,420,230,522,315,1080,261,186,461,172
,,Branca,38103,4254,3758,16287,13803,4383,421,437,1540,1986,12499,882,988,5004,5625,14093,1544,1274,6792,4483,4410,804,680,1979,947,1726,404,245,571,505,259,63,35,82,79,272,77,25,137,33
,,Preta,15676,2844,2529,6969,3335,1670,210,289,791,380,4241,605,566,1906,1163,5943,1071,1100,2573,1200,2388,604,348,1079,358,946,247,168,369,162,166,23,25,90,28,126,27,3,84,12
,,Amarela,271,-,-,146,125,17,-,-,8,9,73,-,-,34,38,147,-,-,69,78,35,-,-,35,-,-,-,-,-,-,-,-,-,-,-,-,-,-,-,-
,,Parda,98514,13963,12691,48786,23073,9776,1060,1311,4644,2761,28193,2945,2754,13750,8744,39015,5295,4984,20604,8133,13649,2842,2260,6667,1880,4947,1124,880,1861,1082,880,304,123,277,176,582,150,149,192,92
,,Indígena,10543,2134,1581,5027,1800,2442,333,257,1320,532,2566,480,308,1350,427,2923,629,536,1308,450,1589,393,326,672,198,615,181,92,231,110,183,30,47,73,33,99,7,10,48,34
,65 anos ou mais,Total,2791,1255,210,654,672,416,145,25,135,111,799,294,32,160,313,888,375,95,240,179,363,252,15,52,44,211,124,21,41,25,47,17,12,17,-,-,-,-,-,-
,,Branca,780,207,70,164,338,158,34,25,28,72,285,79,5,42,158,214,46,26,61,81,63,28,5,16,14,33,20,-,-,13,17,-,-,17,-,-,-,-,-,-
,,Preta,339,201,17,43,77,26,3,-,23,-,87,57,7,-,23,95,44,-,10,41,63,50,-,-,14,36,26,10,-,-,12,12,-,-,-,-,-,-,-,-
,,Amarela,8,-,-,8,-,-,-,-,-,-,-,-,-,-,-,8,-,-,8,-,-,-,-,-,-,-,-,-,-,-,-,-,-,-,-,-,-,-,-,-
,,Parda,1539,758,119,423,239,202,81,-,85,36,405,139,19,116,131,520,255,67,156,43,231,168,11,36,17,131,77,11,31,12,18,6,12,-,-,-,-,-,-,-
,,Indígena,125,88,4,16,17,29,27,-,-,2,22,19,1,1,1,52,30,3,5,14,6,6,-,-,-,11,1,-,10,-,-,-,-,-,-,-,-,-,-,-
Rorainópolis - Caracaraí,Total,Total,22317,6591,3832,8172,3722,4681,910,585,1901,1285,6817,1636,1079,2759,1342,6110,2149,1161,2117,683,2844,1204,607,745,289,1158,371,287,412,88,346,181,65,81,19,168,65,33,56,15
,,Branca,3764,958,699,1449,657,874,169,131,296,279,1012,194,172,478,168,983,263,181,391,148,595,239,114,188,54,184,36,75,73,-,27,12,5,10,-,56,25,10,11,10
,,Preta,2804,934,523,928,418,526,103,61,209,152,811,224,214,227,145,784,303,121,284,76,414,196,75,114,29,184,75,38,60,11,46,8,13,25,-,21,5,-,11,5
,,Amarela,66,19,-,46,-,6,-,-,6,-,10,-,-,10,-,29,10,-,20,-,-,-,-,-,-,20,10,-,10,-,-,-,-,-,-,-,-,-,-,-
,,Parda,15223,4350,2580,5683,2610,3123,515,388,1370,850,4777,1070,684,2026,997,4261,1553,846,1402,459,1807,746,413,441,207,750,235,174,264,77,273,161,47,45,19,92,35,23,35,-
,,Indígena,461,329,30,66,36,151,123,4,19,5,207,148,9,19,31,53,20,13,20,-,28,22,4,2,-,20,15,-,5,-,1,-,-,1,-,-,-,-,-,-
,10 a 17 anos,Total,609,354,236,19,-,150,108,39,4,-,205,119,76,10,-,118,68,45,4,-,107,45,62,-,-,28,14,14,-,-,-,-,-,-,-,-,-,-,-,-
,,Branca,101,59,42,-,-,25,20,5,-,-,33,15,18,-,-,24,14,9,-,-,15,10,5,-,-,4,-,4,-,-,-,-,-,-,-,-,-,-,-,-
,,Preta,85,40,40,4,-,23,19,4,-,-,21,-,21,-,-,24,4,16,4,-,18,18,-,-,-,-,-,-,-,-,-,-,-,-,-,-,-,-,-,-
,,Amarela,-,-,-,-,-,-,-,-,-,-,-,-,-,-,-,-,-,-,-,-,-,-,-,-,-,-,-,-,-,-,-,-,-,-,-,-,-,-,-,-
,,Parda,350,183,154,14,-,75,42,29,4,-,107,59,38,10,-,70,50,21,-,-,74,18,56,-,-,24,14,10,-,-,-,-,-,-,-,-,-,-,-,-
,,Indígena,72,72,-,-,-,27,27,-,-,-,45,45,-,-,-,-,-,-,-,-,-,-,-,-,-,-,-,-,-,-,-,-,-,-,-,-,-,-,-,-
,18 a 64 anos,Total,21321,5968,3572,8085,3697,4467,756,546,1880,1285,6503,1446,1000,2728,1328,5883,1997,1110,2098,677,2689,1133,539,733,284,1094,336,264,406,88,337,171,65,81,19,168,65,33,56,15
,,Branca,3594,870,645,1422,657,838,149,126,285,279,956,170,151,467,168,944,234,171,391,148,570,225,109,182,54,171,36,62,73,-,27,12,5,10,-,56,25,10,11,10
,,Preta,2670,857,477,918,418,497,84,57,203,152,787,220,194,227,145,738,283,100,279,76,379,161,75,114,29,184,75,38,60,11,46,8,13,25,-,21,5,-,11,5
,,Amarela,56,10,-,46,-,6,-,-,6,-,10,-,-,10,-,29,10,-,20,-,-,-,-,-,-,10,-,-,10,-,-,-,-,-,-,-,-,-,-,-
,,Parda,14646,4008,2420,5633,2585,3009,434,359,1367,850,4604,969,646,2005,983,4128,1461,826,1388,454,1713,725,351,436,202,709,209,164,258,77,263,151,47,45,19,92,35,23,35,-
,,Indígena,355,223,30,66,36,116,88,4,19,5,147,88,9,19,31,43,10,13,20,-,28,22,4,2,-,20,15,-,5,-,1,-,-,1,-,-,-,-,-,-
,65 anos ou mais,Total,387,269,24,69,25,64,47,-,17,-,109,70,4,21,14,109,84,6,14,6,48,25,6,11,5,35,21,9,6,-,10,10,-,-,-,-,-,-,-,-
,,Branca,68,29,12,27,-,11,-,-,11,-,23,9,4,11,-,16,16,-,-,-,10,5,-,6,-,9,-,9,-,-,-,-,-,-,-,-,-,-,-,-
,,Preta,49,37,6,6,-,6,-,-,6,-,4,4,-,-,-,22,16,6,-,-,17,17,-,-,-,-,-,-,-,-,-,-,-,-,-,-,-,-,-,-
,,Amarela,10,10,-,-,-,-,-,-,-,-,-,-,-,-,-,-,-,-,-,-,-,-,-,-,-,10,10,-,-,-,-,-,-,-,-,-,-,-,-,-
,,Parda,227,160,6,36,25,39,39,-,-,-,67,43,-,10,14,62,42,-,14,6,21,3,6,6,5,17,11,-,6,-,10,10,-,-,-,-,-,-,-,-
,,Indígena,33,33,-,-,-,8,8,-,-,-,15,15,-,-,-,10,10,-,-,-,-,-,-,-,-,-,-,-,-,-,-,-,-,-,-,-,-,-,-,-
Belém,Total,Total,942956,187395,156779,398633,200148,77405,16552,13076,32427,15350,192119,37994,30740,76929,46456,293298,60269,50027,121123,61879,222283,39786,35525,99601,47371,126279,24711,22045,56538,22984,14653,3730,2419,5554,2950,5831,1436,1042,2090,1263
,,Branca,213993,30147,29047,88264,66534,17421,2795,2420,7278,4928,42935,6339,5697,16061,14838,68393,8864,9102,27921,22506,51619,6698,6941,22534,15446,27026,4014,3879,11978,7156,2858,631,481,1019,726,1338,254,174,521,389
,,Preta,123984,30143,22779,50141,20921,9638,2367,2019,3719,1533,23901,5637,4662,8790,4812,37606,9562,7261,14900,5884,29762,7009,4899,12726,5128,18463,4276,3113,8231,2843,2177,711,266,826,374,923,234,199,330,160
,,Amarela,1806,161,185,560,900,210,67,20,113,10,421,53,-,163,205,494,7,36,171,281,322,1,22,102,198,259,33,85,2,138,-,-,-,-,-,-,-,-,-,-
,,Parda,601759,126519,104468,259236,111535,50002,11292,8576,21303,8831,124628,25873,20331,51829,26595,186403,41741,33584,77913,33165,140307,25960,23580,64215,26552,80213,16300,14895,36265,12753,9586,2388,1666,3682,1849,3546,948,663,1239,695
,,Indígena,1415,424,301,432,258,134,31,41,14,48,234,92,50,86,7,401,95,45,218,44,272,118,82,25,47,317,87,74,62,94,33,-,5,28,-,24,-,5,-,18
,10 a 17 anos,Total,11134,4574,6242,317,-,2148,970,1126,53,-,2975,1236,1678,61,-,3315,1509,1696,110,-,1695,486,1137,71,-,754,258,474,22,-,95,46,49,-,-,41,8,33,-,-
,,Branca,2188,725,1399,63,-,429,149,280,-,-,637,231,381,25,-,609,231,358,21,-,296,51,228,18,-,179,30,149,-,-,21,21,-,-,-,-,-,-,-,-
,,Preta,1614,695,876,43,-,264,137,127,-,-,450,259,190,-,-,419,186,209,25,-,257,56,184,18,-,157,34,122,-,-,16,16,-,-,-,31,8,23,-,-
,,Amarela,10,10,-,-,-,10,10,-,-,-,-,-,-,-,-,-,-,-,-,-,-,-,-,-,-,-,-,-,-,-,-,-,-,-,-,-,-,-,-,-
,,Parda,7287,3118,3958,211,-,1423,652,719,53,-,1880,741,1103,36,-,2287,1093,1130,64,-,1142,380,726,36,-,419,194,203,22,-,52,9,43,-,-,10,-,10,-,-
,,Indígena,35,26,9,-,-,22,22,-,-,-,8,4,4,-,-,-,-,-,-,-,-,-,-,-,-,-,-,-,-,-,5,-,5,-,-,-,-,-,-,-
,18 a 64 anos,Total,904324,172076,147092,392077,193078,73067,14583,11688,31824,14972,183476,34497,28643,75886,44449,281892,55610,47360,119186,59736,214171,37019,33505,98053,45594,121872,22901,20891,55558,22522,13958,3503,2240,5388,2827,5601,1352,1009,2022,1218
,,Branca,203637,27245,26771,86371,63250,16425,2386,2111,7162,4766,40588,5553,5192,15823,14021,65328,8170,8480,27330,21348,49197,6155,6444,21967,14632,25947,3640,3572,11763,6973,2670,602,450,943,675,1288,226,174,498,389
,,Preta,118972,27637,21503,49465,20368,9095,2109,1823,3666,1497,22880,5090,4422,8678,4690,36092,8782,6945,14652,5712,28804,6540,4659,12607,4998,17750,3921,2926,8129,2774,2088,660,253,826,350,873,227,175,310,160
,,Amarela,1744,121,185,538,900,176,34,20,113,10,414,47,-,163,205,472,7,36,149,281,322,1,22,102,198,259,33,85,2,138,-,-,-,-,-,-,-,-,-,-
,,Parda,578659,116676,98358,255271,108353,47260,10045,7693,20870,8651,119369,23721,18984,51137,25527,179614,38556,31870,76837,32351,135599,24205,22298,63352,25743,77625,15219,14234,35603,12569,9172,2241,1537,3592,1802,3417,899,653,1214,650
,,Indígena,1312,397,276,432,207,112,9,41,14,48,225,87,46,86,7,385,95,28,218,44,248,118,82,25,23,290,87,74,62,68,28,-,-,28,-,24,-,5,-,18
,65 anos ou mais,Total,27498,10745,3445,6239,7070,2190,999,262,550,379,5668,2261,418,982,2007,8091,3149,971,1827,2143,6417,2281,882,1477,1777,3653,1553,680,958,462,600,181,131,166,122,189,77,-,67,45
,,Branca,8168,2177,877,1830,3284,567,259,29,116,162,1710,555,124,214,817,2455,463,265,571,1157,2126,493,270,550,814,900,344,158,215,183,166,8,31,76,51,51,28,-,23,-
,,Preta,3397,1811,400,633,553,279,121,68,53,37,571,288,50,112,122,1095,594,107,222,172,701,413,57,101,130,556,321,64,103,69,73,35,14,-,24,20,-,-,20,-
,,Amarela,53,30,-,22,-,24,24,-,-,-,6,6,-,-,-,22,-,-,22,-,-,-,-,-,-,-,-,-,-,-,-,-,-,-,-,-,-,-,-,-
,,Parda,15813,6725,2152,3754,3182,1319,595,165,380,180,3380,1411,245,656,1068,4502,2092,583,1012,814,3566,1375,556,826,809,2170,887,458,640,184,361,138,86,91,47,119,49,-,25,45
,,Indígena,68,1,16,-,51,-,-,-,-,-,1,1,-,-,-,16,-,16,-,-,24,-,-,-,24,27,-,-,-,27,-,-,-,-,-,-,-,-,-,-
Castanhal,Total,Total,363485,120633,65811,130138,46904,61013,16234,10498,23074,11206,118738,33185,20035,47220,18298,112665,42193,22006,38127,10339,39544,15755,7565,12603,3622,19690,7885,3635,5797,2374,5287,2416,859,1417,595,3211,1557,572,827,256
,,Branca,64284,17314,10593,24479,11898,11563,2384,1573,4760,2845,22467,4669,3574,9418,4806,18338,5919,3268,6656,2496,6790,2513,1350,2021,905,3141,1063,494,1039,547,828,296,164,233,136,573,227,97,166,83
,,Preta,33502,12290,6121,11105,3986,5160,1460,919,1845,936,10043,3380,1613,3606,1444,11129,4393,2348,3471,918,3855,1494,713,1268,380,1921,920,308,493,201,591,298,84,170,39,465,185,117,128,34
,,Amarela,664,91,99,263,210,114,18,22,31,43,204,28,8,95,73,181,20,35,69,57,83,9,13,58,4,51,17,11,10,14,21,-,11,-,10,9,-,-,-,9
,,Parda,264315,90601,48845,94133,30736,44074,12320,7958,16423,7373,85762,24996,14773,34044,11950,82862,31788,16321,27890,6863,28722,11659,5487,9243,2332,14499,5867,2801,4243,1589,3825,1822,600,1002,400,2158,1144,359,525,130
,,Indígena,721,337,152,159,74,102,52,27,15,8,262,112,67,58,25,155,74,34,41,6,94,79,2,13,-,77,18,22,13,24,22,-,-,12,10,7,-,-,7,-
,10 a 17 anos,Total,8072,4121,3769,183,-,1844,905,903,36,-,2631,1329,1230,72,-,2204,1156,1003,45,-,810,358,445,7,-,417,271,134,12,-,79,67,11,-,-,28,18,10,-,-
,,Branca,1262,610,606,46,-,236,134,84,18,-,378,166,195,17,-,424,206,218,-,-,143,47,95,-,-,67,50,4,12,-,2,2,-,-,-,10,-,10,-,-
,,Preta,777,360,406,11,-,121,45,76,-,-,252,121,131,-,-,183,82,101,-,-,125,54,71,-,-,78,52,26,-,-,1,1,-,-,-,2,2,-,-,-
,,Amarela,-,-,-,-,-,-,-,-,-,-,-,-,-,-,-,-,-,-,-,-,-,-,-,-,-,-,-,-,-,-,-,-,-,-,-,-,-,-,-,-
,,Parda,5992,3133,2734,125,-,1476,717,740,18,-,1990,1042,894,55,-,1581,861,675,45,-,540,255,278,7,-,273,169,104,-,-,75,64,11,-,-,16,16,-,-,-
,,Indígena,41,17,24,-,-,12,8,4,-,-,11,-,11,-,-,16,7,9,-,-,2,2,-,-,-,-,-,-,-,-,-,-,-,-,-,-,-,-,-,-
,18 a 64 anos,Total,348462,111496,61487,129040,46439,58106,14565,9499,22936,11106,114010,30534,18634,46711,18131,108243,39319,20813,37844,10267,37926,14747,7070,12538,3572,18802,7290,3473,5729,2310,5084,2260,836,1405,583,3147,1502,563,827,256
,,Branca,61714,15847,9894,24190,11783,11145,2157,1475,4686,2827,21767,4314,3353,9348,4752,17475,5415,3011,6566,2484,6452,2306,1241,2000,905,2956,924,490,1017,525,788,277,164,221,126,557,220,87,166,83
,,Preta,31979,11391,5643,10995,3951,4915,1325,825,1828,936,9593,3175,1453,3545,1420,10722,4123,2231,3450,918,3610,1342,631,1268,369,1781,805,282,493,201,590,297,84,170,39,453,174,117,128,34
,,Amarela,652,85,93,263,210,114,18,22,31,43,192,22,2,95,73,181,20,35,69,57,83,9,13,58,4,51,17,11,10,14,21,-,11,-,10,9,-,-,-,9
,,Parda,253446,83863,45728,93434,30421,41842,11020,7154,16376,7291,82217,22921,13769,33666,11861,79725,29694,15511,27717,6803,27689,11014,5182,9200,2293,13938,5526,2669,4196,1547,3663,1686,578,1002,397,2121,1107,359,525,130
,,Indígena,671,311,128,159,74,90,44,23,15,8,241,103,56,58,25,139,67,25,41,6,92,77,2,13,-,77,18,22,13,24,22,-,-,12,10,7,-,-,7,-
,65 anos ou mais,Total,6951,5016,555,915,465,1063,765,96,102,100,2097,1321,171,438,167,2219,1718,190,238,72,808,650,50,58,50,471,324,28,56,63,124,88,11,12,12,36,36,-,-,-
,,Branca,1308,857,93,243,115,183,93,15,57,18,323,189,26,53,54,439,298,39,90,12,195,160,13,22,-,119,88,-,9,22,37,16,-,12,9,6,6,-,-,-
,,Preta,745,539,73,99,35,124,89,18,16,-,197,83,29,62,23,224,187,16,21,-,120,99,10,-,11,63,63,-,-,-,-,-,-,-,-,9,9,-,-,-
,,Amarela,12,6,6,-,-,-,-,-,-,-,12,6,6,-,-,-,-,-,-,-,-,-,-,-,-,-,-,-,-,-,-,-,-,-,-,-,-,-,-,-
,,Parda,4877,3604,383,574,315,757,582,63,29,82,1555,1033,110,323,89,1556,1233,135,127,61,493,391,27,36,39,288,172,28,47,41,86,72,11,-,3,21,21,-,-,-
,,Indígena,9,9,-,-,-,-,-,-,-,-,9,9,-,-,-,-,-,-,-,-,-,-,-,-,-,-,-,-,-,-,-,-,-,-,-,-,-,-,-,-
Marabá,Total,Total,363127,93444,63594,153479,52610,43702,9402,7089,18261,8949,101054,22449,17583,42734,18288,113302,32306,21469,45625,13902,56577,16061,9882,24396,6238,36106,8752,5482,17783,4090,6576,2297,959,2685,635,2813,1174,521,829,290
,,Branca,72039,14847,11284,30611,15297,9671,1657,1432,3928,2655,21051,3613,3501,8979,4958,21623,5090,3635,8681,4218,10430,2413,1478,4559,1980,6662,1165,904,3450,1142,1398,486,128,547,237,588,254,90,171,73
,,Preta,48371,15203,8275,18915,5978,5748,1365,873,2422,1087,12513,3374,2325,4806,2007,14763,5182,2733,5434,1413,8168,3044,1215,3125,785,5127,1461,731,2419,515,1009,392,143,399,76,537,189,142,153,54
,,Amarela,646,58,97,295,195,92,25,10,24,33,187,9,58,73,47,184,5,30,94,56,67,20,-,33,15,112,-,-,71,41,-,-,-,-,-,-,-,-,-,-
,,Parda,241252,62950,43762,103469,31071,27913,6237,4709,11823,5144,67123,15390,11669,28812,11252,76527,21905,15034,31379,8210,37832,10529,7172,16675,3456,24148,6106,3827,11830,2386,4162,1418,687,1734,323,1684,728,288,505,163
,,Indígena,820,386,177,189,68,277,118,65,65,30,181,63,30,63,24,204,125,37,37,5,79,56,17,4,2,58,20,20,12,6,7,1,1,5,-,3,2,1,-,-
,10 a 17 anos,Total,9638,4099,5089,450,-,1597,685,873,39,-,3292,1377,1753,162,-,3106,1327,1664,115,-,990,428,480,82,-,422,166,235,22,-,119,60,58,1,-,36,15,10,11,-
,,Branca,1664,608,937,119,-,303,65,214,24,-,552,184,338,31,-,537,228,271,39,-,156,66,65,25,-,72,22,49,-,-,23,22,-,1,-,3,3,-,-,-
,,Preta,1034,391,566,76,-,113,27,81,4,-,339,142,175,21,-,428,173,233,22,-,105,20,56,29,-,23,13,11,-,-,11,11,-,-,-,10,-,10,-,-
,,Amarela,2,-,2,-,-,-,-,-,-,-,2,-,2,-,-,-,-,-,-,-,-,-,-,-,-,-,-,-,-,-,-,-,-,-,-,-,-,-,-,-
,,Parda,6850,3032,3563,254,-,1155,569,574,12,-,2369,1034,1224,110,-,2119,905,1158,55,-,722,336,358,28,-,328,131,175,22,-,83,27,57,-,-,24,13,-,11,-
,,Indígena,88,68,20,-,-,26,23,3,-,-,30,17,14,-,-,22,21,1,-,-,7,6,1,-,-,-,-,-,-,-,2,1,1,-,-,-,-,-,-,-
,18 a 64 anos,Total,348676,86077,57964,152459,52176,41426,8307,6144,18098,8876,96339,20149,15604,42436,18150,108856,29978,19693,45378,13807,54783,15046,9326,24228,6183,35308,8364,5219,17689,4035,6381,2190,891,2684,617,2764,1150,507,818,290
,,Branca,69167,13535,10184,30319,15129,9219,1486,1217,3895,2622,20070,3226,3052,8882,4910,20779,4657,3350,8601,4172,10036,2217,1376,4497,1946,6548,1119,855,3432,1142,1352,450,128,546,229,586,252,90,171,73
,,Preta,46582,14206,7675,18772,5929,5551,1295,787,2382,1087,11961,3059,2145,4776,1980,14091,4791,2499,5397,1403,7932,2916,1147,3095,773,5063,1415,721,2413,515,989,372,143,399,76,528,189,132,153,54
,,Amarela,615,40,95,295,185,73,6,10,24,33,185,9,55,73,47,184,5,30,94,56,67,20,-,33,15,102,-,-,71,31,-,-,-,-,-,-,-,-,-,-
,,Parda,231601,58000,39852,102885,30864,26332,5426,4068,11734,5104,63973,13808,10335,28641,11189,73620,20422,13778,31249,8171,36685,9853,6787,16599,3447,23545,5819,3623,11761,2341,4035,1369,620,1734,312,1648,707,284,494,163
,,Indígena,711,297,158,188,68,250,94,62,64,30,150,46,17,63,24,181,103,36,37,5,62,40,16,4,2,49,11,20,12,6,5,-,-,5,-,3,2,1,-,-
,65 anos ou mais,Total,4813,3267,542,570,434,679,409,73,124,73,1422,922,226,136,138,1341,1002,112,132,95,804,587,76,86,55,376,222,29,72,54,76,47,11,-,18,13,9,4,-,-
,,Branca,1207,704,162,173,168,149,107,-,9,33,428,203,110,66,48,307,206,14,41,46,238,130,37,38,33,42,23,-,19,-,23,15,-,-,8,-,-,-,-,-
,,Preta,755,606,34,67,49,84,42,5,36,-,213,172,5,9,27,243,218,-,15,10,131,108,12,-,12,40,34,-,7,-,9,9,-,-,-,-,-,-,-,-
,,Amarela,28,19,-,-,10,19,19,-,-,-,-,-,-,-,-,-,-,-,-,-,-,-,-,-,-,10,-,-,-,10,-,-,-,-,-,-,-,-,-,-
,,Parda,2801,1918,346,329,207,427,242,67,77,41,781,547,111,61,62,789,577,97,75,39,425,339,27,48,10,276,156,29,47,45,44,23,11,-,10,13,9,4,-,-
,,Indígena,21,20,-,1,-,1,-,-,1,-,-,-,-,-,-,1,1,-,-,-,10,10,-,-,-,9,9,-,-,-,-,-,-,-,-,-,-,-,-,-
Redenção,Total,Total,131866,43998,27952,41860,18057,20963,4868,3926,7382,4788,49923,13639,10795,17496,7993,35506,13334,8112,10983,3077,13442,5937,2895,3428,1182,7051,3521,1294,1638,598,2944,1694,666,392,191,1351,701,157,351,142
,,Branca,30301,8712,5696,10255,5638,5911,1267,856,2184,1605,11460,2649,2382,3949,2480,7385,2316,1526,2595,948,2591,982,439,883,286,1734,863,281,400,190,724,364,142,115,103,330,188,37,78,26
,,Preta,17698,7013,3699,4801,2185,2351,690,433,797,431,6363,1990,1326,2064,983,4982,2123,1158,1188,512,2150,1127,501,396,127,1053,579,132,244,99,467,320,86,45,15,246,147,54,37,8
,,Amarela,251,74,32,109,37,41,-,-,34,8,42,11,7,21,3,99,36,9,35,19,21,8,5,8,-,36,14,11,11,-,5,5,-,-,-,-,-,-,-,-
,,Parda,83294,28068,18432,26637,10158,12564,2883,2593,4359,2729,31996,8973,7080,11431,4512,22938,8803,5393,7153,1589,8650,3815,1926,2140,769,4214,2053,870,982,309,1741,1005,437,226,73,761,352,66,235,108
,,Indígena,322,130,93,58,40,95,29,43,8,15,62,16,-,31,15,102,56,25,11,10,29,5,25,-,-,13,12,-,1,-,7,-,-,7,-,14,14,-,-,-
,10 a 17 anos,Total,4632,2092,2423,117,-,846,379,457,11,-,1899,803,1025,72,-,1188,488,676,24,-,426,216,210,-,-,124,90,23,11,-,78,65,12,-,-,36,23,12,-,-
,,Branca,956,415,523,18,-,160,64,96,-,-,415,176,221,18,-,180,61,120,-,-,135,68,67,-,-,36,29,8,-,-,7,7,-,-,-,23,11,12,-,-
,,Preta,450,262,177,11,-,66,33,32,-,-,163,99,65,-,-,148,86,62,-,-,39,21,18,-,-,21,10,-,11,-,13,13,-,-,-,-,-,-,-,-
,,Amarela,9,-,9,-,-,-,-,-,-,-,-,-,-,-,-,9,-,9,-,-,-,-,-,-,-,-,-,-,-,-,-,-,-,-,-,-,-,-,-,-
,,Parda,3204,1401,1714,89,-,620,281,328,11,-,1321,528,739,55,-,850,342,485,24,-,252,127,125,-,-,67,51,16,-,-,58,46,12,-,-,-,-,-,-,-
,,Indígena,13,13,-,-,-,-,-,-,-,-,-,-,-,-,-,-,-,-,-,-,-,-,-,-,-,-,-,-,-,-,-,-,-,-,-,13,13,-,-,-
,18 a 64 anos,Total,124628,40051,25269,41457,17851,19606,4184,3435,7292,4695,47189,12270,9689,17309,7921,33685,12365,7339,10903,3077,12872,5593,2686,3428,1166,6629,3200,1248,1595,587,2778,1573,639,389,178,1283,646,144,351,142
,,Branca,28544,7862,5062,10123,5496,5529,1115,752,2126,1537,10790,2331,2135,3885,2440,7120,2198,1379,2595,948,2423,891,372,883,277,1571,752,250,390,179,689,357,127,115,90,301,172,25,78,26
,,Preta,16859,6435,3515,4742,2167,2203,604,400,781,419,6101,1817,1254,2053,977,4742,1966,1096,1168,512,2066,1060,483,396,127,978,514,132,234,99,437,290,86,45,15,246,147,54,37,8
,,Amarela,243,74,23,109,37,41,-,-,34,8,42,11,7,21,3,90,36,-,35,19,21,8,5,8,-,36,14,11,11,-,5,5,-,-,-,-,-,-,-,-
,,Parda,78681,25565,16580,26425,10111,11742,2437,2244,4344,2716,30194,8096,6293,11320,4486,21635,8114,4839,7093,1589,8332,3629,1801,2140,762,4031,1909,855,959,309,1640,920,425,222,73,735,326,66,235,108
,,Indígena,301,114,88,58,40,91,29,39,8,15,62,16,-,31,15,98,52,25,11,10,29,5,25,-,-,13,12,-,1,-,7,-,-,7,-,1,1,-,-,-
,65 anos ou mais,Total,2606,1855,260,286,206,511,305,34,79,93,834,567,81,115,72,633,481,97,56,-,144,127,-,-,17,298,231,23,33,11,88,56,14,4,13,32,32,-,-,-
,,Branca,801,435,110,115,141,222,87,9,58,68,254,142,26,47,40,85,57,28,-,-,32,23,-,-,9,127,83,23,10,11,28,-,14,-,13,5,5,-,-,-
,,Preta,389,316,7,48,18,82,52,-,17,13,99,75,7,12,6,92,71,-,20,-,45,45,-,-,-,55,55,-,-,-,17,17,-,-,-,-,-,-,-,-
,,Amarela,-,-,-,-,-,-,-,-,-,-,-,-,-,-,-,-,-,-,-,-,-,-,-,-,-,-,-,-,-,-,-,-,-,-,-,-,-,-,-,-
,,Parda,1408,1101,138,122,46,202,165,21,4,13,481,350,48,56,26,453,348,69,36,-,67,59,-,-,7,116,93,-,23,-,42,39,-,4,-,27,27,-,-,-
,,Indígena,9,4,5,-,-,5,-,5,-,-,-,-,-,-,-,4,4,-,-,-,-,-,-,-,-,-,-,-,-,-,-,-,-,-,-,-,-,-,-,-
Santarém,Total,Total,257712,69402,50001,98540,39768,34911,7089,6278,14099,7444,74291,15739,13877,29827,14848,83049,22773,16166,32653,11456,34865,11190,7336,12692,3646,15451,6195,3194,4804,1258,5541,2775,1048,1285,432,5097,2069,1057,1547,424
,,Branca,47333,10334,8325,18368,10306,7485,1314,1302,2890,1979,14673,2330,2337,6083,3922,14564,3034,2675,5756,3099,5556,1584,1066,2044,863,2355,1003,350,784,218,950,431,183,237,98,943,355,213,316,58
,,Preta,25483,8753,5096,8482,3152,3047,617,645,1216,569,7116,2176,1354,2354,1233,8369,2812,1676,3060,821,3577,1490,729,1050,307,1759,860,354,420,125,643,345,134,112,53,662,341,98,182,41
,,Amarela,417,90,65,195,67,26,-,5,21,-,191,33,22,79,57,119,21,24,64,10,55,34,-,21,-,9,-,9,-,-,-,-,-,-,-,6,-,6,-,-
,,Parda,180521,49334,35659,69851,25676,23632,5045,4216,9671,4700,51139,10969,9928,20788,9454,58807,16598,11474,23320,7415,25222,8006,5427,9355,2434,11117,4250,2442,3526,898,3856,1958,718,913,267,3425,1348,725,1030,322
,,Indígena,3957,891,856,1643,566,720,113,111,301,195,1172,231,236,523,182,1190,308,317,453,112,454,76,114,222,42,212,83,38,74,16,92,41,13,24,15,61,25,15,18,3
,10 a 17 anos,Total,5810,2615,3039,157,-,1115,500,605,9,-,1855,873,934,47,-,1744,729,952,63,-,600,262,312,26,-,232,100,132,-,-,116,96,20,-,-,59,20,39,-,-
,,Branca,1039,423,565,51,-,211,100,111,-,-,363,157,191,15,-,302,98,194,10,-,116,48,54,14,-,14,3,11,-,-,14,9,4,-,-,6,6,-,-,-
,,Preta,539,259,271,9,-,104,24,80,-,-,157,89,69,-,-,166,104,54,9,-,75,22,53,-,-,9,4,6,-,-,14,14,-,-,-,3,3,-,-,-
,,Amarela,16,16,-,-,-,-,-,-,-,-,16,16,-,-,-,-,-,-,-,-,-,-,-,-,-,-,-,-,-,-,-,-,-,-,-,-,-,-,-,-
,,Parda,4115,1848,2171,97,-,795,371,415,9,-,1282,582,668,32,-,1245,512,688,44,-,403,189,202,11,-,185,76,109,-,-,88,73,16,-,-,50,11,39,-,-
,,Indígena,102,69,33,-,-,5,5,-,-,-,36,29,7,-,-,31,15,16,-,-,6,3,3,-,-,24,17,6,-,-,-,-,-,-,-,-,-,-,-,-
,18 a 64 anos,Total,247543,64134,46499,97643,39267,33096,6218,5566,13994,7318,71358,14232,12822,29574,14730,79988,21295,15038,32361,11294,33711,10576,6991,12535,3609,14893,5844,3060,4761,1228,5316,2577,1021,1285,432,4943,1985,1018,1536,404
,,Branca,45025,9265,7619,18037,10103,6967,1085,1142,2835,1905,14058,2041,2111,6025,3881,13895,2747,2446,5653,3049,5305,1493,999,1970,843,2253,940,338,767,209,907,393,179,237,98,909,321,213,316,58
,,Preta,24402,8119,4756,8419,3108,2868,540,565,1204,558,6825,1991,1257,2344,1233,7984,2580,1581,3036,787,3471,1438,676,1050,307,1702,815,349,413,125,622,324,134,112,53,640,330,98,172,41
,,Amarela,391,74,65,185,67,26,-,5,21,-,164,17,22,69,57,119,21,24,64,10,55,34,-,21,-,9,-,9,-,-,-,-,-,-,-,6,-,6,-,-
,,Parda,173916,45890,33245,69358,25422,22520,4484,3745,9632,4660,49174,9981,9203,20613,9378,56853,15667,10694,23155,7337,24442,7549,5204,9272,2417,10745,4027,2333,3507,878,3703,1828,695,913,267,3326,1309,686,1030,302
,,Indígena,3809,786,814,1643,566,715,109,110,301,195,1136,202,229,523,182,1137,280,292,453,112,437,61,111,222,42,184,62,32,74,16,84,32,13,24,15,61,25,15,18,3
,65 anos ou mais,Total,4359,2653,464,740,501,701,372,107,97,126,1079,633,121,207,118,1316,749,176,229,162,554,352,33,132,37,325,251,2,43,29,109,102,7,-,-,95,64,-,11,20
,,Branca,1270,646,141,280,203,307,128,50,55,74,252,132,35,44,41,367,189,34,94,50,135,43,12,60,19,88,60,2,17,9,29,29,-,-,-,27,27,-,-,-
,,Preta,542,374,70,54,44,76,53,-,12,11,134,96,28,10,-,218,129,41,15,34,30,30,-,-,-,47,41,-,7,-,7,7,-,-,-,19,8,-,11,-
,,Amarela,10,-,-,10,-,-,-,-,-,-,10,-,-,10,-,-,-,-,-,-,-,-,-,-,-,-,-,-,-,-,-,-,-,-,-,-,-,-,-,-
,,Parda,2490,1596,244,396,254,316,190,56,30,40,683,406,57,143,77,710,419,91,121,79,377,267,21,72,17,187,147,-,19,21,64,58,7,-,-,48,28,-,-,20
,,Indígena,46,36,10,-,-,1,-,1,-,-,-,-,-,-,-,21,13,9,-,-,11,11,-,-,-,4,4,-,-,-,8,8,-,-,-,-,-,-,-,-
Altamira,Total,Total,90493,29379,17624,30732,12758,16242,3960,2821,6339,3122,31302,7725,5922,11937,5717,25173,9222,5388,8162,2401,9075,4239,1755,2177,904,4853,2336,982,1167,368,1797,947,347,382,121,987,447,238,209,93
,,Branca,18922,5203,3244,6877,3597,3499,638,509,1455,897,7181,1634,1210,2622,1715,4879,1518,883,1849,628,1700,685,320,457,239,918,418,153,261,87,370,165,75,105,25,178,60,63,49,6
,,Preta,11261,4253,2122,3432,1453,1681,371,382,656,272,3764,1054,688,1349,673,3329,1457,616,953,302,1233,665,190,280,99,647,341,139,104,63,288,189,35,43,20,129,58,30,18,23
,,Amarela,327,84,117,116,10,99,22,42,35,-,62,-,28,34,-,126,41,29,47,10,17,11,6,-,-,10,10,-,-,-,-,-,-,-,-,-,-,-,-,-
,,Parda,59070,19416,11962,20146,7546,10778,2863,1844,4159,1913,20048,4946,3950,7887,3266,16606,6116,3793,5260,1438,6006,2785,1237,1419,565,3233,1550,679,800,205,1108,580,230,233,64,647,297,145,141,64
,,Indígena,913,422,179,161,152,184,66,44,35,40,246,90,47,46,63,233,90,68,52,23,119,93,2,22,2,44,18,11,2,13,32,13,7,-,12,34,32,-,2,-
,10 a 17 anos,Total,3039,1275,1677,87,-,677,262,399,16,-,1127,354,721,52,-,745,364,369,12,-,214,128,86,-,-,150,62,81,7,-,35,35,-,-,-,54,32,21,-,-
,,Branca,618,316,284,19,-,140,83,56,-,-,304,135,150,19,-,92,56,36,-,-,16,4,12,-,-,56,27,30,-,-,-,-,-,-,-,4,4,-,-,-
,,Preta,426,193,233,-,-,76,18,59,-,-,108,26,82,-,-,159,83,76,-,-,39,26,13,-,-,16,12,4,-,-,21,21,-,-,-,7,7,-,-,-
,,Amarela,43,10,33,-,-,10,-,10,-,-,10,-,10,-,-,22,10,12,-,-,-,-,-,-,-,-,-,-,-,-,-,-,-,-,-,-,-,-,-,-
,,Parda,1892,727,1096,69,-,445,160,269,16,-,683,183,466,33,-,465,212,240,12,-,152,90,62,-,-,65,21,38,7,-,14,14,-,-,-,42,20,21,-,-
,,Indígena,60,29,31,-,-,5,1,4,-,-,22,10,12,-,-,7,2,5,-,-,8,8,-,-,-,12,3,9,-,-,1,1,-,-,-,-,-,-,-,-
,18 a 64 anos,Total,85791,26952,15740,30460,12639,15328,3528,2383,6310,3107,29679,7060,5141,11798,5680,23934,8527,4959,8091,2357,8615,3917,1648,2169,881,4601,2217,875,1141,368,1719,869,347,382,121,910,391,217,209,93
,,Branca,18000,4696,2908,6822,3574,3312,528,453,1442,890,6754,1428,1037,2591,1699,4748,1438,837,1844,628,1650,653,308,450,239,835,384,103,261,87,354,149,75,105,25,158,40,63,49,6
,,Preta,10616,3901,1873,3411,1430,1560,317,315,656,272,3613,985,606,1349,673,3081,1324,533,934,291,1170,626,178,279,87,627,324,135,104,63,259,160,35,43,20,122,51,30,18,23
,,Amarela,284,74,84,116,10,89,22,31,35,-,51,-,18,34,-,104,30,17,47,10,17,11,6,-,-,10,10,-,-,-,-,-,-,-,-,-,-,-,-,-
,,Parda,56060,17910,10727,19950,7473,10205,2613,1544,4143,1905,19038,4569,3446,7779,3245,15775,5647,3509,5214,1405,5669,2543,1155,1419,553,3097,1484,635,774,205,1077,549,230,233,64,597,268,124,141,64
,,Indígena,831,370,148,161,152,163,48,40,35,40,222,78,35,46,63,225,88,62,52,23,109,83,2,22,2,32,15,2,2,13,29,10,7,-,12,34,32,-,2,-
,65 anos ou mais,Total,1663,1152,206,185,119,237,170,40,12,15,496,311,60,87,37,494,332,60,59,44,246,194,21,8,23,102,57,26,19,-,43,43,-,-,-,24,24,-,-,-
,,Branca,304,192,52,37,23,47,27,-,12,7,124,72,23,13,16,39,24,10,5,-,34,28,-,7,-,27,7,19,-,-,16,16,-,-,-,15,15,-,-,-
,,Preta,219,159,16,21,23,45,36,9,-,-,43,43,-,-,-,89,51,7,20,11,25,12,-,1,11,5,5,-,-,-,8,8,-,-,-,-,-,-,-,-
,,Amarela,-,-,-,-,-,-,-,-,-,-,-,-,-,-,-,-,-,-,-,-,-,-,-,-,-,-,-,-,-,-,-,-,-,-,-,-,-,-,-,-
,,Parda,1117,779,138,128,73,128,90,31,-,8,327,194,37,75,21,366,257,43,34,33,185,152,21,-,12,71,45,6,19,-,17,17,-,-,-,9,9,-,-,-
,,Indígena,22,22,-,-,-,16,16,-,-,-,2,2,-,-,-,-,-,-,-,-,2,2,-,-,-,-,-,-,-,-,2,2,-,-,-,-,-,-,-,-
Breves,Total,Total,94997,38602,15869,26568,13958,22609,6547,3554,7504,5005,30221,10283,5000,9840,5099,22581,10785,4199,5757,1841,8504,4609,1445,1613,837,4911,2983,755,648,525,2267,1435,263,331,238,2529,1354,414,443,319
,,Branca,13974,4871,2459,4181,2464,4105,953,676,1383,1093,4670,1312,780,1655,923,2884,1331,612,688,252,913,422,138,251,103,575,399,94,45,36,256,202,18,23,13,350,143,70,93,43
,,Preta,12062,5769,1908,2999,1386,2414,989,286,639,500,3661,1532,534,1132,464,3461,1716,699,826,221,1163,683,186,196,98,489,313,87,86,3,365,295,32,13,26,354,167,82,50,55
,,Amarela,94,45,1,15,33,19,-,-,-,19,41,25,-,2,14,3,-,1,2,-,9,9,-,-,-,11,11,-,-,-,-,-,-,-,-,-,-,-,-,-
,,Parda,68777,27847,11501,19353,10076,16043,4588,2591,5472,3393,21839,7404,3686,7051,3698,16202,7715,2887,4232,1368,6409,3485,1121,1165,637,3836,2259,574,516,486,1645,937,213,295,200,1825,1044,261,299,221
,,Indígena,89,69,1,19,-,27,16,1,10,-,9,9,-,-,-,31,22,-,9,-,10,10,-,-,-,1,-,-,1,-,1,1,-,-,-,-,-,-,-,-
,10 a 17 anos,Total,2118,1269,806,42,-,481,267,195,19,-,664,394,247,24,-,545,251,293,-,-,159,127,32,-,-,147,130,18,-,-,22,22,-,-,-,59,38,21,-,-
,,Branca,427,228,199,-,-,105,51,53,-,-,113,73,40,-,-,142,38,104,-,-,20,19,1,-,-,13,13,-,-,-,16,16,-,-,-,8,8,-,-,-
,,Preta,237,155,73,10,-,80,51,19,10,-,74,52,22,-,-,53,28,25,-,-,3,3,-,-,-,18,12,6,-,-,-,-,-,-,-,1,1,-,-,-
,,Amarela,-,-,-,-,-,-,-,-,-,-,-,-,-,-,-,-,-,-,-,-,-,-,-,-,-,-,-,-,-,-,-,-,-,-,-,-,-,-,-,-
,,Parda,1454,886,535,33,-,296,165,122,9,-,477,268,185,24,-,349,185,164,-,-,136,104,31,-,-,117,105,12,-,-,6,6,-,-,-,50,29,21,-,-
,,Indígena,-,-,-,-,-,-,-,-,-,-,-,-,-,-,-,-,-,-,-,-,-,-,-,-,-,-,-,-,-,-,-,-,-,-,-,-,-,-,-,-
,18 a 64 anos,Total,91111,36048,14947,26366,13750,21690,5981,3343,7439,4927,29026,9503,4718,9778,5027,21591,10214,3852,5722,1803,8172,4382,1400,1572,818,4668,2759,737,648,524,2222,1390,263,331,238,2421,1266,393,443,319
,,Branca,13271,4441,2247,4159,2424,3921,866,623,1370,1063,4470,1161,740,1645,923,2681,1242,508,688,243,866,388,124,251,103,554,378,94,45,36,240,186,18,23,13,342,135,70,93,43
,,Preta,11543,5408,1809,2964,1362,2264,881,253,629,500,3478,1395,511,1132,440,3333,1651,662,800,221,1146,665,186,196,98,457,288,80,86,3,365,295,32,13,26,353,166,82,50,55
,,Amarela,94,45,1,15,33,19,-,-,-,19,41,25,-,2,14,3,-,1,2,-,9,9,-,-,-,11,11,-,-,-,-,-,-,-,-,-,-,-,-,-
,,Parda,66113,26085,10888,19209,9931,15459,4218,2466,5430,3345,21028,6913,3467,6998,3650,15542,7299,2682,4223,1339,6141,3309,1090,1124,617,3645,2081,562,516,485,1616,908,213,295,200,1726,965,241,299,221
,,Indígena,89,69,1,19,-,27,16,1,10,-,9,9,-,-,-,31,22,-,9,-,10,10,-,-,-,1,-,-,1,-,1,1,-,-,-,-,-,-,-,-
,65 anos ou mais,Total,1769,1284,116,160,208,438,298,16,46,77,531,386,34,38,72,446,320,53,35,38,173,100,13,41,19,95,94,-,-,1,22,22,-,-,-,49,49,-,-,-
,,Branca,276,201,13,23,40,79,36,-,13,30,87,78,-,9,-,61,51,-,-,9,27,14,13,-,-,8,8,-,-,-,-,-,-,-,-,-,-,-,-,-
,,Preta,282,207,25,26,24,71,57,13,-,-,109,85,-,-,24,75,37,12,26,-,14,14,-,-,-,13,13,-,-,-,-,-,-,-,-,-,-,-,-,-
,,Amarela,-,-,-,-,-,-,-,-,-,-,-,-,-,-,-,-,-,-,-,-,-,-,-,-,-,-,-,-,-,-,-,-,-,-,-,-,-,-,-,-
,,Parda,1211,876,78,111,145,288,205,3,33,47,335,223,34,29,48,311,231,41,9,29,132,72,-,41,19,74,73,-,-,1,22,22,-,-,-,49,49,-,-,-
,,Indígena,-,-,-,-,-,-,-,-,-,-,-,-,-,-,-,-,-,-,-,-,-,-,-,-,-,-,-,-,-,-,-,-,-,-,-,-,-,-,-,-
Macapá,Total,Total,203087,38184,27525,81807,55571,21550,3645,2568,8305,7032,52034,8063,5807,20997,17168,69461,12485,9564,28026,19387,37790,8094,5987,15889,7821,15202,3955,2547,6146,2554,2416,849,404,601,563,1544,444,155,443,502
,,Branca,43229,5871,4990,17231,15136,4535,682,437,1604,1812,11890,1114,1255,4829,4692,15125,1829,1621,5926,5749,7437,1259,1168,3145,1864,2954,755,297,1202,700,534,87,88,192,166,194,57,36,49,51
,,Preta,29443,6200,4218,11375,7651,2875,567,380,1064,865,6984,1262,657,2980,2085,10169,2045,1635,3761,2729,5723,1261,863,2378,1221,2403,726,456,768,453,364,142,72,73,77,281,36,11,109,125
,,Amarela,232,66,17,83,66,30,-,-,30,-,84,17,17,26,25,64,25,-,22,17,53,24,-,5,24,-,-,-,-,-,-,-,-,-,-,-,-,-,-,-
,,Parda,129818,25990,18288,52912,32628,14105,2396,1752,5607,4350,32958,5649,3878,13103,10328,43985,8567,6297,18259,10862,24460,5538,3957,10272,4693,9841,2470,1795,4176,1401,1518,619,244,335,320,1068,351,108,284,326
,,Indígena,366,57,12,206,90,4,-,-,-,4,118,21,-,59,38,117,18,11,58,29,119,11,-,88,19,4,4,-,-,-,-,-,-,-,-,1,-,-,1,-
,10 a 17 anos,Total,2673,1276,1248,149,-,476,300,176,-,-,690,282,387,21,-,761,312,338,112,-,430,214,199,17,-,274,126,147,-,-,14,14,-,-,-,-,-,-,-,-
,,Branca,709,349,361,-,-,122,81,41,-,-,250,80,170,-,-,81,40,41,-,-,156,69,87,-,-,86,65,22,-,-,14,14,-,-,-,-,-,-,-,-
,,Preta,338,166,153,20,-,33,24,9,-,-,65,32,33,-,-,123,44,59,20,-,52,30,22,-,-,52,22,30,-,-,-,-,-,-,-,-,-,-,-,-
,,Amarela,24,24,-,-,-,-,-,-,-,-,-,-,-,-,-,-,-,-,-,-,24,24,-,-,-,-,-,-,-,-,-,-,-,-,-,-,-,-,-,-
,,Parda,1602,738,734,130,-,321,195,126,-,-,375,170,184,21,-,557,227,238,92,-,198,91,90,17,-,136,40,96,-,-,-,-,-,-,-,-,-,-,-,-
,,Indígena,-,-,-,-,-,-,-,-,-,-,-,-,-,-,-,-,-,-,-,-,-,-,-,-,-,-,-,-,-,-,-,-,-,-,-,-,-,-,-,-
,18 a 64 anos,Total,194777,34735,25593,80196,54254,20471,3136,2339,8109,6888,49896,7379,5258,20525,16735,66790,11355,9027,27459,18949,36462,7498,5590,15724,7650,14510,3628,2370,6044,2468,2314,766,404,581,563,1445,416,155,418,457
,,Branca,41308,5229,4518,16937,14624,4309,559,391,1578,1782,11274,968,1016,4774,4516,14676,1701,1580,5815,5580,7131,1172,1043,3120,1795,2665,632,275,1126,632,520,73,88,192,166,194,57,36,49,51
,,Preta,28415,5689,3986,11227,7513,2757,527,371,1026,833,6805,1189,608,2964,2045,9756,1844,1556,3692,2664,5573,1157,818,2377,1221,2340,693,426,768,453,358,136,72,73,77,281,36,11,109,125
,,Amarela,208,42,17,83,66,30,-,-,30,-,84,17,17,26,25,64,25,-,22,17,29,-,-,5,24,-,-,-,-,-,-,-,-,-,-,-,-,-,-,-
,,Parda,124509,23717,17060,51742,31990,13371,2050,1578,5474,4268,31634,5183,3618,12703,10131,42187,7768,5879,17872,10668,23610,5157,3729,10133,4591,9501,2300,1668,4149,1384,1436,557,244,316,320,969,323,108,259,280
,,Indígena,337,57,12,206,61,4,-,-,-,4,99,21,-,59,19,106,18,11,58,19,119,11,-,88,19,4,4,-,-,-,-,-,-,-,-,1,-,-,1,-
,65 anos ou mais,Total,5637,2174,684,1462,1317,602,209,53,197,144,1448,402,161,451,433,1910,817,200,455,438,899,382,198,148,171,418,200,30,102,85,88,69,-,20,-,99,28,-,26,46
,,Branca,1211,294,111,294,512,105,43,5,26,30,366,66,69,56,176,368,88,-,111,169,149,18,37,25,69,202,59,-,76,68,-,-,-,-,-,-,-,-,-,-
,,Preta,690,345,79,128,138,85,15,-,37,32,114,41,16,16,41,290,157,19,49,65,97,74,22,1,-,11,11,-,-,-,6,6,-,-,-,-,-,-,-,-
,,Amarela,-,-,-,-,-,-,-,-,-,-,-,-,-,-,-,-,-,-,-,-,-,-,-,-,-,-,-,-,-,-,-,-,-,-,-,-,-,-,-,-
,,Parda,3707,1535,494,1040,638,413,150,48,133,82,949,296,77,379,197,1241,572,181,295,194,652,290,138,122,102,204,130,30,26,17,82,62,-,20,-,99,28,-,26,46
,,Indígena,29,-,-,-,29,-,-,-,-,-,19,-,-,-,19,10,-,-,-,10,-,-,-,-,-,-,-,-,-,-,-,-,-,-,-,-,-,-,-,-
Oiapoque - Porto Grande,Total,Total,29958,9235,5353,10738,4632,6782,1780,1009,2605,1388,9196,2182,1750,3449,1814,7703,2831,1579,2413,879,3410,1284,564,1210,351,1534,544,219,622,148,570,323,76,145,26,407,192,103,103,10
,,Branca,4852,1215,861,1771,1005,1018,173,122,410,312,1576,313,227,656,379,1283,400,286,449,148,540,202,95,122,120,214,58,40,88,27,58,40,5,4,9,99,23,56,9,10
,,Preta,4482,1469,944,1458,611,963,269,178,345,171,1384,331,336,444,273,1165,459,271,326,110,468,209,85,157,18,294,123,34,107,29,86,46,5,30,5,49,25,18,6,-
,,Amarela,45,3,8,33,-,-,-,-,-,-,19,3,5,11,-,3,-,3,-,-,9,-,-,9,-,13,-,-,13,-,-,-,-,-,-,-,-,-,-,-
,,Parda,19707,6316,3408,7170,2812,4582,1296,689,1765,832,6053,1510,1143,2262,1138,5057,1904,1000,1568,585,2253,823,355,899,175,934,336,129,395,74,388,235,59,86,8,255,141,27,87,-
,,Indígena,872,231,131,305,205,219,42,20,84,72,164,25,38,76,25,194,69,19,71,36,140,50,29,23,38,79,27,16,18,18,38,2,6,25,4,4,2,1,1,-
,10 a 17 anos,Total,625,314,302,9,-,129,49,78,1,-,153,62,88,3,-,210,108,96,6,-,82,50,32,-,-,25,22,3,-,-,13,13,-,-,-,1,-,1,-,-
,,Branca,113,70,43,-,-,16,5,12,-,-,11,11,-,-,-,36,19,17,-,-,31,17,14,-,-,11,11,-,-,-,6,6,-,-,-,-,-,-,-,-
,,Preta,64,46,12,6,-,16,16,-,-,-,15,15,-,-,-,30,15,9,6,-,-,-,-,-,-,-,-,-,-,-,-,-,-,-,-,-,-,-,-,-
,,Amarela,-,-,-,-,-,-,-,-,-,-,-,-,-,-,-,-,-,-,-,-,-,-,-,-,-,-,-,-,-,-,-,-,-,-,-,-,-,-,-,-
,,Parda,419,180,235,4,-,88,20,67,1,-,115,36,76,3,-,138,68,70,-,-,46,28,18,-,-,14,11,3,-,-,6,6,-,-,-,1,-,1,-,-
,,Indígena,30,18,11,-,-,7,7,-,-,-,11,-,11,-,-,6,6,-,-,-,5,5,-,-,-,-,-,-,-,-,-,-,-,-,-,-,-,-,-,-
,18 a 64 anos,Total,28651,8492,4977,10614,4567,6504,1659,907,2567,1371,8837,2022,1635,3401,1780,7327,2582,1466,2403,877,3246,1185,531,1184,346,1457,481,211,622,142,541,294,76,145,26,396,182,102,103,10
,,Branca,4624,1088,792,1769,975,985,164,111,410,299,1515,284,208,654,370,1227,370,262,449,146,489,171,81,122,114,203,47,40,88,27,52,34,5,4,9,88,13,56,9,10
,,Preta,4290,1333,923,1436,597,932,242,173,345,171,1323,300,336,428,260,1107,416,262,320,110,457,198,85,157,18,272,106,29,107,29,80,40,5,30,5,49,25,18,6,-
,,Amarela,36,3,8,24,-,-,-,-,-,-,19,3,5,11,-,3,-,3,-,-,-,-,-,-,-,13,-,-,13,-,-,-,-,-,-,-,-,-,-,-
,,Parda,18861,5855,3134,7082,2790,4378,1218,603,1729,828,5828,1410,1059,2232,1126,4801,1733,920,1563,585,2165,771,336,882,175,890,301,126,395,68,371,218,59,86,8,254,141,26,87,-
,,Indígena,840,213,120,303,205,210,35,20,83,72,152,25,27,76,25,188,63,19,71,36,135,45,29,23,38,79,27,16,18,18,38,2,6,25,4,4,2,1,1,-
,65 anos ou mais,Total,682,429,74,114,65,149,72,24,37,17,205,98,27,46,34,166,142,17,5,2,82,49,1,26,6,52,41,5,-,6,17,17,-,-,-,10,10,-,-,-
,,Branca,116,58,26,3,29,16,4,-,-,12,50,19,19,3,9,20,11,7,-,2,19,14,-,-,6,-,-,-,-,-,-,-,-,-,-,10,10,-,-,-
,,Preta,128,90,9,16,13,15,11,4,-,-,45,16,-,16,13,28,28,-,-,-,12,12,-,-,-,22,17,5,-,-,6,6,-,-,-,-,-,-,-,-
,,Amarela,9,-,-,9,-,-,-,-,-,-,-,-,-,-,-,-,-,-,-,-,9,-,-,9,-,-,-,-,-,-,-,-,-,-,-,-,-,-,-,-
,,Parda,427,282,39,84,23,116,57,19,35,4,110,63,8,27,12,118,103,11,5,-,41,23,1,17,-,30,24,-,-,6,11,11,-,-,-,-,-,-,-,-
,,Indígena,2,-,-,2,-,2,-,-,2,-,-,-,-,-,-,-,-,-,-,-,-,-,-,-,-,-,-,-,-,-,-,-,-,-,-,-,-,-,-,-
Palmas,Total,Total,244094,37532,34230,106774,65558,37474,3973,3953,15867,13681,83594,9402,9905,35455,28833,69208,12297,11058,31709,14145,33997,7078,5907,15580,5432,15608,3693,2725,6565,2625,1390,416,284,427,263,1018,247,132,365,274
,,Branca,60941,6432,6249,24674,23587,10368,833,808,3830,4898,23173,1749,1798,8688,10936,15779,1991,1965,7120,4703,7413,1100,1084,3396,1832,3059,566,449,1191,854,335,62,40,117,116,284,71,40,71,102
,,Preta,36283,7401,5992,15733,7158,4716,619,641,2155,1301,11250,1617,1732,5101,2800,11060,2693,1910,4720,1737,5882,1480,1104,2486,813,2793,769,521,1096,407,205,90,28,45,41,154,60,25,45,24
,,Amarela,814,113,112,364,225,168,9,26,85,48,242,60,20,73,88,151,34,24,55,38,187,10,41,106,29,56,-,-,33,23,-,-,-,-,-,-,-,-,-,-
,,Parda,144700,23310,21712,65353,34325,21852,2453,2433,9626,7339,48669,5926,6321,21470,14952,41961,7518,7137,19680,7626,20197,4413,3632,9416,2736,9608,2340,1744,4208,1316,815,256,211,255,94,566,113,67,248,138
,,Indígena,1355,276,166,650,263,369,58,46,170,96,262,50,33,122,56,257,60,22,133,41,317,75,45,175,22,91,17,12,36,26,35,8,5,11,12,15,3,-,1,10
,10 a 17 anos,Total,4959,1210,3478,270,-,901,201,670,30,-,1768,504,1180,83,-,1218,313,848,57,-,692,141,475,76,-,316,28,263,24,-,3,3,-,-,-,15,-,15,-,-
,,Branca,1009,255,716,38,-,197,46,147,3,-,438,117,299,22,-,210,46,161,2,-,122,34,77,11,-,33,9,25,-,-,3,3,-,-,-,-,-,-,-,-
,,Preta,626,157,462,6,-,130,24,106,-,-,207,58,145,3,-,127,51,76,-,-,98,14,81,3,-,53,10,42,-,-,-,-,-,-,-,-,-,-,-,-
,,Amarela,10,4,6,-,-,2,-,2,-,-,-,-,-,-,-,8,4,4,-,-,-,-,-,-,-,-,-,-,-,-,-,-,-,-,-,-,-,-,-,-
,,Parda,3287,785,2289,213,-,570,129,415,27,-,1119,327,734,58,-,868,210,604,55,-,457,91,317,49,-,229,9,196,24,-,-,-,-,-,-,15,-,15,-,-
,,Indígena,27,9,5,13,-,2,2,-,-,-,4,2,2,-,-,5,2,3,-,-,15,2,-,13,-,1,1,-,-,-,-,-,-,-,-,-,-,-,-,-
,18 a 64 anos,Total,234715,34232,30120,105755,64607,35847,3454,3178,15708,13507,80465,8366,8551,35150,28397,66833,11283,10061,31466,14023,32644,6680,5299,15359,5307,14917,3459,2411,6489,2557,1359,406,277,419,258,979,240,117,359,263
,,Branca,58427,5717,5319,24329,23062,9851,688,609,3751,4803,22255,1526,1477,8550,10703,15169,1777,1731,7036,4626,7131,1018,964,3374,1774,2926,531,401,1180,813,323,55,40,112,116,266,71,40,65,90
,,Preta,35124,6959,5436,15642,7087,4534,571,518,2146,1299,10888,1503,1574,5065,2745,10738,2517,1809,4680,1732,5712,1431,990,2479,813,2697,731,472,1096,398,202,87,28,45,41,154,60,25,45,24
,,Amarela,786,102,106,364,214,166,9,24,85,48,242,60,20,73,88,136,23,20,55,38,176,10,41,106,18,56,-,-,33,23,-,-,-,-,-,-,-,-,-,-
,,Parda,139067,21199,19099,64788,33981,20930,2131,1982,9555,7262,46827,5233,5449,21341,14804,40541,6909,6483,19563,7587,19329,4154,3259,9237,2680,9147,2181,1526,4143,1297,803,256,203,255,89,545,106,52,248,138
,,Indígena,1310,256,161,632,262,366,55,46,170,96,254,45,31,121,56,249,56,19,133,40,297,67,45,163,22,90,16,12,36,26,31,8,5,7,12,15,3,-,1,10
,65 anos ou mais,Total,4421,2089,632,748,951,726,319,104,129,174,1362,531,174,221,435,1157,701,149,185,122,661,257,134,144,126,375,205,50,51,68,28,7,8,9,4,24,7,-,6,12
,,Branca,1505,460,214,307,525,321,99,52,75,95,480,107,23,117,233,401,169,73,82,77,160,48,43,11,58,100,26,23,11,40,8,4,-,5,-,18,-,-,6,12
,,Preta,534,285,94,85,70,52,25,17,8,2,155,56,12,33,54,195,125,25,40,5,72,35,34,3,-,43,28,6,-,9,3,3,-,-,-,-,-,-,-,-
,,Amarela,18,7,-,-,11,-,-,-,-,-,-,-,-,-,-,7,7,-,-,-,11,-,-,-,11,-,-,-,-,-,-,-,-,-,-,-,-,-,-,-
,,Parda,2346,1326,324,352,344,351,193,36,45,77,723,366,138,70,148,552,399,50,63,39,412,168,57,131,56,232,151,21,41,19,12,-,8,-,4,7,7,-,-,-
,,Indígena,18,12,-,5,1,1,1,-,-,-,4,3,-,1,-,3,2,-,-,1,6,6,-,-,-,-,-,-,-,-,4,-,-,4,-,-,-,-,-,-
Araguaína,Total,Total,199383,45587,30810,82488,40498,37286,5723,4988,15834,10741,72498,12863,9683,32052,17900,57485,16334,10039,23165,7946,19225,6417,3400,7224,2184,7687,2566,1714,2308,1099,1741,674,278,497,292,1983,600,388,851,144
,,Branca,44273,8112,5851,18364,11947,8984,1112,1158,3543,3171,16570,2267,1819,7222,5261,11542,2708,1662,4942,2230,3885,1112,598,1494,681,1880,539,458,537,346,506,158,44,157,148,472,118,49,259,47
,,Preta,29265,8276,4836,11303,4850,5046,942,845,1999,1261,9933,2236,1334,4314,2048,8925,3003,1533,3371,1017,3195,1201,643,1045,306,1281,531,275,292,182,327,139,65,98,25,331,139,63,118,11
,,Amarela,476,73,51,234,117,85,9,6,33,37,172,-,23,90,59,117,28,11,63,14,66,17,11,35,4,9,9,-,-,-,11,-,-,11,-,3,-,-,-,3
,,Parda,124461,28975,19940,52084,23462,22888,3632,2953,10063,6239,45564,8326,6471,20284,10483,36726,10546,6794,14720,4666,11998,4066,2136,4610,1186,4472,1483,977,1447,565,867,370,168,212,117,1158,339,269,469,81
,,Indígena,908,152,133,503,121,283,27,26,196,33,259,34,35,141,49,175,48,39,69,20,80,23,12,39,7,46,3,5,32,6,30,7,2,19,2,19,4,7,5,3
,10 a 17 anos,Total,4581,1612,2787,182,-,1062,395,645,22,-,1693,517,1077,98,-,1308,464,815,29,-,323,157,139,27,-,148,38,104,5,-,2,2,-,-,-,16,15,1,-,-
,,Branca,877,307,537,33,-,246,101,138,7,-,323,109,206,9,-,201,62,122,17,-,51,20,31,-,-,55,15,40,-,-,1,1,-,-,-,-,-,-,-,-
,,Preta,550,236,296,18,-,139,54,85,-,-,182,57,112,13,-,157,70,82,5,-,42,35,7,-,-,18,11,8,-,-,-,-,-,-,-,-,-,-,-,-
,,Amarela,18,12,6,-,-,6,-,6,-,-,-,-,-,-,-,12,12,-,-,-,-,-,-,-,-,-,-,-,-,-,-,-,-,-,-,-,-,-,-,-
,,Parda,3093,1042,1919,131,-,669,238,416,15,-,1166,352,738,76,-,931,317,606,8,-,221,95,99,27,-,75,13,57,5,-,-,-,-,-,-,15,15,-,-,-
,,Indígena,44,16,28,-,-,2,2,-,-,-,21,-,21,-,-,7,3,4,-,-,9,7,2,-,-,-,-,-,-,-,1,1,-,-,-,1,-,1,-,-
,18 a 64 anos,Total,191381,41764,27738,81746,40133,35710,5044,4257,15731,10678,69814,11772,8524,31746,17772,55060,15010,9167,23027,7855,18486,5992,3245,7112,2137,7317,2407,1573,2258,1079,1706,650,277,490,289,1894,535,387,827,144
,,Branca,42279,7231,5189,18093,11766,8480,888,971,3487,3133,15940,2046,1561,7121,5213,11011,2411,1540,4878,2182,3741,1055,562,1461,663,1763,507,402,521,333,485,140,43,157,145,448,94,49,259,47
,,Preta,28258,7648,4523,11257,4831,4872,862,758,1999,1254,9586,2035,1222,4281,2048,8642,2817,1444,3365,1017,3088,1112,636,1045,294,1219,478,268,292,182,317,133,65,94,25,328,136,63,118,11
,,Amarela,435,52,45,221,117,79,9,-,33,37,159,-,23,77,59,105,17,11,63,14,66,17,11,35,4,9,9,-,-,-,11,-,-,11,-,3,-,-,-,3
,,Parda,119554,26706,17877,51674,23298,22001,3259,2503,10018,6221,43897,7665,5704,20126,10403,35135,9722,6138,14651,4623,11521,3793,2026,4533,1169,4280,1409,899,1414,558,864,370,168,209,117,1098,303,269,445,81
,,Indígena,854,127,104,501,121,279,25,26,194,33,231,27,14,141,49,167,43,35,69,20,71,16,10,39,7,46,3,5,32,6,29,6,2,19,2,17,3,6,5,3
,65 anos ou mais,Total,3421,2211,285,560,365,514,284,86,81,63,991,574,82,208,128,1117,860,57,109,91,415,268,16,84,47,222,121,37,44,20,33,22,1,7,3,73,50,-,23,-
,,Branca,1116,573,124,238,181,259,123,49,48,38,306,113,53,93,48,330,235,-,47,48,94,37,5,33,18,63,17,16,16,14,20,16,1,-,3,24,24,-,-,-
,,Preta,457,393,17,28,19,36,26,3,-,7,164,145,-,19,-,125,117,7,1,-,65,53,-,-,12,43,43,-,-,-,10,6,-,4,-,3,3,-,-,-
,,Amarela,23,10,-,13,-,-,-,-,-,-,13,-,-,13,-,-,-,-,-,-,-,-,-,-,-,-,-,-,-,-,-,-,-,-,-,-,-,-,-,-
,,Parda,1814,1227,144,279,165,217,135,34,31,18,501,309,29,82,81,661,507,49,62,43,257,178,11,50,17,117,61,21,28,7,3,-,-,3,-,44,21,-,23,-
,,Indígena,11,9,-,2,-,2,-,-,2,-,7,7,-,-,-,1,1,-,-,-,-,-,-,-,-,-,-,-,-,-,-,-,-,-,-,1,1,-,-,-
Gurupi,Total,Total,89246,20944,14126,35489,18688,18304,2640,2178,7580,5907,34036,6216,4837,14858,8125,23049,6662,4457,8773,3157,8115,3225,1570,2472,849,3976,1569,675,1244,488,831,323,192,253,63,391,109,109,134,39
,,Branca,18933,3251,2596,7198,5888,4514,536,473,1556,1949,7594,1048,943,3049,2554,4166,894,705,1644,923,1603,468,276,568,292,730,203,119,267,142,169,52,43,58,15,97,28,31,35,3
,,Preta,14532,4128,2356,5843,2206,2818,477,369,1189,783,5362,1183,818,2463,897,3877,1349,675,1449,404,1371,639,253,434,45,720,330,136,195,59,172,77,48,31,16,110,30,34,46,-
,,Amarela,196,44,21,59,72,44,10,-,19,15,87,14,9,26,37,36,8,5,9,14,21,4,6,4,7,4,4,-,-,-,3,3,-,-,-,-,-,-,-,-
,,Parda,55272,13464,9082,22276,10450,10826,1593,1307,4784,3141,20880,3967,3059,9264,4592,14913,4396,3056,5652,1809,5084,2103,1017,1458,506,2516,1027,420,782,288,487,191,101,164,32,184,51,44,53,35
,,Indígena,313,58,71,112,72,102,24,29,30,19,114,4,9,55,46,57,14,17,19,7,36,11,17,8,-,5,5,-,-,-,-,-,-,-,-,-,-,-,-,-
,10 a 17 anos,Total,1912,626,1159,126,-,511,169,306,35,-,665,218,391,57,-,465,129,321,14,-,164,70,86,8,-,89,33,44,12,-,8,-,8,-,-,3,3,-,-,-
,,Branca,417,152,238,27,-,136,46,80,10,-,161,68,86,7,-,88,32,45,11,-,21,-,21,-,-,5,-,5,-,-,-,-,-,-,-,3,3,-,-,-
,,Preta,222,94,121,8,-,64,23,40,-,-,84,29,47,8,-,46,17,30,-,-,11,11,-,-,-,15,11,4,-,-,-,-,-,-,-,-,-,-,-,-
,,Amarela,-,-,-,-,-,-,-,-,-,-,-,-,-,-,-,-,-,-,-,-,-,-,-,-,-,-,-,-,-,-,-,-,-,-,-,-,-,-,-,-
,,Parda,1267,381,796,91,-,311,100,186,26,-,420,120,258,42,-,325,80,242,4,-,132,59,65,8,-,68,21,35,12,-,8,-,8,-,-,-,-,-,-,-
,,Indígena,5,-,5,-,-,-,-,-,-,-,-,-,-,-,-,5,-,5,-,-,-,-,-,-,-,-,-,-,-,-,-,-,-,-,-,-,-,-,-,-
,18 a 64 anos,Total,85096,19078,12755,34925,18338,17477,2362,1850,7413,5853,32641,5601,4396,14684,7961,21920,6154,4027,8668,3070,7641,2936,1470,2412,823,3760,1457,617,1215,471,772,305,180,224,63,366,85,109,134,38
,,Branca,17860,2861,2278,6979,5742,4250,450,392,1488,1920,7253,913,840,2992,2507,3856,780,614,1591,870,1527,440,250,551,286,686,196,100,258,132,151,49,43,43,15,84,15,31,35,3
,,Preta,14024,3821,2235,5792,2177,2719,431,329,1188,771,5164,1063,771,2445,885,3743,1263,645,1435,399,1331,616,253,417,45,693,306,133,195,59,169,74,48,31,16,105,25,34,46,-
,,Amarela,196,44,21,59,72,44,10,-,19,15,87,14,9,26,37,36,8,5,9,14,21,4,6,4,7,4,4,-,-,-,3,3,-,-,-,-,-,-,-,-
,,Parda,52730,12305,8167,21983,10275,10373,1447,1112,4687,3128,20024,3605,2767,9165,4487,14238,4094,2751,5613,1780,4732,1870,943,1433,486,2372,945,384,762,281,450,179,89,151,32,177,45,44,53,34
,,Indígena,285,47,54,112,72,90,24,16,30,19,114,4,9,55,46,46,8,12,19,7,30,5,17,8,-,5,5,-,-,-,-,-,-,-,-,-,-,-,-,-
,65 anos ou mais,Total,2239,1240,211,438,350,316,109,22,132,54,730,398,51,117,164,665,378,108,91,87,310,220,13,52,26,127,79,14,18,17,50,18,4,28,-,22,21,-,-,1
,,Branca,655,238,80,192,146,127,40,-,58,29,180,66,17,50,47,222,82,45,42,53,55,28,4,17,6,39,6,14,10,10,18,3,-,15,-,10,10,-,-,-
,,Preta,286,214,-,44,29,36,23,-,2,11,114,91,-,11,12,88,69,-,13,5,29,12,-,18,-,12,12,-,-,-,3,3,-,-,-,4,4,-,-,-
,,Amarela,-,-,-,-,-,-,-,-,-,-,-,-,-,-,-,-,-,-,-,-,-,-,-,-,-,-,-,-,-,-,-,-,-,-,-,-,-,-,-,-
,,Parda,1274,778,119,202,175,141,47,9,72,13,436,241,34,56,105,349,222,63,35,29,221,175,9,17,20,76,60,-,8,7,29,12,4,13,-,8,7,-,-,1
,,Indígena,23,11,12,-,-,12,-,12,-,-,-,-,-,-,-,5,5,-,-,-,5,5,-,-,-,-,-,-,-,-,-,-,-,-,-,-,-,-,-,-
São Luís,Total,Total,884400,175040,131830,405374,172156,90565,18267,14204,40920,17175,185637,35193,26706,81912,41826,268736,57009,39968,118114,53645,200690,35100,27667,98449,39473,108153,20682,17547,53904,16021,11653,3537,2250,4353,1513,6129,1686,1241,2237,965
,,Branca,192801,27135,22577,86202,56889,18729,3087,2447,8132,5062,43367,5580,4735,17846,15206,58350,8473,6556,25264,18057,44401,5383,4948,21498,12573,22191,3111,3031,11143,4905,1987,484,301,734,468,1364,354,204,543,262
,,Preta,150018,33070,23201,68891,24855,13124,2820,2168,5605,2531,26257,5988,3693,12033,4543,44569,10695,6909,19109,7855,38163,7603,5511,18673,6375,22765,4451,3980,11327,3007,2046,727,505,608,207,1066,246,114,563,142
,,Amarela,932,56,195,498,183,145,-,22,95,28,140,-,23,96,22,239,10,20,162,48,259,11,87,95,67,116,23,44,50,-,13,13,-,-,-,19,-,-,-,19
,,Parda,538905,114307,85530,249129,89939,58360,12302,9542,26992,9524,115511,23542,18158,51803,22008,164969,37698,26349,73349,27572,117561,22002,17073,58090,20395,62856,13035,10467,31283,8071,7597,2304,1444,3011,838,3662,1068,922,1130,542
,,Indígena,1744,472,327,655,290,208,58,25,95,30,361,82,97,135,48,608,132,133,230,113,306,102,48,94,62,226,63,25,101,37,10,10,-,-,-,18,18,-,-,-
,10 a 17 anos,Total,10243,3931,5820,491,-,2129,801,1242,85,-,2602,1019,1525,58,-,3150,1112,1927,111,-,1409,565,715,129,-,641,229,329,83,-,100,92,9,-,-,55,10,33,12,-
,,Branca,1809,593,1100,116,-,516,159,315,42,-,367,132,213,22,-,535,163,361,11,-,228,87,109,31,-,101,26,64,10,-,14,9,5,-,-,39,10,29,-,-
,,Preta,1443,618,802,23,-,358,117,234,8,-,375,199,176,-,-,369,120,233,15,-,182,66,116,-,-,121,83,38,-,-,14,14,-,-,-,4,-,4,-,-
,,Amarela,25,-,25,-,-,-,-,-,-,-,-,-,-,-,-,-,-,-,-,-,-,-,-,-,-,25,-,25,-,-,-,-,-,-,-,-,-,-,-,-
,,Parda,6941,2702,3887,352,-,1254,526,692,36,-,1853,689,1129,35,-,2247,829,1333,85,-,981,393,490,98,-,394,119,202,73,-,73,69,4,-,-,12,-,-,12,-
,,Indígena,25,18,6,-,-,-,-,-,-,-,6,-,6,-,-,-,-,-,-,-,18,18,-,-,-,-,-,-,-,-,-,-,-,-,-,-,-,-,-,-
,18 a 64 anos,Total,851360,161663,123525,399071,167102,86031,16348,12660,40303,16721,178119,32171,24574,80818,40556,258524,52804,37488,116257,51976,194408,32751,26467,96780,38409,104850,19499,16804,52993,15554,11397,3334,2228,4322,1513,5945,1631,1180,2224,910
,,Branca,184726,24766,20914,84159,54887,17565,2702,2101,7902,4860,41380,5043,4328,17418,14591,55804,7722,6078,24608,17395,43024,5025,4747,21077,12175,21455,2913,2870,10869,4803,1973,475,297,734,468,1315,333,176,543,262
,,Preta,144711,30416,21925,68109,24261,12360,2437,1914,5542,2466,25258,5368,3439,11968,4482,42941,9973,6506,18907,7555,36990,7078,5308,18367,6237,22188,4154,3845,11203,2987,1961,675,493,586,207,1062,246,110,563,142
,,Amarela,883,56,170,473,183,121,-,22,71,28,140,-,23,96,22,239,10,20,162,48,259,11,87,95,67,91,23,19,50,-,13,13,-,-,-,19,-,-,-,19
,,Parda,519412,106007,80203,245702,87500,55777,11151,8598,26693,9336,110992,21684,16693,51202,21414,158978,34986,24751,72376,26865,113886,20564,16286,57148,19888,60889,12347,10046,30769,7727,7440,2161,1438,3003,838,3531,1033,894,1118,487
,,Indígena,1628,418,312,628,270,208,58,25,95,30,349,76,90,135,48,563,113,133,204,113,248,73,39,94,42,226,63,25,101,37,10,10,-,-,-,18,18,-,-,-
,65 anos ou mais,Total,22797,9445,2484,5813,5054,2405,1118,302,532,454,4916,2002,607,1036,1270,7062,3093,552,1747,1669,4873,1784,485,1540,1064,2663,954,414,829,466,156,112,14,30,-,129,45,28,1,55
,,Branca,6267,1776,563,1927,2001,647,226,31,188,201,1619,405,193,405,615,2012,588,117,645,662,1149,270,91,390,398,635,172,97,264,102,-,-,-,-,-,10,10,-,-,-
,,Preta,3863,2037,473,759,594,405,266,19,55,65,625,421,77,65,61,1259,602,170,187,300,990,459,86,306,138,455,214,97,124,21,71,38,11,22,-,-,-,-,-,-
,,Amarela,24,-,-,24,-,24,-,-,24,-,-,-,-,-,-,-,-,-,-,-,-,-,-,-,-,-,-,-,-,-,-,-,-,-,-,-,-,-,-,-
,,Parda,12551,5597,1439,3076,2439,1328,625,252,264,188,2666,1170,337,566,594,3744,1883,265,888,708,2693,1045,298,843,508,1573,569,220,441,343,85,74,2,8,-,119,35,28,1,55
,,Indígena,91,35,9,26,20,-,-,-,-,-,6,6,-,-,-,46,19,-,26,-,40,10,9,-,20,-,-,-,-,-,-,-,-,-,-,-,-,-,-,-
Santa Inês - Bacabal,Total,Total,295248,99462,50133,104288,41365,61272,14734,9849,24431,12258,96367,26845,15420,38322,15780,86003,34096,15672,27684,8551,29536,13635,5191,7923,2787,11799,5703,1850,2794,1452,2476,1171,530,590,185,3268,1365,606,1130,167
,,Branca,57355,16549,8774,21656,10376,12872,2733,1817,5220,3103,20243,4811,2881,8478,4073,14836,5013,2535,5225,2064,5216,2294,774,1427,720,2288,982,391,651,263,504,185,81,160,77,626,234,132,218,43
,,Preta,42001,16139,7198,13374,5289,7645,2276,1330,2697,1342,13696,4488,1983,5136,2088,13059,5608,2551,3639,1262,4371,2196,764,1056,354,1626,871,220,355,180,336,105,122,84,24,488,269,64,152,3
,,Amarela,305,107,60,79,60,109,21,18,43,27,88,34,29,19,6,53,39,-,6,8,27,-,-,12,15,23,12,10,-,-,-,-,-,-,-,6,-,2,-,4
,,Parda,194903,66305,34013,68967,25617,40498,9625,6666,16431,7776,62147,17392,10515,24633,9607,57903,23377,10553,18763,5211,19829,9076,3637,5418,1697,7813,3822,1223,1758,1009,1617,873,325,335,84,2134,862,409,748,116
,,Indígena,684,362,87,211,23,149,80,17,41,11,193,119,11,57,6,152,60,34,52,6,94,68,16,10,-,50,16,5,29,-,20,8,2,10,-,13,1,-,12,-
,10 a 17 anos,Total,8081,3715,4169,197,-,1921,864,1006,51,-,2635,1071,1518,46,-,2279,1073,1146,61,-,759,417,322,20,-,257,130,110,18,-,35,12,23,-,-,43,36,7,-,-
,,Branca,1254,511,697,45,-,344,123,212,10,-,528,185,327,16,-,203,97,106,-,-,109,54,47,9,-,43,33,-,11,-,6,-,6,-,-,5,5,-,-,-
,,Preta,1073,499,556,18,-,249,154,95,-,-,337,133,197,7,-,295,157,138,-,-,113,27,75,10,-,27,-,27,-,-,11,-,11,-,-,3,-,3,-,-
,,Amarela,12,3,9,-,-,9,-,9,-,-,3,3,-,-,-,-,-,-,-,-,-,-,-,-,-,-,-,-,-,-,-,-,-,-,-,-,-,-,-,-
,,Parda,5724,2688,2905,131,-,1316,584,690,41,-,1758,742,992,23,-,1779,817,902,60,-,535,335,200,-,-,187,97,83,7,-,19,12,7,-,-,35,31,4,-,-
,,Indígena,17,14,1,2,-,3,3,-,-,-,9,8,1,-,-,3,2,-,1,-,2,1,-,1,-,-,-,-,-,-,-,-,-,-,-,-,-,-,-,-
,18 a 64 anos,Total,280378,90969,45512,103312,40585,58287,13251,8768,24241,12028,91633,24450,13803,37916,15463,81558,31358,14376,27420,8405,27924,12505,4789,7872,2758,11151,5233,1719,2755,1445,2407,1125,507,590,185,3189,1321,599,1119,149
,,Branca,54585,15206,7924,21383,10072,12244,2467,1591,5183,3003,19187,4385,2505,8345,3951,14201,4642,2383,5149,2027,4926,2110,701,1415,700,2195,925,373,640,256,498,185,76,160,77,614,229,132,218,36
,,Preta,39623,14609,6571,13251,5192,7226,1997,1228,2674,1327,13056,4133,1786,5093,2043,12290,5059,2381,3601,1248,4016,1960,660,1042,354,1535,808,193,355,180,317,98,111,84,24,479,269,61,146,3
,,Amarela,287,103,51,79,54,99,21,9,43,27,79,31,29,19,-,53,39,-,6,8,27,-,-,12,15,23,12,10,-,-,-,-,-,-,-,6,-,2,-,4
,,Parda,185229,60716,30880,68391,25243,38574,8691,5923,16300,7660,59127,15790,9472,24402,9463,54866,21560,9577,18613,5116,18875,8379,3412,5395,1689,7348,3472,1137,1730,1009,1571,834,318,335,84,2076,823,404,743,106
,,Indígena,653,335,86,209,23,144,75,17,41,11,184,111,10,57,6,149,58,34,51,6,80,55,16,9,-,50,16,5,29,-,20,8,2,10,-,13,1,-,12,-
,65 anos ou mais,Total,6789,4778,452,779,780,1064,620,75,139,230,2099,1324,99,360,317,2166,1666,151,203,146,853,714,80,31,28,391,341,21,22,7,34,34,-,-,-,36,8,-,11,18
,,Branca,1516,832,153,228,303,284,143,15,27,100,528,241,49,117,122,433,274,45,76,37,181,131,26,4,20,50,24,18,-,7,-,-,-,-,-,7,-,-,-,7
,,Preta,1305,1031,71,106,97,170,125,7,23,15,302,223,-,35,45,475,392,32,37,14,242,209,28,4,-,63,63,-,-,-,8,8,-,-,-,6,-,-,6,-
,,Amarela,6,-,-,-,6,-,-,-,-,-,6,-,-,-,6,-,-,-,-,-,-,-,-,-,-,-,-,-,-,-,-,-,-,-,-,-,-,-,-,-
,,Parda,3950,2902,229,445,374,608,350,53,90,116,1263,860,50,208,145,1259,1001,74,89,95,419,362,25,23,8,278,253,3,22,-,27,27,-,-,-,23,8,-,5,10
,,Indígena,13,13,-,-,-,2,2,-,-,-,-,-,-,-,-,-,-,-,-,-,11,11,-,-,-,-,-,-,-,-,-,-,-,-,-,-,-,-,-,-
Caxias,Total,Total,186973,54718,30332,68779,33145,25970,6463,4353,9656,5499,58739,14222,8613,23518,12385,66274,20773,11006,24754,9742,23409,8412,4054,7416,3528,7638,3051,1351,1795,1441,1057,364,136,356,201,1530,531,335,517,147
,,Branca,30485,6713,4064,12011,7698,4618,865,760,1813,1179,10395,1783,1223,4441,2948,10204,2453,1399,4094,2258,3465,1191,376,1049,850,1018,194,189,327,308,169,23,11,77,58,283,98,63,75,48
,,Preta,33461,11117,5459,11690,5195,4222,1091,741,1493,897,9720,2642,1304,3864,1911,12463,4557,2045,4370,1491,4605,1715,891,1400,598,1468,678,294,277,219,149,60,24,46,19,332,125,39,120,48
,,Amarela,214,59,48,67,40,47,10,8,11,18,79,22,15,28,13,66,15,15,28,8,12,11,-,-,1,-,-,-,-,-,11,-,11,-,-,-,-,-,-,-
,,Parda,122638,36779,20738,44961,20160,17067,4496,2844,6339,3387,38488,9765,6059,15163,7501,43480,13737,7547,16234,5962,15288,5465,2777,4967,2079,5152,2179,869,1190,914,729,282,90,233,124,915,309,233,323,51
,,Indígena,175,50,23,51,52,17,-,-,-,17,58,10,13,23,13,61,11,-,28,22,40,30,10,-,-,-,-,-,-,-,-,-,-,-,-,-,-,-,-,-
,10 a 17 anos,Total,3229,1323,1777,129,-,743,308,402,33,-,1074,424,621,29,-,972,392,521,58,-,319,159,160,-,-,53,15,37,-,-,-,-,-,-,-,-,-,-,-,-
,,Branca,418,122,257,39,-,118,58,38,21,-,140,17,105,18,-,134,39,95,-,-,20,8,12,-,-,8,-,8,-,-,-,-,-,-,-,-,-,-,-,-
,,Preta,465,188,257,20,-,116,31,85,-,-,143,60,72,11,-,160,64,86,9,-,36,22,14,-,-,2,2,-,-,-,-,-,-,-,-,-,-,-,-,-
,,Amarela,11,11,-,-,-,-,-,-,-,-,-,-,-,-,-,-,-,-,-,-,11,11,-,-,-,-,-,-,-,-,-,-,-,-,-,-,-,-,-,-
,,Parda,2335,1002,1263,69,-,509,219,279,12,-,792,348,444,-,-,678,289,341,49,-,252,117,135,-,-,43,13,30,-,-,-,-,-,-,-,-,-,-,-,-
,,Indígena,-,-,-,-,-,-,-,-,-,-,-,-,-,-,-,-,-,-,-,-,-,-,-,-,-,-,-,-,-,-,-,-,-,-,-,-,-,-,-,-
,18 a 64 anos,Total,179474,50845,28185,67868,32575,24475,5707,3876,9470,5422,56290,13118,7924,23123,12125,64038,19596,10335,24516,9590,22511,7850,3836,7353,3473,7446,2925,1305,1795,1422,1025,332,136,356,201,1496,498,335,517,147
,,Branca,29157,6219,3725,11755,7458,4305,728,695,1724,1158,9973,1667,1100,4353,2854,9853,2322,1280,4059,2193,3308,1133,353,1016,806,980,173,181,327,299,158,12,11,77,58,274,89,63,75,48
,,Preta,32068,10279,5121,11539,5128,3969,983,635,1474,877,9343,2450,1223,3793,1876,11987,4252,1939,4318,1479,4423,1579,855,1390,598,1416,626,294,277,219,127,38,24,46,19,332,125,39,120,48
,,Amarela,203,48,48,67,40,47,10,8,11,18,79,22,15,28,13,66,15,15,28,8,1,-,-,-,1,-,-,-,-,-,11,-,11,-,-,-,-,-,-,-
,,Parda,117881,34258,19269,44456,19898,16139,3986,2538,6261,3353,36849,8979,5574,14926,7369,42070,12997,7101,16083,5887,14739,5107,2618,4946,2068,5050,2125,830,1190,904,729,282,90,233,124,890,284,233,323,51
,,Indígena,165,40,23,51,52,17,-,-,-,17,48,-,13,23,13,61,11,-,28,22,40,30,10,-,-,-,-,-,-,-,-,-,-,-,-,-,-,-,-,-
,65 anos ou mais,Total,4270,2549,369,782,570,752,447,75,153,77,1375,680,68,366,260,1265,784,150,180,151,579,403,58,63,55,139,111,9,-,19,32,32,-,-,-,34,34,-,-,-
,,Branca,910,371,82,216,240,195,79,27,68,21,283,100,19,70,94,217,92,25,35,65,138,49,11,33,44,30,21,-,-,9,11,11,-,-,-,9,9,-,-,-
,,Preta,928,649,81,131,67,137,77,21,19,21,235,132,9,59,35,316,241,20,43,12,145,114,22,9,-,50,50,-,-,-,22,22,-,-,-,-,-,-,-,-
,,Amarela,-,-,-,-,-,-,-,-,-,-,-,-,-,-,-,-,-,-,-,-,-,-,-,-,-,-,-,-,-,-,-,-,-,-,-,-,-,-,-,-
,,Parda,2422,1519,206,435,262,419,291,27,67,34,847,438,41,237,132,732,451,105,101,74,297,241,24,21,11,59,40,9,-,11,-,-,-,-,-,25,25,-,-,-
,,Indígena,10,10,-,-,-,-,-,-,-,-,10,10,-,-,-,-,-,-,-,-,-,-,-,-,-,-,-,-,-,-,-,-,-,-,-,-,-,-,-,-
Presidente Dutra,Total,Total,107085,37126,19219,34895,15845,22460,5625,3466,8311,5058,35365,10176,5890,12915,6383,29266,12220,5951,8374,2721,10450,4927,1918,2723,881,4279,1823,794,1174,489,979,469,205,226,78,2035,833,483,575,144
,,Branca,25055,7259,4030,8943,4823,5760,1172,868,2011,1709,8703,2059,1285,3428,1931,6264,2191,1087,2184,802,2202,982,411,628,182,869,353,105,333,78,224,67,64,78,14,458,182,105,104,67
,,Preta,13548,6172,2296,3493,1586,2600,925,388,810,477,4469,1699,806,1338,627,3602,1936,590,782,295,1583,902,282,300,98,641,324,112,133,71,138,84,34,19,-,254,162,33,41,18
,,Amarela,98,22,7,55,14,9,-,4,3,3,31,-,-,23,8,42,15,3,21,3,-,-,-,-,-,15,7,-,8,-,-,-,-,-,-,-,-,-,-,-
,,Parda,68247,23620,12858,22359,9410,14041,3512,2203,5469,2857,22136,6418,3789,8111,3818,19308,8048,4259,5381,1620,6664,3043,1225,1795,601,2754,1139,576,699,340,617,318,107,128,64,1311,483,345,425,59
,,Indígena,137,53,28,44,12,49,16,3,18,12,26,-,11,15,-,49,31,13,6,-,-,-,-,-,-,-,-,-,-,-,1,-,1,-,-,12,6,1,5,-
,10 a 17 anos,Total,2883,1472,1347,63,-,723,299,403,20,-,986,464,492,29,-,782,466,312,4,-,237,152,74,10,-,79,28,51,-,-,15,7,8,-,-,7,-,7,-,-
,,Branca,619,295,304,21,-,202,71,128,3,-,222,105,100,18,-,123,67,56,-,-,50,35,16,-,-,14,10,4,-,-,7,7,-,-,-,-,-,-,-,-
,,Preta,345,195,150,-,-,70,35,36,-,-,116,59,56,-,-,109,60,49,-,-,32,22,9,-,-,6,6,-,-,-,-,-,-,-,-,-,-,-,-,-
,,Amarela,-,-,-,-,-,-,-,-,-,-,-,-,-,-,-,-,-,-,-,-,-,-,-,-,-,-,-,-,-,-,-,-,-,-,-,-,-,-,-,-
,,Parda,1912,975,894,43,-,443,186,240,17,-,648,300,336,11,-,549,338,207,4,-,155,95,50,10,-,60,13,47,-,-,8,-,8,-,-,7,-,7,-,-
,,Indígena,8,8,-,-,-,8,8,-,-,-,-,-,-,-,-,-,-,-,-,-,-,-,-,-,-,-,-,-,-,-,-,-,-,-,-,-,-,-,-,-
,18 a 64 anos,Total,102095,34231,17734,34598,15532,21293,5098,3026,8240,4929,33705,9336,5326,12776,6266,27982,11339,5618,8339,2687,9903,4501,1841,2679,881,4100,1735,738,1168,460,946,444,198,226,78,2021,831,477,575,139
,,Branca,23763,6571,3692,8811,4689,5382,1026,729,1976,1651,8264,1866,1164,3348,1886,6010,2024,1029,2177,780,2066,872,395,617,182,845,343,101,333,68,201,44,64,78,14,458,182,105,104,67
,,Preta,12893,5719,2126,3491,1558,2474,845,353,807,469,4268,1569,745,1338,616,3385,1788,524,782,291,1523,851,273,300,98,614,303,112,133,65,135,82,34,19,-,252,160,33,41,18
,,Amarela,98,22,7,55,14,9,-,4,3,3,31,-,-,23,8,42,15,3,21,3,-,-,-,-,-,15,7,-,8,-,-,-,-,-,-,-,-,-,-,-
,,Parda,65212,21873,11881,22198,9260,13386,3218,1938,5436,2794,21116,5902,3406,8052,3756,18495,7482,4049,5352,1612,6314,2778,1173,1762,601,2626,1082,525,693,328,609,318,99,128,64,1300,483,338,425,54
,,Indígena,129,45,28,44,12,41,9,3,18,12,26,-,11,15,-,49,31,13,6,-,-,-,-,-,-,-,-,-,-,-,1,-,1,-,-,12,6,1,5,-
,65 anos ou mais,Total,2106,1423,138,233,313,444,228,37,51,129,674,376,71,110,117,502,415,22,32,34,310,274,3,34,-,99,60,5,7,28,18,18,-,-,-,7,2,-,-,5
,,Branca,673,393,35,112,134,176,76,11,32,58,216,89,21,62,44,131,100,3,7,22,86,75,-,11,-,10,-,-,-,10,15,15,-,-,-,-,-,-,-,-
,,Preta,310,258,20,3,29,56,45,-,3,8,86,71,4,-,11,107,87,16,-,4,29,29,-,-,-,22,16,-,-,6,2,2,-,-,-,2,2,-,-,-
,,Amarela,-,-,-,-,-,-,-,-,-,-,-,-,-,-,-,-,-,-,-,-,-,-,-,-,-,-,-,-,-,-,-,-,-,-,-,-,-,-,-,-
,,Parda,1124,772,82,118,151,212,108,25,16,63,372,216,47,48,62,264,228,3,25,9,196,170,3,23,-,68,44,5,7,12,-,-,-,-,-,5,-,-,-,5
,,Indígena,-,-,-,-,-,-,-,-,-,-,-,-,-,-,-,-,-,-,-,-,-,-,-,-,-,-,-,-,-,-,-,-,-,-,-,-,-,-,-,-
Imperatriz,Total,Total,362415,97407,62044,145554,57410,54208,11417,8105,22579,12107,120183,25323,19430,52651,22779,114050,34077,20904,44799,14270,43086,15097,7771,15622,4595,17995,6476,3290,5637,2591,4995,2035,955,1483,522,4316,1662,921,1454,280
,,Branca,84493,18045,12648,35116,18684,13724,2309,1682,5618,4115,29306,4767,4085,13040,7414,25693,6373,4118,10481,4721,8791,2485,1524,3509,1273,4110,1161,683,1465,801,991,301,175,290,225,919,314,153,387,64
,,Preta,42269,14213,7041,15375,5640,5953,1607,915,2335,1097,13313,3676,2186,5302,2150,13514,4881,2388,4826,1419,5542,2250,870,1872,550,2199,1025,348,568,257,724,333,185,163,43,626,267,107,183,69
,,Amarela,556,77,95,276,109,66,13,-,22,31,166,20,22,88,37,228,18,37,131,41,57,13,21,23,-,35,13,12,10,-,-,-,-,-,-,3,-,3,-,-
,,Parda,231814,63562,41632,93843,32777,33807,7261,5378,14350,6819,76517,16473,12968,33959,13116,73798,22434,14227,29099,8037,28129,10008,5237,10134,2751,11467,4181,2204,3553,1528,3240,1381,589,1021,250,2745,1078,637,883,146
,,Indígena,3283,1511,628,943,200,657,228,130,254,46,881,387,169,261,64,817,371,133,261,53,566,341,119,84,22,184,95,43,41,5,40,20,6,9,5,24,2,21,1,-
,10 a 17 anos,Total,8757,3904,4620,233,-,1762,832,901,28,-,3026,1253,1725,49,-,2779,1172,1519,87,-,774,408,324,43,-,288,150,121,17,-,30,5,19,5,-,27,22,1,4,-
,,Branca,1696,647,984,65,-,394,178,216,-,-,610,201,396,13,-,515,192,291,32,-,101,31,66,4,-,53,25,16,12,-,-,-,-,-,-,4,-,-,4,-
,,Preta,735,288,432,15,-,131,69,52,10,-,238,67,171,-,-,249,93,156,-,-,64,30,34,-,-,37,14,18,5,-,-,-,-,-,-,-,-,-,-,-
,,Amarela,11,-,11,-,-,-,-,-,-,-,-,-,-,-,-,11,-,11,-,-,-,-,-,-,-,-,-,-,-,-,-,-,-,-,-,-,-,-,-,-
,,Parda,6148,2824,3172,152,-,1225,574,633,18,-,2099,919,1144,36,-,1975,863,1057,55,-,584,325,221,38,-,178,91,87,-,-,29,4,19,5,-,23,22,1,-,-
,,Indígena,167,145,21,1,-,12,12,-,-,-,79,65,14,-,-,29,24,5,-,-,25,21,3,1,-,19,19,-,-,-,1,1,-,-,-,-,-,-,-,-
,18 a 64 anos,Total,346009,88882,56745,144079,56302,51264,9929,7106,22341,11889,114791,22912,17430,52101,22349,109037,31419,19227,44450,13942,41351,13991,7382,15425,4554,17155,5961,3121,5568,2506,4882,1965,936,1463,517,4253,1624,920,1428,280
,,Branca,80252,16093,11377,34588,18194,12892,1941,1412,5522,4018,27835,4167,3565,12872,7231,24458,5755,3786,10327,4590,8429,2297,1423,3451,1259,3886,1056,646,1443,741,968,292,175,281,220,915,314,153,383,64
,,Preta,40336,13017,6537,15254,5528,5708,1456,863,2325,1064,12693,3367,1993,5248,2085,12900,4503,2189,4805,1403,5279,2049,828,1852,550,2078,938,330,552,257,701,310,185,163,43,626,267,107,183,69
,,Amarela,546,77,85,276,109,66,13,-,22,31,166,20,22,88,37,218,18,27,131,41,57,13,21,23,-,35,13,12,10,-,-,-,-,-,-,3,-,3,-,-
,,Parda,221864,58432,38142,93019,32271,31974,6325,4701,14218,6730,73321,15063,11695,33632,12932,70691,20813,13097,28925,7855,27082,9348,4995,10016,2723,10993,3878,2089,3522,1503,3173,1344,570,1010,250,2685,1041,636,862,146
,,Indígena,3012,1264,605,942,200,624,195,130,254,46,775,295,155,261,64,772,330,128,261,53,504,284,115,83,22,163,75,43,41,5,39,19,6,9,5,24,2,21,1,-
,65 anos ou mais,Total,7650,4622,679,1241,1108,1182,656,99,210,218,2366,1159,276,502,430,2234,1486,157,262,329,961,699,66,155,42,552,366,49,53,85,83,64,-,14,5,36,15,-,21,-
,,Branca,2545,1305,287,463,490,438,190,54,96,97,862,399,125,156,183,720,425,42,122,131,260,157,36,54,14,171,80,21,10,60,23,9,-,9,5,-,-,-,-,-
,,Preta,1198,908,72,106,112,114,82,-,-,32,381,241,21,54,64,365,286,43,20,16,199,171,8,20,-,84,73,-,11,-,22,22,-,-,-,-,-,-,-,-
,,Amarela,-,-,-,-,-,-,-,-,-,-,-,-,-,-,-,-,-,-,-,-,-,-,-,-,-,-,-,-,-,-,-,-,-,-,-,-,-,-,-,-
,,Parda,3803,2306,318,672,506,609,362,44,114,88,1097,492,130,292,183,1132,758,73,120,182,464,335,21,80,28,296,212,28,31,25,38,32,-,6,-,36,15,-,21,-
,,Indígena,104,103,1,-,-,21,21,-,-,-,27,27,-,-,-,17,17,-,-,-,37,36,1,-,-,1,1,-,-,-,-,-,-,-,-,-,-,-,-,-
Teresina,Total,Total,498437,112520,72349,190960,122608,54613,11450,7971,21056,14135,126280,26080,17146,46573,36481,180399,40811,25556,69529,44504,91349,21672,14392,37246,18038,30982,8318,4841,11521,6303,4608,1353,591,1461,1202,4028,1328,822,1044,834
,,Branca,106484,16095,12268,39304,38817,11877,1985,1217,4625,4050,28068,3891,2880,9374,11923,39942,5659,4502,15050,14730,17760,2713,2390,7213,5444,5551,1134,750,1991,1676,1007,283,138,227,359,936,213,175,232,316
,,Preta,78983,22689,12569,29775,13949,7106,2040,1323,2446,1297,18296,5001,2894,6570,3831,29105,8508,4594,10828,5175,16332,4592,2493,6902,2344,5628,1677,881,2178,892,713,206,52,338,117,588,188,152,130,117
,,Amarela,460,127,31,148,154,96,7,-,23,65,107,63,2,11,31,120,37,29,54,-,99,-,-,41,58,38,19,-,19,-,-,-,-,-,-,-,-,-,-,-
,,Parda,312085,73465,47421,121626,69574,35490,7406,5399,13963,8722,79718,17100,11361,30603,20654,111088,26559,16431,43550,24548,57090,14319,9509,23090,10171,19706,5475,3210,7287,3735,2888,865,401,895,726,2484,927,475,682,401
,,Indígena,426,145,60,108,113,43,12,32,-,-,92,25,9,16,42,144,47,-,47,50,68,47,-,-,21,59,14,-,45,-,-,-,-,-,-,20,-,20,-,-
,10 a 17 anos,Total,5144,1634,3259,250,-,960,372,540,48,-,1600,650,917,33,-,1639,419,1103,116,-,592,143,427,22,-,239,20,193,26,-,20,20,-,-,-,37,-,31,6,-
,,Branca,961,277,631,53,-,162,48,114,-,-,202,61,134,8,-,417,148,229,40,-,112,7,105,-,-,29,4,25,-,-,9,9,-,-,-,30,-,24,6,-
,,Preta,795,219,525,50,-,79,23,30,26,-,320,148,168,3,-,231,34,197,-,-,63,11,51,-,-,73,-,53,20,-,4,4,-,-,-,-,-,-,-,-
,,Amarela,5,-,5,-,-,-,-,-,-,-,-,-,-,-,-,5,-,5,-,-,-,-,-,-,-,-,-,-,-,-,-,-,-,-,-,-,-,-,-,-
,,Parda,3382,1137,2098,147,-,720,301,397,21,-,1077,441,615,22,-,986,237,672,77,-,418,125,271,22,-,137,16,116,6,-,8,8,-,-,-,6,-,6,-,-
,,Indígena,-,-,-,-,-,-,-,-,-,-,-,-,-,-,-,-,-,-,-,-,-,-,-,-,-,-,-,-,-,-,-,-,-,-,-,-,-,-,-,-
,18 a 64 anos,Total,478985,104460,67706,187918,118901,52262,10359,7308,20754,13841,120526,23855,15821,45657,35193,173536,37917,23980,68527,43113,88844,20728,13770,36765,17581,29591,7717,4530,11255,6089,4464,1235,572,1455,1202,3813,1240,763,1015,795
,,Branca,101719,14715,11231,38400,37373,11262,1731,1085,4481,3965,26879,3580,2698,9079,11522,37917,5086,4022,14782,14027,17280,2567,2241,7108,5364,5196,1060,680,1911,1545,992,274,138,221,359,886,213,151,226,297
,,Preta,76090,21155,11960,29430,13545,6876,1929,1264,2385,1297,17460,4551,2726,6503,3681,28132,7984,4371,10757,5019,15878,4337,2442,6830,2269,5361,1542,829,2121,870,665,158,52,338,117,560,188,124,130,117
,,Amarela,455,127,26,148,154,96,7,-,23,65,107,63,2,11,31,115,37,24,54,-,99,-,-,41,58,38,19,-,19,-,-,-,-,-,-,-,-,-,-,-
,,Parda,300313,68335,44429,119832,67717,33985,6679,4927,13865,8514,76006,15653,10386,30050,19917,107229,24762,15563,42887,24017,55519,13777,9087,22785,9870,18937,5083,3021,7158,3675,2807,803,382,895,726,2347,839,468,659,381
,,Indígena,408,127,60,108,113,43,12,32,-,-,74,7,9,16,42,144,47,-,47,50,68,47,-,-,21,59,14,-,45,-,-,-,-,-,-,20,-,20,-,-
,65 anos ou mais,Total,14309,6426,1384,2792,3706,1390,719,122,254,294,4155,1576,408,883,1287,5224,2475,473,885,1391,1913,801,195,460,457,1152,581,118,240,214,123,98,19,6,-,178,88,28,23,39
,,Branca,3803,1102,406,850,1445,453,206,18,144,85,987,250,49,288,401,1608,425,251,228,704,368,140,44,104,80,325,69,45,80,131,6,-,-,6,-,20,-,-,-,20
,,Preta,2098,1315,83,295,404,152,88,29,34,-,516,302,-,64,150,743,490,26,70,156,392,244,-,72,76,194,135,-,37,22,44,44,-,-,-,28,-,28,-,-
,,Amarela,-,-,-,-,-,-,-,-,-,-,-,-,-,-,-,-,-,-,-,-,-,-,-,-,-,-,-,-,-,-,-,-,-,-,-,-,-,-,-,-
,,Parda,8390,3992,895,1647,1857,785,425,75,76,209,2634,1006,360,532,737,2873,1559,196,587,531,1153,418,151,283,301,632,376,73,123,60,73,54,19,-,-,131,88,-,23,20
,,Indígena,18,18,-,-,-,-,-,-,-,-,18,18,-,-,-,-,-,-,-,-,-,-,-,-,-,-,-,-,-,-,-,-,-,-,-,-,-,-,-,-
Parnaíba,Total,Total,159688,56173,24805,50573,28137,26848,7398,3410,9722,6317,54379,15672,7964,19047,11696,51772,21540,8638,14641,6952,15472,6853,2788,3951,1879,5157,2246,869,1282,760,1180,446,212,327,195,2167,782,465,770,150
,,Branca,41935,11654,6019,14024,10237,8051,1822,962,2821,2447,14629,3239,2035,5266,4088,12578,4099,1933,3973,2573,3687,1422,658,985,622,1416,581,187,382,267,410,116,58,126,111,545,136,84,256,68
,,Preta,15298,6585,2358,4578,1778,2243,911,268,754,310,5141,1940,704,1668,829,5116,2375,790,1535,417,1719,816,316,428,159,524,258,175,64,26,103,48,17,28,11,187,66,55,56,10
,,Amarela,212,78,28,50,56,47,21,-,11,16,82,16,17,20,30,37,18,-,19,-,1,1,-,-,-,28,17,11,-,-,-,-,-,-,-,6,6,-,-,-
,,Parda,101843,37722,16296,31832,15993,16443,4630,2146,6137,3529,34408,10441,5177,12073,6717,33882,14977,5894,9064,3946,10042,4609,1812,2530,1091,3170,1386,481,836,467,655,282,138,161,74,1428,574,325,458,71
,,Indígena,399,134,104,89,72,65,15,34,-,16,118,35,31,19,32,158,71,21,50,16,23,5,3,7,7,20,4,16,-,-,12,-,-,12,-,-,-,-,-,-
,10 a 17 anos,Total,2342,1126,1127,89,-,522,255,224,43,-,836,387,428,20,-,716,354,348,15,-,183,86,86,11,-,41,24,18,-,-,3,3,-,-,-,4,-,4,-,-
,,Branca,650,276,358,17,-,144,41,92,11,-,274,120,148,6,-,169,65,104,-,-,40,26,14,-,-,12,12,-,-,-,-,-,-,-,-,-,-,-,-,-
,,Preta,230,110,110,11,-,14,-,7,7,-,99,57,42,-,-,58,29,26,4,-,32,17,15,-,-,13,4,9,-,-,-,-,-,-,-,-,-,-,-,-
,,Amarela,-,-,-,-,-,-,-,-,-,-,-,-,-,-,-,-,-,-,-,-,-,-,-,-,-,-,-,-,-,-,-,-,-,-,-,-,-,-,-,-
,,Parda,1462,741,660,61,-,364,214,125,25,-,463,210,239,14,-,488,260,218,11,-,111,42,57,11,-,17,8,9,-,-,3,3,-,-,-,4,-,4,-,-
,,Indígena,-,-,-,-,-,-,-,-,-,-,-,-,-,-,-,-,-,-,-,-,-,-,-,-,-,-,-,-,-,-,-,-,-,-,-,-,-,-,-,-
,18 a 64 anos,Total,153523,52586,23438,49894,27605,25679,6762,3141,9530,6245,52066,14485,7405,18793,11383,49890,20328,8258,14463,6841,14942,6509,2670,3911,1852,4998,2114,851,1282,752,1177,443,212,327,195,2152,772,461,770,150
,,Branca,40093,10726,5586,13758,10023,7604,1645,842,2732,2384,13880,2911,1853,5163,3953,12102,3812,1826,3905,2559,3572,1339,635,979,618,1374,539,187,382,267,410,116,58,126,111,545,136,84,256,68
,,Preta,14743,6230,2242,4512,1758,2189,888,254,738,310,4928,1787,662,1659,820,4942,2260,764,1501,417,1662,790,301,422,149,505,248,166,64,26,103,48,17,28,11,176,55,55,56,10
,,Amarela,210,76,28,50,56,44,18,-,11,16,82,16,17,20,30,37,18,-,19,-,1,1,-,-,-,28,17,11,-,-,-,-,-,-,-,6,6,-,-,-
,,Parda,98079,35420,15478,31485,15696,15777,4197,2011,6050,3519,33058,9735,4842,11931,6549,32651,14167,5647,8989,3849,9684,4373,1732,2502,1078,3072,1307,472,836,458,652,279,138,161,74,1424,574,321,458,71
,,Indígena,399,134,104,89,72,65,15,34,-,16,118,35,31,19,32,158,71,21,50,16,23,5,3,7,7,20,4,16,-,-,12,-,-,12,-,-,-,-,-,-
,65 anos ou mais,Total,3823,2461,240,590,532,648,381,45,149,73,1476,800,131,234,312,1166,859,32,164,111,347,258,32,30,27,118,109,-,-,9,-,-,-,-,-,11,11,-,-,-
,,Branca,1192,653,75,249,215,304,135,28,78,62,475,208,35,97,135,307,222,3,68,14,75,56,9,6,4,30,30,-,-,-,-,-,-,-,-,-,-,-,-,-
,,Preta,326,245,7,55,20,39,23,7,9,-,114,95,-,9,10,116,86,-,30,-,25,8,-,7,10,7,7,-,-,-,-,-,-,-,-,11,11,-,-,-
,,Amarela,3,3,-,-,-,3,3,-,-,-,-,-,-,-,-,-,-,-,-,-,-,-,-,-,-,-,-,-,-,-,-,-,-,-,-,-,-,-,-,-
,,Parda,2302,1561,158,285,297,302,219,10,62,10,887,496,96,128,168,743,551,29,65,98,247,194,23,17,13,81,72,-,-,9,-,-,-,-,-,-,-,-,-,-
,,Indígena,-,-,-,-,-,-,-,-,-,-,-,-,-,-,-,-,-,-,-,-,-,-,-,-,-,-,-,-,-,-,-,-,-,-,-,-,-,-,-,-
Picos,Total,Total,112369,35442,17041,36166,23719,23783,5567,3571,8426,6218,38609,11193,5581,12781,9054,32716,12442,5226,9706,5341,10754,3826,1609,3239,2080,3100,1065,433,936,666,899,296,134,361,108,1281,465,300,396,120
,,Branca,33296,8823,4258,10993,9221,7560,1641,920,2722,2276,11577,2764,1487,3795,3532,9156,3018,1153,2867,2117,3061,849,377,1006,829,984,233,165,287,298,330,74,47,162,47,316,104,77,92,43
,,Preta,14570,5632,2387,4533,2018,3051,909,546,1029,567,4806,1907,574,1476,848,4238,1770,821,1300,348,1458,614,242,428,174,479,211,65,156,47,122,29,18,53,23,218,85,69,57,8
,,Amarela,65,29,12,20,3,17,7,6,-,3,30,4,6,20,-,16,16,-,-,-,2,2,-,-,-,-,-,-,-,-,-,-,-,-,-,-,-,-,-,-
,,Parda,64315,20880,10384,20583,12468,13140,3010,2099,4659,3372,22166,6506,3514,7479,4666,19252,7594,3253,5529,2876,6219,2346,991,1805,1077,1638,621,203,493,321,447,193,70,146,38,738,268,154,246,69
,,Indígena,123,78,-,36,8,16,-,-,16,-,30,12,-,10,8,54,43,-,10,-,15,15,-,-,-,-,-,-,-,-,-,-,-,-,-,8,8,-,-,-
,10 a 17 anos,Total,2067,990,1019,58,-,608,237,354,18,-,666,302,333,30,-,577,299,271,7,-,157,128,26,3,-,29,17,13,-,-,7,-,7,-,-,-,-,-,-,-
,,Branca,502,209,277,16,-,158,71,87,-,-,188,66,108,15,-,117,52,63,2,-,28,18,10,-,-,6,3,3,-,-,-,-,-,-,-,-,-,-,-,-
,,Preta,276,127,149,-,-,96,51,45,-,-,77,41,36,-,-,85,28,57,-,-,4,4,-,-,-,10,3,8,-,-,-,-,-,-,-,-,-,-,-,-
,,Amarela,-,-,-,-,-,-,-,-,-,-,-,-,-,-,-,-,-,-,-,-,-,-,-,-,-,-,-,-,-,-,-,-,-,-,-,-,-,-,-,-
,,Parda,1289,654,593,42,-,354,115,221,18,-,401,196,189,15,-,376,219,151,5,-,126,106,16,3,-,13,11,2,-,-,7,-,7,-,-,-,-,-,-,-
,,Indígena,-,-,-,-,-,-,-,-,-,-,-,-,-,-,-,-,-,-,-,-,-,-,-,-,-,-,-,-,-,-,-,-,-,-,-,-,-,-,-,-
,18 a 64 anos,Total,108016,32919,15851,35844,23403,22651,4999,3202,8365,6085,37232,10443,5171,12655,8963,31459,11637,4912,9620,5290,10321,3511,1564,3203,2043,3015,1014,406,931,664,882,291,124,359,108,1281,465,300,396,120
,,Branca,31961,8120,3902,10872,9066,7199,1452,825,2713,2209,11074,2527,1323,3740,3485,8824,2828,1079,2821,2096,2961,792,363,997,809,964,216,162,287,298,325,69,47,162,47,316,104,77,92,43
,,Preta,14039,5283,2232,4525,1998,2888,801,500,1029,558,4651,1800,538,1472,841,4075,1677,757,1295,345,1439,595,242,428,174,452,192,57,156,47,122,29,18,53,23,218,85,69,57,8
,,Amarela,63,27,12,20,3,17,7,6,-,3,30,4,6,20,-,16,16,-,-,-,-,-,-,-,-,-,-,-,-,-,-,-,-,-,-,-,-,-,-,-
,,Parda,61834,19413,9704,20390,12326,12533,2740,1869,4608,3315,21450,6104,3304,7413,4629,18489,7072,3076,5493,2848,5906,2108,960,1778,1061,1599,606,187,487,318,435,193,60,144,38,738,268,154,246,69
,,Indígena,119,75,-,36,8,16,-,-,16,-,27,8,-,10,8,54,43,-,10,-,15,15,-,-,-,-,-,-,-,-,-,-,-,-,-,8,8,-,-,-
,65 anos ou mais,Total,2286,1533,172,264,317,523,331,15,43,133,711,448,77,96,91,680,506,43,79,51,276,187,19,34,36,56,34,14,5,3,10,5,3,2,-,-,-,-,-,-
,,Branca,833,494,79,105,155,203,118,7,10,67,315,172,56,41,47,215,138,11,45,21,72,38,4,9,20,14,14,-,-,-,5,5,-,-,-,-,-,-,-,-
,,Preta,256,221,6,8,20,67,57,-,-,10,78,66,-,4,8,78,64,6,5,3,14,14,-,-,-,16,16,-,-,-,-,-,-,-,-,-,-,-,-,-
,,Amarela,2,2,-,-,-,-,-,-,-,-,-,-,-,-,-,-,-,-,-,-,2,2,-,-,-,-,-,-,-,-,-,-,-,-,-,-,-,-,-,-
,,Parda,1192,813,87,151,141,253,156,8,33,56,315,206,21,51,37,387,303,26,30,28,187,132,15,24,16,26,4,14,5,3,5,-,3,2,-,-,-,-,-,-
,,Indígena,3,3,-,-,-,-,-,-,-,-,3,3,-,-,-,-,-,-,-,-,-,-,-,-,-,-,-,-,-,-,-,-,-,-,-,-,-,-,-,-
São Raimundo Nonato,Total,Total,37906,11602,6077,12563,7664,8821,1965,1293,3216,2346,13321,3460,2082,4559,3219,9514,4024,1653,2587,1251,4041,1413,606,1432,590,1260,405,251,441,162,193,60,41,84,8,389,148,83,126,33
,,Branca,9376,2431,1267,3327,2351,2558,473,353,963,769,3284,796,367,1135,986,2117,754,318,708,336,940,261,146,330,202,237,45,40,120,32,29,17,6,6,-,116,51,19,32,13
,,Preta,5449,2122,830,1627,870,1158,323,123,459,254,1615,514,308,454,339,1617,848,235,363,171,724,294,132,211,86,163,79,13,58,13,39,13,-,18,8,96,39,12,44,-
,,Amarela,65,13,17,7,29,10,-,3,7,-,56,13,14,-,29,-,-,-,-,-,-,-,-,-,-,-,-,-,-,-,-,-,-,-,-,-,-,-,-,-
,,Parda,22922,7002,3942,7579,4399,5084,1169,803,1788,1324,8327,2135,1383,2959,1850,5737,2392,1100,1502,744,2377,858,327,890,303,860,282,198,263,117,125,30,36,59,-,178,58,51,49,19
,,Indígena,93,33,22,23,15,11,-,11,-,-,39,2,11,11,15,43,31,-,12,-,-,-,-,-,-,-,-,-,-,-,-,-,-,-,-,-,-,-,-,-
,10 a 17 anos,Total,670,349,310,11,-,288,150,129,9,-,211,100,111,-,-,128,71,56,-,-,36,22,11,3,-,-,-,-,-,-,3,3,-,-,-,3,3,-,-,-
,,Branca,142,86,49,6,-,57,38,16,3,-,59,37,22,-,-,13,6,7,-,-,7,2,2,3,-,-,-,-,-,-,-,-,-,-,-,3,3,-,-,-
,,Preta,58,30,28,-,-,13,7,5,-,-,19,12,7,-,-,24,8,16,-,-,2,2,-,-,-,-,-,-,-,-,-,-,-,-,-,-,-,-,-,-
,,Amarela,-,-,-,-,-,-,-,-,-,-,-,-,-,-,-,-,-,-,-,-,-,-,-,-,-,-,-,-,-,-,-,-,-,-,-,-,-,-,-,-
,,Parda,470,232,233,5,-,218,105,108,5,-,132,50,82,-,-,91,57,34,-,-,27,18,9,-,-,-,-,-,-,-,3,3,-,-,-,-,-,-,-,-
,,Indígena,-,-,-,-,-,-,-,-,-,-,-,-,-,-,-,-,-,-,-,-,-,-,-,-,-,-,-,-,-,-,-,-,-,-,-,-,-,-,-,-
,18 a 64 anos,Total,36506,10820,5622,12470,7594,8375,1738,1136,3179,2323,12801,3158,1942,4521,3180,9237,3837,1579,2577,1244,3918,1356,545,1426,590,1236,402,230,441,162,190,57,41,84,8,386,145,83,126,33
,,Branca,8959,2188,1165,3288,2318,2417,399,326,947,745,3139,695,345,1118,980,2054,704,311,706,333,888,250,109,328,202,227,42,33,120,32,29,17,6,6,-,112,48,19,32,13
,,Preta,5293,2017,786,1620,870,1128,299,117,459,254,1555,477,292,447,339,1561,815,212,363,171,713,284,132,211,86,163,79,13,58,13,39,13,-,18,8,96,39,12,44,-
,,Amarela,65,13,17,7,29,10,-,3,7,-,56,13,14,-,29,-,-,-,-,-,-,-,-,-,-,-,-,-,-,-,-,-,-,-,-,-,-,-,-,-
,,Parda,22095,6568,3632,7532,4362,4808,1040,678,1767,1324,8013,1971,1280,2945,1817,5579,2288,1056,1495,740,2317,823,304,887,303,846,282,184,263,117,123,28,36,59,-,178,58,51,49,19
,,Indígena,93,33,22,23,15,11,-,11,-,-,39,2,11,11,15,43,31,-,12,-,-,-,-,-,-,-,-,-,-,-,-,-,-,-,-,-,-,-,-,-
,65 anos ou mais,Total,729,433,145,82,69,157,77,28,29,23,309,203,29,37,39,149,116,17,10,7,87,34,50,3,-,24,3,21,-,-,-,-,-,-,-,-,-,-,-,-
,,Branca,275,157,53,32,32,83,36,11,13,23,86,64,-,17,6,50,44,-,3,3,45,9,35,-,-,11,3,7,-,-,-,-,-,-,-,-,-,-,-,-
,,Preta,97,75,15,7,-,17,17,-,-,-,41,25,9,7,-,31,25,7,-,-,8,8,-,-,-,-,-,-,-,-,-,-,-,-,-,-,-,-,-,-
,,Amarela,-,-,-,-,-,-,-,-,-,-,-,-,-,-,-,-,-,-,-,-,-,-,-,-,-,-,-,-,-,-,-,-,-,-,-,-,-,-,-,-
,,Parda,357,201,77,42,37,57,24,17,15,-,181,114,21,13,34,68,47,10,7,3,34,16,15,3,-,14,-,14,-,-,-,-,-,-,-,-,-,-,-,-
,,Indígena,-,-,-,-,-,-,-,-,-,-,-,-,-,-,-,-,-,-,-,-,-,-,-,-,-,-,-,-,-,-,-,-,-,-,-,-,-,-,-,-
Corrente - Bom Jesus,Total,Total,42952,12018,7262,14986,8686,8812,1687,1205,3402,2518,14358,3303,2208,5382,3465,11895,3997,2378,3856,1664,4686,1866,803,1405,612,2061,774,433,592,262,590,193,120,192,85,345,160,54,105,26
,,Branca,7078,1460,995,2532,2090,1693,237,184,700,572,2516,435,294,883,905,1584,413,316,495,361,701,239,95,250,117,367,95,64,129,78,116,24,20,44,27,60,6,18,27,10
,,Preta,7007,2108,1301,2389,1210,1341,282,300,379,381,2274,631,316,937,390,2066,699,435,617,315,821,311,123,286,101,286,98,71,112,6,109,43,25,31,11,75,45,11,20,-
,,Amarela,24,11,-,5,8,8,-,-,-,8,7,5,-,2,-,6,6,-,-,-,-,-,-,-,-,-,-,-,-,-,3,-,-,3,-,-,-,-,-,-
,,Parda,28708,8379,4962,10000,5367,5745,1162,722,2304,1557,9521,2219,1598,3543,2161,8195,2856,1627,2725,986,3160,1317,581,869,393,1389,567,299,345,178,363,126,76,115,47,206,105,25,59,16
,,Indígena,135,59,4,61,11,25,6,-,20,-,39,14,-,17,9,44,22,-,19,3,4,-,4,-,-,19,14,-,5,-,-,-,-,-,-,4,4,-,-,-
,10 a 17 anos,Total,1001,532,449,20,-,188,81,107,-,-,366,189,166,11,-,326,179,145,2,-,79,54,18,6,-,33,20,13,-,-,-,-,-,-,-,3,3,-,-,-
,,Branca,182,104,78,-,-,36,19,17,-,-,94,55,39,-,-,26,6,21,-,-,19,17,2,-,-,2,2,-,-,-,-,-,-,-,-,-,-,-,-,-
,,Preta,164,104,42,17,-,30,25,5,-,-,67,32,24,11,-,61,48,13,-,-,6,-,-,6,-,-,-,-,-,-,-,-,-,-,-,-,-,-,-,-
,,Amarela,-,-,-,-,-,-,-,-,-,-,-,-,-,-,-,-,-,-,-,-,-,-,-,-,-,-,-,-,-,-,-,-,-,-,-,-,-,-,-,-
,,Parda,655,324,329,2,-,123,37,85,-,-,206,102,104,-,-,239,126,111,2,-,53,37,17,-,-,31,18,13,-,-,-,-,-,-,-,3,3,-,-,-
,,Indígena,-,-,-,-,-,-,-,-,-,-,-,-,-,-,-,-,-,-,-,-,-,-,-,-,-,-,-,-,-,-,-,-,-,-,-,-,-,-,-,-
,18 a 64 anos,Total,41115,11016,6684,14853,8562,8404,1515,1057,3355,2477,13724,2970,1999,5318,3437,11366,3693,2211,3851,1611,4528,1755,776,1388,610,1986,722,411,592,262,587,190,120,192,85,329,147,51,105,26
,,Branca,6682,1313,872,2472,2024,1603,212,160,666,564,2353,370,229,859,894,1506,400,295,495,316,671,214,93,248,115,343,81,55,129,78,116,24,20,44,27,57,6,14,27,10
,,Preta,6656,1881,1209,2369,1197,1253,237,263,379,375,2173,564,293,926,390,1948,612,413,614,308,778,283,114,280,101,286,98,71,112,6,109,43,25,31,11,75,45,11,20,-
,,Amarela,24,11,-,5,8,8,-,-,-,8,7,5,-,2,-,6,6,-,-,-,-,-,-,-,-,-,-,-,-,-,3,-,-,3,-,-,-,-,-,-
,,Parda,27617,7752,4598,9946,5321,5515,1060,634,2291,1530,9152,2017,1477,3514,2143,7862,2653,1502,2723,984,3075,1258,565,859,393,1338,530,285,345,178,360,123,76,115,47,192,92,25,59,16
,,Indígena,135,59,4,61,11,25,6,-,20,-,39,14,-,17,9,44,22,-,19,3,4,-,4,-,-,19,14,-,5,-,-,-,-,-,-,4,4,-,-,-
,65 anos ou mais,Total,837,470,129,113,124,220,91,41,47,41,268,144,42,52,29,203,124,23,3,52,79,57,9,11,2,42,32,10,-,-,3,3,-,-,-,14,10,3,-,-
,,Branca,214,44,45,59,66,55,6,7,34,8,70,10,26,24,11,52,7,-,-,44,11,8,-,1,2,22,13,9,-,-,-,-,-,-,-,3,-,3,-,-
,,Preta,188,122,50,3,12,58,21,31,-,6,35,35,-,-,-,58,39,9,3,6,37,28,9,-,-,-,-,-,-,-,-,-,-,-,-,-,-,-,-,-
,,Amarela,-,-,-,-,-,-,-,-,-,-,-,-,-,-,-,-,-,-,-,-,-,-,-,-,-,-,-,-,-,-,-,-,-,-,-,-,-,-,-,-
,,Parda,436,304,35,51,46,107,64,3,13,27,163,100,17,29,18,94,78,14,-,2,31,21,-,10,-,20,19,1,-,-,3,3,-,-,-,10,10,-,-,-
,,Indígena,-,-,-,-,-,-,-,-,-,-,-,-,-,-,-,-,-,-,-,-,-,-,-,-,-,-,-,-,-,-,-,-,-,-,-,-,-,-,-,-
Floriano,Total,Total,63265,18592,10022,21924,12728,12022,2470,1452,4592,3508,22614,5238,3425,8546,5406,17095,6057,3088,5633,2317,6338,2768,1086,1729,754,2826,1024,566,782,455,821,341,112,253,115,615,263,125,130,97
,,Branca,11609,2638,1656,4053,3262,2526,351,216,988,971,4245,699,599,1530,1416,2717,818,535,846,518,1142,438,165,368,171,531,160,63,176,132,137,46,18,53,20,108,40,24,14,29
,,Preta,11597,3944,1890,3939,1824,1992,517,255,747,473,4189,1205,670,1610,704,3511,1378,651,1003,480,1137,506,189,369,73,435,177,72,112,73,137,76,11,48,2,86,39,18,16,13
,,Amarela,71,20,8,40,3,3,-,3,-,-,43,15,5,24,-,16,-,-,13,3,10,6,-,4,-,-,-,-,-,-,-,-,-,-,-,-,-,-,-,-
,,Parda,39757,11920,6414,13824,7600,7478,1600,978,2854,2045,14071,3319,2131,5346,3276,10765,3839,1869,3748,1309,4030,1806,732,987,505,1834,666,431,487,250,547,219,82,152,93,412,174,83,100,55
,,Indígena,231,69,54,67,40,23,2,-,2,19,66,-,20,36,10,85,23,34,23,6,19,14,-,-,5,27,20,-,7,-,-,-,-,-,-,10,10,-,-,-
,10 a 17 anos,Total,983,497,455,31,-,226,122,100,4,-,385,184,185,16,-,265,135,123,7,-,71,39,29,3,-,27,14,13,-,-,-,-,-,-,-,-,-,-,-,-
,,Branca,206,116,82,8,-,30,14,17,-,-,114,68,38,8,-,25,13,12,-,-,20,9,11,-,-,9,9,-,-,-,-,-,-,-,-,-,-,-,-,-
,,Preta,123,68,53,3,-,21,13,8,-,-,44,29,15,-,-,42,17,25,-,-,11,4,4,3,-,5,5,-,-,-,-,-,-,-,-,-,-,-,-,-
,,Amarela,-,-,-,-,-,-,-,-,-,-,-,-,-,-,-,-,-,-,-,-,-,-,-,-,-,-,-,-,-,-,-,-,-,-,-,-,-,-,-,-
,,Parda,653,313,320,20,-,174,95,75,4,-,226,87,131,8,-,198,105,86,7,-,40,25,15,-,-,13,-,13,-,-,-,-,-,-,-,-,-,-,-,-
,,Indígena,-,-,-,-,-,-,-,-,-,-,-,-,-,-,-,-,-,-,-,-,-,-,-,-,-,-,-,-,-,-,-,-,-,-,-,-,-,-,-,-
,18 a 64 anos,Total,60597,17114,9439,21607,12438,11473,2201,1343,4510,3419,21616,4802,3178,8388,5248,16373,5578,2922,5588,2286,6128,2608,1049,1720,751,2729,947,552,775,455,805,329,112,249,115,602,263,125,127,87
,,Branca,11010,2408,1529,3953,3120,2427,329,194,981,923,3930,594,537,1456,1344,2621,780,512,827,501,1077,392,149,368,168,514,144,63,176,132,137,46,18,53,20,108,40,24,14,29
,,Preta,11259,3696,1837,3908,1818,1902,466,246,719,470,4086,1121,655,1610,701,3399,1290,626,1003,480,1117,492,185,366,73,423,166,72,112,73,137,76,11,48,2,86,39,18,16,13
,,Amarela,69,18,8,40,3,3,-,3,-,-,40,12,5,24,-,16,-,-,13,3,10,6,-,4,-,-,-,-,-,-,-,-,-,-,-,-,-,-,-,-
,,Parda,38058,10936,6021,13644,7457,7117,1404,899,2807,2007,13493,3075,1961,5263,3194,10275,3497,1760,3722,1296,3905,1704,714,982,505,1772,617,417,487,250,532,207,82,149,93,399,174,83,97,45
,,Indígena,202,57,44,61,40,23,2,-,2,19,66,-,20,36,10,63,10,24,23,6,19,14,-,-,5,20,20,-,-,-,-,-,-,-,-,10,10,-,-,-
,65 anos ou mais,Total,1685,981,127,286,291,324,147,10,77,89,613,251,63,142,158,456,344,44,38,31,138,122,8,5,3,70,63,-,7,-,15,12,-,4,-,13,-,-,3,10
,,Branca,393,114,45,92,142,69,9,5,7,48,200,37,23,67,73,72,25,11,19,17,44,36,5,-,3,7,7,-,-,-,-,-,-,-,-,-,-,-,-,-
,,Preta,215,181,-,28,6,69,38,-,28,3,59,55,-,-,3,71,71,-,-,-,10,10,-,-,-,7,7,-,-,-,-,-,-,-,-,-,-,-,-,-
,,Amarela,3,3,-,-,-,-,-,-,-,-,3,3,-,-,-,-,-,-,-,-,-,-,-,-,-,-,-,-,-,-,-,-,-,-,-,-,-,-,-,-
,,Parda,1046,671,73,159,143,186,100,5,43,38,352,156,39,75,82,292,236,22,19,14,84,76,3,5,-,49,49,-,-,-,15,12,-,4,-,13,-,-,3,10
,,Indígena,29,12,10,7,-,-,-,-,-,-,-,-,-,-,-,22,12,10,-,-,-,-,-,-,-,7,-,-,7,-,-,-,-,-,-,-,-,-,-,-
Fortaleza,Total,Total,1508150,301202,231284,666393,309272,139005,28869,23442,60185,26509,319026,61572,47885,138818,70751,467589,97351,69688,203137,97414,362675,64557,51443,168635,78041,181252,39419,31281,80672,29879,15799,4435,3088,5738,2538,3969,916,546,1328,1178
,,Branca,422064,60140,51950,179777,130197,37922,6205,5369,16449,9898,89401,12150,10893,37111,29247,132783,19023,15568,54895,43297,102946,12910,11330,45620,33085,48647,7937,7049,21678,11983,3630,783,634,1462,751,1159,203,89,336,531
,,Preta,130196,36866,22284,53586,17460,11229,3439,1981,4227,1581,26723,7218,4535,10826,4144,38480,11189,6563,15981,4747,32032,8423,4975,14101,4534,18402,5431,3577,7397,1997,1466,509,340,388,229,285,171,45,60,10
,,Amarela,1991,341,372,872,406,201,55,35,111,-,329,74,64,144,46,794,127,118,338,211,335,47,112,91,84,272,18,21,168,64,-,-,-,-,-,-,-,-,-,-
,,Parda,947082,202221,155474,429137,160249,89019,19071,15943,39167,14839,201293,41879,32213,90138,37062,293312,66315,47030,131043,48924,225660,42824,34736,107962,40139,113155,25842,20459,51080,15773,10541,3102,2093,3799,1546,2517,543,411,926,638
,,Indígena,6818,1633,1203,3021,960,635,99,114,231,191,1281,250,180,599,252,2221,697,409,880,235,1703,353,290,861,199,777,191,175,349,62,162,40,21,88,12,8,-,1,7,-
,10 a 17 anos,Total,13805,4310,8472,1023,-,2512,958,1402,152,-,3769,1247,2256,265,-,3829,1074,2556,199,-,2111,542,1301,268,-,1183,328,722,133,-,78,-,73,6,-,36,21,15,-,-
,,Branca,3659,985,2259,415,-,716,166,466,84,-,767,268,422,77,-,1135,288,783,64,-,566,124,340,101,-,355,98,170,88,-,10,-,10,-,-,-,-,-,-,-
,,Preta,1213,424,714,76,-,139,55,84,-,-,512,125,315,71,-,172,50,122,-,-,225,88,133,4,-,94,35,59,-,-,-,-,-,-,-,-,-,-,-,-
,,Amarela,38,23,15,-,-,8,-,8,-,-,7,-,7,-,-,23,23,-,-,-,-,-,-,-,-,-,-,-,-,-,-,-,-,-,-,-,-,-,-,-
,,Parda,8836,2872,5437,526,-,1616,736,813,67,-,2476,849,1510,117,-,2480,712,1639,129,-,1318,330,826,162,-,733,195,493,45,-,68,-,62,6,-,36,21,15,-,-
,,Indígena,59,7,47,6,-,32,-,32,-,-,8,6,2,-,-,19,1,12,6,-,1,-,1,-,-,-,-,-,-,-,-,-,-,-,-,-,-,-,-,-
,18 a 64 anos,Total,1457462,282126,218415,657229,299692,132951,26344,21663,59102,25842,307471,57101,44937,136923,68510,452120,91833,65920,200351,94016,352546,61004,48931,166641,75969,175731,37235,29976,79571,28948,15284,4208,2928,5661,2486,3777,797,522,1307,1152
,,Branca,404255,55404,48202,175969,124680,36018,5593,4801,16030,9594,85660,10948,10324,36426,27961,126818,17699,14288,53498,41333,99132,12062,10523,44711,31836,46941,7367,6667,21396,11510,3527,755,590,1462,720,1112,193,89,325,505
,,Preta,125925,34716,21130,52958,17121,10675,3123,1866,4140,1546,25720,6797,4198,10682,4043,37484,10629,6322,15865,4669,31080,7922,4683,14005,4469,17817,5197,3460,7223,1937,1413,486,310,388,229,285,171,45,60,10
,,Amarela,1927,302,357,862,406,193,55,27,111,-,322,74,57,144,46,755,88,118,338,211,335,47,112,91,84,262,18,21,159,64,-,-,-,-,-,-,-,-,-,-
,,Parda,918690,190109,147592,424441,156548,85484,17481,14889,38590,14524,194505,39036,30188,89072,36208,284898,62743,44796,129792,47568,220301,40623,33324,106973,39381,109945,24464,19662,50444,15375,10182,2926,2007,3723,1526,2372,433,386,915,638
,,Indígena,6665,1594,1135,2999,937,581,92,79,231,178,1264,245,169,599,252,2165,675,397,858,235,1699,350,289,861,199,766,189,166,349,62,162,40,21,88,12,8,-,1,7,-
,65 anos ou mais,Total,36883,14766,4396,8141,9580,3542,1568,377,930,667,7786,3224,692,1630,2241,11641,4444,1212,2587,3398,8019,3011,1210,1726,2071,4338,1856,583,968,931,437,227,87,71,52,155,99,10,21,26
,,Branca,14150,3750,1490,3393,5517,1187,447,102,335,303,2974,934,146,608,1287,4829,1037,497,1332,1964,3248,724,467,807,1249,1350,472,212,194,473,93,28,34,-,31,47,10,-,11,26
,,Preta,3057,1726,440,552,339,414,261,31,86,36,491,296,22,73,101,824,510,119,116,78,727,412,158,92,65,491,199,58,174,60,53,23,30,-,-,-,-,-,-,-
,,Amarela,26,16,-,10,-,-,-,-,-,-,-,-,-,-,-,16,16,-,-,-,-,-,-,-,-,10,-,-,10,-,-,-,-,-,-,-,-,-,-,-
,,Parda,19556,9240,2445,4169,3701,1919,854,241,509,315,4312,1994,515,950,853,5934,2860,596,1123,1356,4041,1872,585,827,758,2476,1183,304,591,398,291,176,23,71,21,109,89,10,11,-
,,Indígena,93,33,22,16,23,22,6,3,-,13,9,-,9,-,-,37,21,-,16,-,3,3,-,-,-,11,2,9,-,-,-,-,-,-,-,-,-,-,-,-
Quixadá,Total,Total,227900,63074,36196,91615,37014,49040,10833,6738,20684,10785,86626,21342,13278,36919,15087,60623,20702,10824,22207,6890,19264,6106,3235,7145,2778,5915,1847,922,2186,960,2485,936,395,890,264,1676,572,374,623,107
,,Branca,66383,15291,8881,27515,14697,15601,2746,1895,6506,4454,25506,5215,3084,11291,5915,16218,4912,2551,6243,2511,5255,1311,739,1998,1207,1776,497,228,648,403,795,247,118,292,138,444,118,137,171,18
,,Preta,17869,6849,2867,6103,2051,3799,1198,484,1486,632,6598,2212,1172,2362,851,4844,2262,686,1532,364,1611,724,351,401,135,519,247,84,130,58,195,110,32,53,-,110,50,11,49,-
,,Amarela,265,80,27,136,23,30,-,2,16,12,73,10,9,49,5,97,32,-,62,3,41,25,16,-,-,-,-,-,-,-,2,-,-,-,2,19,9,-,9,-
,,Parda,143269,40834,24389,57824,20222,29581,6883,4345,12665,5687,54414,13891,9013,23195,8315,39430,13493,7571,14366,4000,12358,4046,2130,4746,1436,3616,1103,605,1408,499,1483,579,245,545,113,1104,395,225,394,89
,,Indígena,114,21,33,38,21,30,6,12,11,-,35,13,-,22,-,34,2,16,4,11,-,-,-,-,-,5,-,5,-,-,10,-,-,-,10,-,-,-,-,-
,10 a 17 anos,Total,2362,896,1313,153,-,529,194,290,45,-,893,295,517,82,-,682,316,352,15,-,184,71,112,-,-,29,7,11,11,-,6,-,6,-,-,-,-,-,-,-
,,Branca,584,244,317,23,-,140,58,81,-,-,207,72,112,23,-,178,103,76,-,-,43,11,32,-,-,-,-,-,-,-,-,-,-,-,-,-,-,-,-,-
,,Preta,170,80,77,12,-,25,-,25,-,-,69,28,40,1,-,35,29,6,-,-,29,23,6,-,-,11,-,-,11,-,-,-,-,-,-,-,-,-,-,-
,,Amarela,-,-,-,-,-,-,-,-,-,-,-,-,-,-,-,-,-,-,-,-,-,-,-,-,-,-,-,-,-,-,-,-,-,-,-,-,-,-,-,-
,,Parda,1609,572,919,118,-,365,136,184,45,-,617,194,365,58,-,469,185,270,15,-,111,38,74,-,-,18,7,11,-,-,6,-,6,-,-,-,-,-,-,-
,,Indígena,-,-,-,-,-,-,-,-,-,-,-,-,-,-,-,-,-,-,-,-,-,-,-,-,-,-,-,-,-,-,-,-,-,-,-,-,-,-,-,-
,18 a 64 anos,Total,220837,59060,34595,90866,36315,47360,9947,6379,20477,10556,84004,19948,12692,36574,14790,58676,19413,10357,22110,6795,18752,5812,3112,7100,2729,5807,1793,911,2175,928,2430,915,374,877,264,1659,563,366,623,107
,,Branca,64071,14046,8467,27216,14341,15078,2497,1781,6446,4353,24631,4780,2943,11126,5782,15554,4460,2449,6200,2445,5113,1255,706,1978,1173,1746,490,228,648,380,787,247,118,284,138,430,112,129,171,18
,,Preta,17277,6398,2772,6075,2032,3678,1115,451,1481,630,6357,2049,1123,2350,834,4710,2134,679,1532,364,1543,663,345,401,135,495,234,84,119,58,192,107,32,53,-,110,50,11,49,-
,,Amarela,249,69,27,136,17,30,-,2,16,12,68,10,9,49,-,86,21,-,62,3,41,25,16,-,-,-,-,-,-,-,2,-,-,-,2,19,9,-,9,-
,,Parda,139126,38525,23296,57402,19903,28545,6329,4132,12523,5562,52912,13095,8617,23026,8174,38292,12796,7212,14312,3971,12055,3869,2045,4721,1420,3561,1069,594,1408,489,1438,561,224,540,113,1101,392,225,394,89
,,Indígena,114,21,33,38,21,30,6,12,11,-,35,13,-,22,-,34,2,16,4,11,-,-,-,-,-,5,-,5,-,-,10,-,-,-,10,-,-,-,-,-
,65 anos ou mais,Total,4701,3118,288,596,700,1151,692,69,162,228,1729,1100,70,263,296,1265,972,115,82,95,328,223,11,45,49,79,47,-,-,32,49,21,14,13,-,17,9,8,-,-
,,Branca,1728,1000,97,276,356,383,190,33,60,101,668,364,30,142,133,486,350,27,43,66,98,45,-,20,33,30,7,-,-,22,8,-,-,8,-,14,5,8,-,-
,,Preta,423,371,17,16,19,97,82,8,5,2,172,134,9,11,17,100,100,-,-,-,38,38,-,-,-,13,13,-,-,-,3,3,-,-,-,-,-,-,-,-
,,Amarela,15,10,-,-,5,-,-,-,-,-,5,-,-,-,5,10,10,-,-,-,-,-,-,-,-,-,-,-,-,-,-,-,-,-,-,-,-,-,-,-
,,Parda,2534,1736,173,305,320,670,419,28,98,125,884,602,31,111,141,669,512,89,39,29,192,139,11,25,16,37,27,-,-,9,38,18,14,6,-,3,3,-,-,-
,,Indígena,-,-,-,-,-,-,-,-,-,-,-,-,-,-,-,-,-,-,-,-,-,-,-,-,-,-,-,-,-,-,-,-,-,-,-,-,-,-,-,-
Iguatu,Total,Total,92919,29925,14492,33922,14581,20274,5223,2596,8203,4252,32702,8944,4977,12829,5953,27411,10947,4766,9004,2695,7654,2896,1246,2419,1094,2566,922,412,834,399,361,149,87,68,58,1076,515,232,238,91
,,Branca,30605,8253,4064,12045,6243,7212,1512,844,3108,1747,11030,2326,1407,4696,2601,8311,2954,1259,2920,1179,2568,986,332,778,473,807,225,96,313,173,104,22,33,24,24,313,122,55,100,35
,,Preta,7059,3282,1011,1987,779,1401,540,137,470,254,2535,1039,415,763,318,2003,1088,320,478,116,668,371,60,193,44,237,104,46,40,48,49,38,-,11,-,82,54,21,7,-
,,Amarela,133,55,12,31,36,102,44,-,22,36,23,10,7,5,-,5,-,5,-,-,-,-,-,-,-,-,-,-,-,-,-,-,-,-,-,-,-,-,-,-
,,Parda,55098,18334,9395,19847,7523,11547,3126,1615,4590,2215,19114,5568,3147,7364,3035,17082,6905,3172,5606,1399,4418,1539,854,1447,577,1522,593,269,481,178,209,89,54,32,33,681,338,156,132,56
,,Indígena,22,-,10,12,-,12,-,-,12,-,-,-,-,-,-,10,-,10,-,-,-,-,-,-,-,-,-,-,-,-,-,-,-,-,-,-,-,-,-,-
,10 a 17 anos,Total,1181,369,801,10,-,183,53,130,-,-,468,119,339,10,-,352,135,218,-,-,132,44,88,-,-,23,18,5,-,-,7,-,7,-,-,-,-,-,-,-
,,Branca,247,92,155,-,-,25,9,16,-,-,139,41,99,-,-,65,28,37,-,-,10,7,4,-,-,8,8,-,-,-,-,-,-,-,-,-,-,-,-,-
,,Preta,89,19,60,10,-,15,10,5,-,-,56,-,46,10,-,9,-,9,-,-,8,8,-,-,-,-,-,-,-,-,-,-,-,-,-,-,-,-,-,-
,,Amarela,-,-,-,-,-,-,-,-,-,-,-,-,-,-,-,-,-,-,-,-,-,-,-,-,-,-,-,-,-,-,-,-,-,-,-,-,-,-,-,-
,,Parda,844,258,587,-,-,144,34,110,-,-,273,78,195,-,-,278,106,172,-,-,114,29,84,-,-,15,10,5,-,-,7,-,7,-,-,-,-,-,-,-
,,Indígena,-,-,-,-,-,-,-,-,-,-,-,-,-,-,-,-,-,-,-,-,-,-,-,-,-,-,-,-,-,-,-,-,-,-,-,-,-,-,-,-
,18 a 64 anos,Total,89238,27777,13508,33692,14261,19503,4825,2427,8130,4120,31448,8306,4571,12722,5849,26241,10107,4518,8955,2661,7364,2754,1139,2419,1053,2481,866,392,834,390,341,138,79,66,58,1052,491,232,238,91
,,Branca,29442,7598,3863,11952,6029,6938,1364,822,3086,1667,10611,2166,1279,4649,2517,7952,2685,1222,2898,1146,2499,936,328,778,456,789,217,86,313,173,102,22,33,22,24,300,110,55,100,35
,,Preta,6739,3036,948,1976,779,1348,492,132,470,254,2406,966,369,753,318,1898,992,311,478,116,655,362,56,193,44,226,92,46,40,48,38,27,-,11,-,82,54,21,7,-
,,Amarela,118,39,12,31,36,86,29,-,22,36,23,10,7,5,-,5,-,5,-,-,-,-,-,-,-,-,-,-,-,-,-,-,-,-,-,-,-,-,-,-
,,Parda,52917,17104,8675,19720,7417,11117,2940,1473,4540,2164,18408,5163,2916,7315,3014,16377,6430,2970,5578,1399,4210,1455,755,1447,553,1467,557,260,481,169,201,89,47,32,33,670,327,156,132,56
,,Indígena,22,-,10,12,-,12,-,-,12,-,-,-,-,-,-,10,-,10,-,-,-,-,-,-,-,-,-,-,-,-,-,-,-,-,-,-,-,-,-,-
,65 anos ou mais,Total,2501,1779,183,220,320,588,345,39,73,131,786,519,66,96,105,817,705,30,48,34,157,97,19,-,41,62,38,15,-,9,12,10,-,2,-,23,23,-,-,-
,,Branca,916,562,46,93,215,249,139,6,22,81,280,119,30,47,84,295,240,-,21,34,59,43,-,-,16,10,-,10,-,-,2,-,-,2,-,12,12,-,-,-
,,Preta,231,228,4,-,-,37,37,-,-,-,73,73,-,-,-,96,96,-,-,-,4,-,4,-,-,12,12,-,-,-,10,10,-,-,-,-,-,-,-,-
,,Amarela,16,16,-,-,-,16,16,-,-,-,-,-,-,-,-,-,-,-,-,-,-,-,-,-,-,-,-,-,-,-,-,-,-,-,-,-,-,-,-,-
,,Parda,1337,973,133,127,105,286,152,33,50,51,433,327,36,49,21,426,369,30,27,-,94,54,15,-,25,40,26,5,-,9,-,-,-,-,-,11,11,-,-,-
,,Indígena,-,-,-,-,-,-,-,-,-,-,-,-,-,-,-,-,-,-,-,-,-,-,-,-,-,-,-,-,-,-,-,-,-,-,-,-,-,-,-,-
Juazeiro do Norte,Total,Total,292708,75589,43264,119565,54291,40547,9102,5269,17185,8991,90763,19551,12355,39260,19597,105606,30325,16292,42349,16639,33948,9928,5408,13076,5536,12645,3388,2183,4367,2706,1867,613,251,619,384,3955,1540,845,1353,218
,,Branca,82251,16111,9647,34113,22381,12775,2293,1405,5086,3992,26301,4082,2837,11380,8003,27918,6169,3380,11844,6525,8753,1905,1073,3368,2406,3860,789,553,1480,1038,602,92,89,187,233,1075,422,165,399,89
,,Preta,31571,10955,5066,11663,3887,3774,1285,491,1493,505,9139,2724,1320,3564,1531,11884,4376,2027,4261,1219,4213,1598,719,1517,379,1457,526,222,494,215,154,67,21,59,7,418,177,140,92,8
,,Amarela,658,166,155,217,120,80,19,17,37,6,162,44,36,48,35,307,73,69,108,57,67,17,33,17,-,23,13,-,-,10,-,-,-,-,-,7,-,-,7,-
,,Parda,177880,48245,28335,73480,27820,23893,5505,3347,10558,4482,55054,12672,8157,24219,10005,65346,19638,10780,26113,8815,20859,6394,3573,8165,2726,7295,2060,1408,2393,1434,1112,453,141,373,144,2455,940,540,855,120
,,Indígena,347,112,60,92,83,25,-,9,11,4,106,29,5,49,23,150,68,36,23,22,57,14,9,8,24,10,-,-,-,10,-,-,-,-,-,-,-,-,-,-
,10 a 17 anos,Total,3568,1098,2373,98,-,763,291,460,11,-,1059,290,769,-,-,1217,338,804,75,-,340,93,236,11,-,143,74,70,-,-,17,-,17,-,-,7,-,7,-,-
,,Branca,879,277,596,7,-,232,85,147,-,-,284,36,249,-,-,237,101,130,7,-,82,15,67,-,-,34,30,4,-,-,-,-,-,-,-,-,-,-,-,-
,,Preta,382,139,243,-,-,81,30,51,-,-,101,48,53,-,-,119,40,79,-,-,76,17,59,-,-,4,4,-,-,-,-,-,-,-,-,-,-,-,-,-
,,Amarela,6,-,6,-,-,6,-,6,-,-,-,-,-,-,-,-,-,-,-,-,-,-,-,-,-,-,-,-,-,-,-,-,-,-,-,-,-,-,-,-
,,Parda,2300,683,1527,91,-,444,176,256,11,-,674,206,468,-,-,861,197,595,69,-,183,61,111,11,-,105,40,66,-,-,17,-,17,-,-,7,-,7,-,-
,,Indígena,-,-,-,-,-,-,-,-,-,-,-,-,-,-,-,-,-,-,-,-,-,-,-,-,-,-,-,-,-,-,-,-,-,-,-,-,-,-,-,-
,18 a 64 anos,Total,282566,70574,40412,118444,53136,38771,8199,4742,17005,8826,87612,18277,11409,38835,19090,102207,28514,15346,42034,16313,32772,9300,5128,12942,5403,12244,3142,2093,4316,2693,1825,598,234,619,374,3924,1516,838,1353,218
,,Branca,78954,14698,8917,33653,21686,12067,1955,1237,5005,3870,25239,3833,2541,11182,7682,26958,5623,3213,11755,6366,8403,1769,988,3323,2323,3737,711,538,1450,1038,577,77,89,187,223,1060,407,165,399,89
,,Preta,30430,10239,4796,11578,3818,3602,1190,440,1474,498,8825,2525,1250,3536,1515,11461,4094,1948,4228,1191,4037,1502,661,1511,363,1439,509,222,494,215,154,67,21,59,7,418,177,140,92,8
,,Amarela,642,166,139,217,120,73,19,11,37,6,162,44,36,48,35,297,73,59,108,57,67,17,33,17,-,23,13,-,-,10,-,-,-,-,-,7,-,-,7,-
,,Parda,172222,45379,26511,72903,27429,23003,5035,3045,10477,4447,53279,11846,7577,24021,9836,63351,18665,10090,25919,8677,20228,6008,3446,8083,2692,7035,1908,1333,2372,1421,1095,453,124,373,144,2439,931,533,855,120
,,Indígena,319,93,51,92,83,25,-,9,11,4,106,29,5,49,23,140,58,36,23,22,38,5,-,8,24,10,-,-,-,10,-,-,-,-,-,-,-,-,-,-
,65 anos ou mais,Total,6573,3917,479,1023,1155,1013,612,67,169,165,2093,984,176,425,507,2182,1474,142,240,326,836,535,44,123,134,257,173,21,51,13,25,15,-,-,10,24,24,-,-,-
,,Branca,2418,1136,135,453,694,477,253,21,81,122,778,213,47,198,320,723,445,37,82,159,268,121,18,46,83,89,48,11,30,-,25,15,-,-,10,15,15,-,-,-
,,Preta,759,578,27,85,69,91,65,-,18,8,213,151,17,28,17,304,242,-,33,29,101,80,-,6,16,13,13,-,-,-,-,-,-,-,-,-,-,-,-,-
,,Amarela,10,-,10,-,-,-,-,-,-,-,-,-,-,-,-,10,-,10,-,-,-,-,-,-,-,-,-,-,-,-,-,-,-,-,-,-,-,-,-,-
,,Parda,3358,2183,298,486,391,445,295,45,70,35,1101,621,112,199,170,1135,776,95,125,139,448,325,17,71,35,155,112,10,20,13,-,-,-,-,-,9,9,-,-,-
,,Indígena,28,19,9,-,-,-,-,-,-,-,-,-,-,-,-,10,10,-,-,-,19,9,9,-,-,-,-,-,-,-,-,-,-,-,-,-,-,-,-,-
Crateús,Total,Total,85651,27572,13379,30527,14173,20372,4980,2726,8034,4632,31635,9228,4740,11977,5691,21746,8723,3854,6780,2389,7213,2953,1264,2157,839,1841,711,219,562,349,581,191,81,163,146,1215,399,312,463,41
,,Branca,26072,7410,3529,9514,5618,6281,1273,640,2504,1864,9732,2559,1311,3689,2174,6222,2307,920,2063,932,2256,782,420,736,319,644,211,70,176,187,215,65,4,61,85,318,113,89,95,21
,,Preta,6025,2594,996,1786,648,1305,476,172,450,207,2089,760,437,623,269,1619,766,288,456,110,599,355,53,138,54,174,97,5,69,4,66,54,12,-,-,94,33,18,37,4
,,Amarela,66,19,-,39,8,14,-,-,6,8,32,8,-,24,-,11,11,-,-,-,-,-,-,-,-,9,-,-,9,-,-,-,-,-,-,-,-,-,-,-
,,Parda,51356,16857,8480,18506,7513,12044,3036,1799,4820,2389,19197,5759,2901,7403,3133,13394,5415,2547,4158,1274,4170,1733,732,1249,456,965,373,145,308,139,294,72,65,102,55,769,243,200,310,16
,,Indígena,2133,691,374,682,386,728,195,115,255,163,585,142,91,238,115,500,225,99,103,73,189,83,60,35,10,49,31,-,-,19,6,-,-,-,6,35,10,5,20,-
,10 a 17 anos,Total,1278,421,840,16,-,374,95,279,-,-,451,171,263,16,-,313,88,225,-,-,108,39,69,-,-,11,11,-,-,-,-,-,-,-,-,4,4,-,-,-
,,Branca,352,137,207,7,-,90,16,74,-,-,133,48,77,7,-,76,40,36,-,-,28,8,20,-,-,11,11,-,-,-,-,-,-,-,-,-,-,-,-,-
,,Preta,96,46,51,-,-,30,13,17,-,-,46,19,27,-,-,21,14,7,-,-,-,-,-,-,-,-,-,-,-,-,-,-,-,-,-,-,-,-,-,-
,,Amarela,-,-,-,-,-,-,-,-,-,-,-,-,-,-,-,-,-,-,-,-,-,-,-,-,-,-,-,-,-,-,-,-,-,-,-,-,-,-,-,-
,,Parda,813,239,565,9,-,247,66,181,-,-,272,104,159,9,-,209,34,175,-,-,77,32,46,-,-,-,-,-,-,-,-,-,-,-,-,4,4,-,-,-
,,Indígena,17,-,17,-,-,7,-,7,-,-,-,-,-,-,-,7,-,7,-,-,3,-,3,-,-,-,-,-,-,-,-,-,-,-,-,-,-,-,-,-
,18 a 64 anos,Total,81615,25156,12302,30187,13970,19408,4526,2378,7950,4555,30209,8405,4385,11825,5594,20708,8023,3579,6728,2378,6766,2667,1170,2105,824,1762,637,219,562,344,571,181,81,163,146,1201,386,312,463,41
,,Branca,24623,6555,3231,9331,5507,5956,1127,554,2457,1817,9222,2285,1206,3606,2124,5869,2035,853,2049,932,2061,683,379,695,304,625,192,70,176,187,215,65,4,61,85,308,103,89,95,21
,,Preta,5657,2312,934,1762,648,1226,414,155,450,207,1946,667,399,611,269,1526,681,281,455,110,550,317,53,127,54,170,92,5,69,4,66,54,12,-,-,94,33,18,37,4
,,Amarela,66,19,-,39,8,14,-,-,6,8,32,8,-,24,-,11,11,-,-,-,-,-,-,-,-,9,-,-,9,-,-,-,-,-,-,-,-,-,-,-
,,Parda,49229,15630,7800,18373,7426,11502,2799,1561,4782,2359,18443,5302,2708,7346,3087,12829,5091,2353,4121,1263,3981,1596,681,1249,456,925,334,145,308,139,284,62,65,102,55,765,239,200,310,16
,,Indígena,2040,639,337,682,382,710,185,107,255,163,566,142,71,238,115,474,206,92,103,73,174,72,57,35,10,34,20,-,-,14,6,-,-,-,6,35,10,5,20,-
,65 anos ou mais,Total,2758,1995,237,324,203,590,360,69,84,77,975,652,92,135,96,725,613,49,52,11,339,247,26,52,15,68,63,-,-,5,10,10,-,-,-,10,10,-,-,-
,,Branca,1097,718,91,176,111,235,130,12,46,47,377,225,27,75,50,277,232,31,14,-,167,91,20,41,15,8,8,-,-,-,-,-,-,-,-,10,10,-,-,-
,,Preta,272,236,12,24,-,49,49,-,-,-,97,73,12,12,-,72,71,-,1,-,49,38,-,11,-,5,5,-,-,-,-,-,-,-,-,-,-,-,-,-
,,Amarela,-,-,-,-,-,-,-,-,-,-,-,-,-,-,-,-,-,-,-,-,-,-,-,-,-,-,-,-,-,-,-,-,-,-,-,-,-,-,-,-
,,Parda,1314,988,115,123,87,296,170,57,38,30,482,353,34,48,46,356,290,18,37,11,111,106,5,-,-,40,40,-,-,-,10,10,-,-,-,-,-,-,-,-
,,Indígena,76,52,19,-,5,10,10,-,-,-,19,-,19,-,-,19,19,-,-,-,12,12,-,-,-,15,11,-,-,5,-,-,-,-,-,-,-,-,-,-
Sobral,Total,Total,352960,102611,57809,136541,56000,74556,18178,10833,29633,15912,127609,33903,20073,51674,21959,104743,35288,18518,38224,12714,30126,9748,5574,11218,3585,9028,2876,1606,3286,1260,1985,570,368,810,237,1801,779,284,576,162
,,Branca,88135,20836,12623,34676,20000,21059,4185,2767,8260,5847,32555,6825,4231,13480,8020,23853,6571,3845,9046,4391,6854,1926,1241,2556,1131,2118,627,311,775,403,538,174,51,214,99,365,186,43,80,56
,,Preta,25067,9349,4323,8692,2703,4602,1456,768,1768,610,9002,3008,1420,3521,1053,7850,3346,1457,2298,749,2529,994,455,830,249,559,238,140,161,20,164,51,62,51,-,137,95,17,20,4
,,Amarela,515,129,48,223,116,107,39,20,19,30,197,57,9,105,27,152,33,14,56,49,38,-,5,32,-,11,-,-,11,-,-,-,-,-,-,-,-,-,-,-
,,Parda,237614,71714,40475,92421,33003,48521,12423,7238,19491,9370,85410,23872,14323,34417,12798,72206,25056,13059,26616,7475,20528,6773,3811,7749,2196,6295,1989,1151,2320,834,1277,339,255,544,138,1296,497,223,473,103
,,Indígena,1629,583,340,528,179,267,74,41,96,56,445,142,90,152,62,682,282,143,208,49,177,55,62,51,9,45,21,4,18,3,7,6,-,1,-,2,-,-,2,-
,10 a 17 anos,Total,4961,1498,3279,184,-,1198,433,730,36,-,1966,568,1305,93,-,1262,331,887,44,-,316,79,226,11,-,144,52,92,-,-,-,-,-,-,-,11,11,-,-,-
,,Branca,1212,388,781,44,-,286,87,185,14,-,488,162,316,11,-,254,52,183,20,-,126,50,76,-,-,41,24,18,-,-,-,-,-,-,-,-,-,-,-,-
,,Preta,304,135,144,26,-,90,28,47,14,-,105,56,38,11,-,87,43,44,-,-,3,3,-,-,-,16,-,16,-,-,-,-,-,-,-,-,-,-,-,-
,,Amarela,4,-,4,-,-,-,-,-,-,-,4,-,4,-,-,-,-,-,-,-,-,-,-,-,-,-,-,-,-,-,-,-,-,-,-,-,-,-,-,-
,,Parda,3425,966,2347,113,-,822,317,498,8,-,1369,350,948,70,-,906,225,657,24,-,187,27,150,11,-,87,28,59,-,-,-,-,-,-,-,11,11,-,-,-
,,Indígena,15,10,4,1,-,-,-,-,-,-,-,-,-,-,-,15,10,4,1,-,-,-,-,-,-,-,-,-,-,-,-,-,-,-,-,-,-,-,-,-
,18 a 64 anos,Total,340685,95705,54123,135486,55371,71711,16552,9994,29384,15781,122959,31437,18643,51252,21626,101506,33444,17496,37973,12595,29141,9148,5324,11110,3560,8728,2691,1509,3276,1252,1972,557,368,810,237,1782,760,284,576,162
,,Branca,84450,18816,11694,34160,19780,20195,3689,2550,8138,5818,31121,6102,3867,13285,7866,22959,6059,3612,8919,4369,6498,1747,1146,2484,1120,2062,590,294,775,403,529,165,51,214,99,365,186,43,80,56
,,Preta,24073,8675,4151,8622,2626,4391,1341,721,1740,588,8629,2739,1374,3486,1030,7575,3168,1399,2290,718,2438,910,449,830,249,534,228,124,161,20,164,51,62,51,-,137,95,17,20,4
,,Amarela,502,120,44,223,116,98,30,20,19,30,193,57,5,105,27,152,33,14,56,49,38,-,5,32,-,11,-,-,11,-,-,-,-,-,-,-,-,-,-,-
,,Parda,230070,67545,37899,91955,32671,46762,11418,6662,19392,9289,82586,22412,13307,34225,12642,70163,23921,12332,26501,7409,19990,6435,3661,7712,2182,6076,1852,1087,2311,826,1273,335,255,544,138,1277,478,223,473,103
,,Indígena,1590,548,336,527,179,266,73,41,96,56,430,127,90,152,62,658,263,139,207,49,177,55,62,51,9,45,21,4,18,3,7,6,-,1,-,2,-,-,2,-
,65 anos ou mais,Total,7314,5408,407,871,629,1647,1193,109,213,131,2684,1898,124,329,333,1975,1514,135,207,119,668,521,25,98,25,156,133,5,10,8,13,13,-,-,-,8,8,-,-,-
,,Branca,2473,1632,148,472,220,578,409,31,108,29,946,561,48,184,153,640,460,51,107,22,229,129,19,72,11,14,14,-,-,-,9,9,-,-,-,-,-,-,-,-
,,Preta,690,540,29,45,76,121,87,-,14,21,268,213,8,24,24,189,135,15,7,31,88,82,6,-,-,10,10,-,-,-,-,-,-,-,-,-,-,-,-,-
,,Amarela,9,9,-,-,-,9,9,-,-,-,-,-,-,-,-,-,-,-,-,-,-,-,-,-,-,-,-,-,-,-,-,-,-,-,-,-,-,-,-,-
,,Parda,4119,3203,230,354,332,937,688,78,91,81,1455,1109,69,121,156,1137,910,69,92,66,351,310,-,26,14,132,109,5,10,8,4,4,-,-,-,8,8,-,-,-
,,Indígena,24,24,-,-,-,1,1,-,-,-,15,15,-,-,-,9,9,-,-,-,-,-,-,-,-,-,-,-,-,-,-,-,-,-,-,-,-,-,-,-
Natal,Total,Total,665493,156733,101892,255900,150969,69648,16983,10147,27200,15318,150088,32870,20795,56389,40033,202408,48617,31107,74491,48194,154416,34741,24489,63815,31371,69101,17755,12067,27514,11765,8200,2531,1387,2559,1723,3760,1200,648,1175,737
,,Branca,249505,44062,31561,94920,78962,26788,5229,3186,10379,7994,58800,9792,6352,21549,21106,76929,13455,9925,27214,26335,56494,9339,7692,23694,15769,23537,4632,3543,9717,5644,2721,660,337,903,821,1251,310,178,440,323
,,Preta,77167,23625,13275,29342,10925,7175,2314,1146,2745,970,16409,4976,2801,5807,2825,22957,7160,3859,8706,3232,19250,5584,3292,7973,2401,8800,2623,1782,3272,1123,1067,460,140,328,140,568,175,78,190,124
,,Amarela,1287,346,198,469,274,133,33,4,32,64,377,78,39,145,115,356,80,80,163,33,177,74,12,72,19,108,54,29,24,-,48,24,4,-,20,30,-,21,10,-
,,Parda,335622,88061,56434,130578,60548,35381,9342,5765,14009,6265,74132,17948,11535,28727,15922,101690,27763,17112,38283,18531,78000,19572,13393,31942,13093,36359,10349,6646,14384,4981,4317,1351,897,1328,741,1876,704,368,514,290
,,Indígena,1912,638,423,590,260,172,65,46,35,26,369,76,68,160,65,476,159,131,124,62,496,173,99,134,90,297,97,67,117,16,46,37,10,-,-,35,11,3,21,-
,10 a 17 anos,Total,6873,3618,3142,113,-,1187,671,501,15,-,1898,1048,822,28,-,1873,1008,828,36,-,1222,530,667,24,-,592,292,301,-,-,13,6,-,7,-,10,4,6,-,-
,,Branca,2317,1087,1189,40,-,430,248,182,-,-,572,322,238,12,-,603,292,300,11,-,463,150,302,10,-,225,68,157,-,-,7,-,-,7,-,-,-,-,-,-
,,Preta,786,439,332,15,-,139,74,53,11,-,177,101,76,-,-,241,122,119,-,-,125,64,57,4,-,97,75,22,-,-,-,-,-,-,-,-,-,-,-,-
,,Amarela,-,-,-,-,-,-,-,-,-,-,-,-,-,-,-,-,-,-,-,-,-,-,-,-,-,-,-,-,-,-,-,-,-,-,-,-,-,-,-,-
,,Parda,3766,2089,1620,57,-,618,349,266,3,-,1146,623,508,16,-,1028,594,408,25,-,634,316,308,10,-,270,148,122,-,-,6,6,-,-,-,10,4,6,-,-
,,Indígena,3,3,-,-,-,-,-,-,-,-,3,3,-,-,-,-,-,-,-,-,-,-,-,-,-,-,-,-,-,-,-,-,-,-,-,-,-,-,-,-
,18 a 64 anos,Total,642449,146204,97276,252456,146514,66657,15305,9570,26876,14905,144379,30448,19679,55590,38663,195453,45581,29754,73385,46733,150056,32902,23462,63031,30661,66930,16625,11603,27267,11435,7969,2410,1387,2493,1679,3689,1160,642,1153,734
,,Branca,239952,40709,29739,93306,76198,25568,4650,2953,10220,7745,56297,9027,5908,21088,20275,74165,12520,9505,26735,25405,54640,8713,7205,23377,15345,22677,4338,3315,9572,5452,2648,660,337,874,777,1220,282,178,440,320
,,Preta,74521,22158,12763,28945,10655,6912,2145,1083,2716,967,15742,4602,2720,5714,2706,22121,6725,3644,8602,3149,18764,5307,3211,7882,2363,8558,2464,1737,3262,1095,1032,435,140,317,140,546,175,78,168,124
,,Amarela,1284,343,198,469,274,130,30,4,32,64,377,78,39,145,115,356,80,80,163,33,177,74,12,72,19,108,54,29,24,-,48,24,4,-,20,30,-,21,10,-
,,Parda,324800,82359,54153,129156,59132,33883,8415,5484,13874,6110,71597,16668,10944,28482,15502,98335,26097,16394,37761,18083,75990,18635,12934,31577,12843,35291,9673,6455,14292,4871,4194,1254,897,1302,741,1858,692,362,514,290
,,Indígena,1891,635,423,580,254,165,65,46,35,19,366,73,68,160,65,476,159,131,124,62,485,173,99,123,90,297,97,67,117,16,46,37,10,-,-,35,11,3,21,-
,65 anos ou mais,Total,16171,6911,1474,3332,4455,1804,1007,75,308,413,3810,1374,294,772,1371,5083,2027,526,1069,1461,3137,1308,359,760,710,1579,838,163,247,330,219,116,-,59,44,61,36,-,22,3
,,Branca,7236,2266,632,1574,2763,790,332,50,159,249,1931,444,206,450,832,2161,642,120,469,930,1391,475,185,307,423,635,226,71,145,192,66,-,-,22,44,31,28,-,-,3
,,Preta,1860,1029,180,382,269,124,94,10,18,2,491,273,5,93,119,595,312,96,104,82,361,213,24,87,37,145,83,23,11,28,35,24,-,11,-,22,-,-,22,-
,,Amarela,3,3,-,-,-,3,3,-,-,-,-,-,-,-,-,-,-,-,-,-,-,-,-,-,-,-,-,-,-,-,-,-,-,-,-,-,-,-,-,-
,,Parda,7055,3613,661,1365,1416,881,578,15,132,155,1389,657,83,229,420,2328,1073,310,497,448,1375,620,150,355,250,799,529,69,92,110,117,91,-,26,-,8,8,-,-,-
,,Indígena,17,-,-,11,7,7,-,-,-,7,-,-,-,-,-,-,-,-,-,-,11,-,-,11,-,-,-,-,-,-,-,-,-,-,-,-,-,-,-,-
Caicó,Total,Total,89562,27083,12788,33975,15717,23573,5514,3127,10077,4855,35055,10248,5186,13577,6044,19760,7537,2961,6609,2653,6699,2210,847,2205,1437,2027,702,295,588,440,939,277,122,346,195,831,332,162,295,42
,,Branca,45736,11955,6133,18383,9265,12915,2636,1635,5736,2907,17495,4538,2353,7096,3508,9864,3219,1413,3623,1610,3340,899,421,1195,825,990,305,144,289,252,445,103,43,187,111,381,143,84,137,17
,,Preta,7113,3141,995,2149,827,1679,692,199,500,288,2680,1059,441,873,307,1811,977,230,481,123,572,264,73,149,85,114,62,26,18,8,71,38,-,24,9,96,35,7,47,6
,,Amarela,59,6,-,28,24,24,-,-,13,11,35,6,-,16,13,-,-,-,-,-,-,-,-,-,-,-,-,-,-,-,-,-,-,-,-,-,-,-,-,-
,,Parda,36587,11963,5655,13389,5580,8918,2187,1292,3812,1628,14837,4645,2392,5584,2216,8062,3324,1313,2505,920,2787,1046,353,861,526,922,335,125,281,181,424,136,79,134,75,354,153,71,111,19
,,Indígena,68,17,5,25,20,37,-,-,17,20,9,-,-,9,-,22,17,5,-,-,-,-,-,-,-,-,-,-,-,-,-,-,-,-,-,-,-,-,-,-
,10 a 17 anos,Total,951,327,608,16,-,327,137,190,-,-,408,94,298,16,-,164,69,95,-,-,51,26,25,-,-,-,-,-,-,-,-,-,-,-,-,-,-,-,-,-
,,Branca,431,96,330,5,-,179,57,122,-,-,188,21,162,5,-,47,6,40,-,-,17,12,5,-,-,-,-,-,-,-,-,-,-,-,-,-,-,-,-,-
,,Preta,117,82,35,-,-,36,33,3,-,-,19,15,4,-,-,46,35,11,-,-,17,-,17,-,-,-,-,-,-,-,-,-,-,-,-,-,-,-,-,-
,,Amarela,-,-,-,-,-,-,-,-,-,-,-,-,-,-,-,-,-,-,-,-,-,-,-,-,-,-,-,-,-,-,-,-,-,-,-,-,-,-,-,-
,,Parda,402,149,243,11,-,112,48,65,-,-,201,59,132,11,-,72,28,44,-,-,17,14,3,-,-,-,-,-,-,-,-,-,-,-,-,-,-,-,-,-
,,Indígena,-,-,-,-,-,-,-,-,-,-,-,-,-,-,-,-,-,-,-,-,-,-,-,-,-,-,-,-,-,-,-,-,-,-,-,-,-,-,-,-
,18 a 64 anos,Total,86509,25392,12019,33644,15454,22809,5108,2908,10025,4769,33752,9593,4823,13409,5926,19116,7148,2810,6528,2629,6500,2069,820,2188,1422,1932,639,285,575,432,922,260,122,346,195,831,332,162,295,42
,,Branca,44149,11129,5715,18191,9114,12501,2441,1494,5708,2857,16803,4195,2164,7006,3438,9571,3052,1343,3575,1600,3246,837,413,1178,817,937,278,134,281,243,428,86,43,187,111,381,143,84,137,17
,,Preta,6707,2835,943,2131,798,1561,589,196,495,281,2547,971,420,863,293,1695,877,219,481,119,542,254,56,149,83,104,57,26,13,8,71,38,-,24,9,96,35,7,47,6
,,Amarela,59,6,-,28,24,24,-,-,13,11,35,6,-,16,13,-,-,-,-,-,-,-,-,-,-,-,-,-,-,-,-,-,-,-,-,-,-,-,-,-
,,Parda,35538,11418,5355,13268,5498,8686,2077,1218,3792,1599,14358,4421,2239,5516,2183,7841,3215,1243,2473,910,2711,978,350,861,522,891,304,125,281,181,424,136,79,134,75,354,153,71,111,19
,,Indígena,55,4,5,25,20,37,-,-,17,20,9,-,-,9,-,9,4,5,-,-,-,-,-,-,-,-,-,-,-,-,-,-,-,-,-,-,-,-,-,-
,65 anos ou mais,Total,2103,1364,161,316,262,437,269,29,53,86,895,560,65,152,118,479,320,55,80,24,148,114,2,17,14,95,63,10,13,8,17,17,-,-,-,-,-,-,-,-
,,Branca,1155,730,88,187,151,235,138,19,28,50,504,322,26,86,70,247,160,30,48,10,76,49,2,17,8,54,27,10,8,8,17,17,-,-,-,-,-,-,-,-
,,Preta,288,224,17,19,29,82,70,-,5,8,114,73,17,9,15,70,65,-,-,4,13,10,-,-,2,10,5,-,5,-,-,-,-,-,-,-,-,-,-,-
,,Amarela,-,-,-,-,-,-,-,-,-,-,-,-,-,-,-,-,-,-,-,-,-,-,-,-,-,-,-,-,-,-,-,-,-,-,-,-,-,-,-,-
,,Parda,646,397,57,110,82,120,62,10,20,28,278,166,22,57,33,149,81,26,33,9,59,54,-,-,4,31,31,-,-,-,-,-,-,-,-,-,-,-,-,-
,,Indígena,13,13,-,-,-,-,-,-,-,-,-,-,-,-,-,13,13,-,-,-,-,-,-,-,-,-,-,-,-,-,-,-,-,-,-,-,-,-,-,-
Mossoró,Total,Total,255588,73028,36953,95683,49923,46733,11192,6251,18654,10637,89732,22618,12752,34919,19444,77843,25726,11873,27637,12608,25174,8259,3476,8826,4613,7689,2443,1220,2547,1480,3037,964,515,1124,434,3083,1005,500,1144,433
,,Branca,99661,22519,13003,38737,25402,20123,3727,2428,8207,5762,35177,6868,4427,14072,9810,29466,7817,4251,11044,6354,8912,2370,1071,3271,2199,2999,828,405,975,791,1074,365,127,391,191,1135,283,186,463,202
,,Preta,25390,10138,3922,8320,3011,4229,1464,670,1501,594,8458,2989,1418,2924,1127,8193,3584,1223,2526,860,2904,1414,339,895,256,733,264,131,238,100,334,185,44,70,34,273,119,42,89,22
,,Amarela,281,69,82,96,33,85,29,42,3,12,67,14,18,27,8,62,5,6,38,13,48,19,17,12,-,5,-,-,5,-,11,-,-,11,-,-,-,-,-,-
,,Parda,130050,40221,19901,48457,21470,22273,5973,3101,8936,4263,45942,12716,6874,17854,8498,40061,14284,6390,14007,5381,13291,4453,2037,4644,2158,3944,1347,679,1329,589,1619,413,345,652,209,1675,603,272,592,209
,,Indígena,205,81,44,73,7,24,-,10,7,7,88,32,15,42,-,61,36,3,22,-,17,3,12,3,-,8,4,4,-,-,-,-,-,-,-,-,-,-,-,-
,10 a 17 anos,Total,2582,1324,1182,75,-,754,390,338,25,-,960,476,472,12,-,598,345,215,38,-,191,71,120,-,-,35,15,20,-,-,5,5,-,-,-,8,6,2,-,-
,,Branca,901,457,433,11,-,302,145,146,11,-,336,168,168,-,-,188,89,99,-,-,46,33,13,-,-,19,12,7,-,-,-,-,-,-,-,-,-,-,-,-
,,Preta,210,90,105,15,-,84,24,56,3,-,59,36,22,-,-,58,19,26,12,-,5,5,-,-,-,-,-,-,-,-,5,5,-,-,-,-,-,-,-,-
,,Amarela,2,2,-,-,-,-,-,-,-,-,-,-,-,-,-,-,-,-,-,-,-,-,-,-,-,-,-,-,-,-,-,-,-,-,-,-,-,-,-,-
,,Parda,1469,775,645,49,-,368,221,137,11,-,566,272,281,12,-,352,236,90,26,-,140,33,107,-,-,16,3,13,-,-,-,-,-,-,-,8,6,2,-,-
,,Indígena,-,-,-,-,-,-,-,-,-,-,-,-,-,-,-,-,-,-,-,-,-,-,-,-,-,-,-,-,-,-,-,-,-,-,-,-,-,-,-,-
,18 a 64 anos,Total,248019,68828,35358,94876,48957,45085,10311,5822,18494,10459,86882,21122,12110,34635,19015,75790,24467,11548,27388,12387,24498,7913,3319,8732,4534,7501,2332,1194,2535,1440,3023,950,515,1124,434,3046,980,498,1144,423
,,Branca,96718,21095,12394,38363,24866,19461,3407,2246,8136,5672,34003,6337,4183,13945,9538,28722,7435,4104,10919,6265,8659,2240,1048,3229,2142,2918,787,392,975,764,1074,365,127,391,191,1129,277,186,463,202
,,Preta,24733,9726,3797,8253,2957,4088,1399,614,1484,591,8262,2859,1382,2903,1118,7969,3436,1191,2509,834,2837,1373,339,884,241,716,247,131,237,100,325,176,44,70,34,273,119,42,89,22
,,Amarela,261,57,75,96,33,76,19,42,3,12,67,14,18,27,8,62,5,6,38,13,41,19,10,12,-,5,-,-,5,-,11,-,-,11,-,-,-,-,-,-
,,Parda,126121,37880,19047,48100,21094,21437,5485,2910,8864,4177,44482,11891,6512,17727,8351,38976,13555,6244,13901,5276,12944,4279,1910,4604,2151,3853,1294,666,1317,575,1614,408,345,652,209,1644,584,270,592,198
,,Indígena,185,70,44,64,7,24,-,10,7,7,68,21,15,33,-,61,36,3,22,-,17,3,12,3,-,8,4,4,-,-,-,-,-,-,-,-,-,-,-,-
,65 anos ou mais,Total,4987,2876,413,731,967,894,491,90,135,178,1890,1020,170,271,429,1455,914,109,211,221,484,274,37,93,79,154,95,6,12,40,9,9,-,-,-,29,19,-,-,10
,,Branca,2042,967,177,362,536,360,174,37,59,90,838,363,76,127,272,556,293,48,125,89,207,98,10,42,58,61,28,6,-,27,-,-,-,-,-,7,7,-,-,-
,,Preta,447,321,20,52,54,57,40,-,14,3,137,93,14,20,10,166,129,6,5,26,62,35,-,12,15,18,17,-,1,-,4,4,-,-,-,-,-,-,-,-
,,Amarela,17,10,7,-,-,10,10,-,-,-,-,-,-,-,-,-,-,-,-,-,7,-,7,-,-,-,-,-,-,-,-,-,-,-,-,-,-,-,-,-
,,Parda,2461,1567,210,308,377,467,267,54,61,85,895,552,81,115,147,734,493,55,80,105,208,141,20,40,7,75,50,-,11,13,5,5,-,-,-,22,12,-,-,10
,,Indígena,20,11,-,9,-,-,-,-,-,-,20,11,-,9,-,-,-,-,-,-,-,-,-,-,-,-,-,-,-,-,-,-,-,-,-,-,-,-,-,-
João Pessoa,Total,Total,592867,146408,76772,226934,142753,61371,14206,8245,24803,14117,144086,32828,17438,54053,39767,211870,53845,26097,78476,53452,117729,29429,16065,48319,23916,45303,12965,7089,16453,8796,4711,1265,738,1866,842,1961,368,273,839,481
,,Branca,199468,37448,21890,73797,66333,21706,3927,2437,8828,6515,49665,8591,5101,17454,18519,72874,13917,7622,25739,25596,37072,7234,4199,15101,10538,13646,3008,1930,4927,3780,1328,278,223,498,328,816,79,145,353,239
,,Preta,65952,20628,9724,24968,10632,5729,1643,870,2252,965,14812,4435,2125,5455,2797,22497,7829,3176,7850,3642,15090,4176,2285,6493,2136,6376,2070,1076,2329,901,558,130,64,258,106,254,106,21,85,42
,,Amarela,815,97,70,246,401,125,17,35,20,53,119,5,4,43,66,398,42,12,162,181,127,24,11,21,71,43,6,8,-,29,2,2,-,-,-,-,-,-,-,-
,,Parda,320546,86012,44236,125883,64415,32890,8385,4747,13395,6363,77871,19297,9970,30546,18059,114035,31286,14994,43983,23771,64499,17487,9490,26485,11036,24809,7706,4012,9032,4059,2786,843,449,1089,404,853,169,107,377,200
,,Indígena,6085,2222,852,2039,971,920,235,157,308,221,1618,500,238,555,325,2066,772,291,742,260,941,507,80,219,135,430,175,64,164,27,38,11,3,21,3,39,15,-,24,-
,10 a 17 anos,Total,5475,2407,2681,387,-,989,420,532,37,-,1660,746,836,78,-,1717,813,800,104,-,742,238,371,133,-,251,118,110,23,-,28,16,8,4,-,5,-,5,-,-
,,Branca,1563,719,728,116,-,310,157,144,9,-,496,238,233,26,-,519,207,255,56,-,186,78,86,21,-,12,8,3,-,-,9,6,-,4,-,-,-,-,-,-
,,Preta,549,217,286,46,-,177,42,115,20,-,138,80,56,2,-,135,75,50,11,-,86,9,64,13,-,12,11,1,-,-,-,-,-,-,-,-,-,-,-,-
,,Amarela,-,-,-,-,-,-,-,-,-,-,-,-,-,-,-,-,-,-,-,-,-,-,-,-,-,-,-,-,-,-,-,-,-,-,-,-,-,-,-,-
,,Parda,3252,1409,1620,223,-,479,221,253,6,-,990,406,534,50,-,1028,508,483,37,-,462,142,221,99,-,219,91,105,23,-,19,11,8,-,-,5,-,5,-,-
,,Indígena,110,62,46,2,-,23,-,20,2,-,36,22,13,-,-,35,23,12,-,-,9,9,-,-,-,8,8,-,-,-,-,-,-,-,-,-,-,-,-,-
,18 a 64 anos,Total,572167,138049,72814,223800,137504,59017,13055,7594,24608,13761,138342,30579,16377,53170,38217,204841,51228,24812,77413,51388,114259,28238,15385,47593,23043,43875,12201,6884,16269,8520,4560,1146,730,1842,842,1876,345,268,821,441
,,Branca,191978,34957,20765,72587,63670,20844,3524,2272,8734,6314,47500,7958,4791,17073,17677,70338,13162,7147,25368,24662,35870,6850,4059,14872,10089,13176,2804,1901,4831,3641,1295,251,223,494,328,753,56,145,353,199
,,Preta,63665,19414,9262,24598,10391,5379,1459,755,2232,934,14210,4140,2028,5316,2726,21806,7396,3095,7770,3544,14683,4058,2143,6386,2096,6212,1937,1069,2305,901,554,127,64,258,106,254,106,21,85,42
,,Amarela,793,97,70,246,378,125,17,35,20,53,119,5,4,43,66,375,42,12,162,159,127,24,11,21,71,43,6,8,-,29,2,2,-,-,-,-,-,-,-,-
,,Parda,309899,81491,41921,124383,62104,31802,7839,4406,13319,6239,74971,18033,9329,30182,17427,110320,29879,14278,43393,22770,62689,16825,9092,26121,10651,24023,7288,3843,8969,3922,2671,756,441,1070,404,830,169,102,359,200
,,Indígena,5832,2089,796,1986,960,866,216,127,303,221,1542,442,224,555,321,2002,749,279,720,254,889,481,80,193,135,422,167,64,164,27,38,11,3,21,3,39,15,-,24,-
,65 anos ou mais,Total,15225,5951,1278,2747,5248,1365,731,119,158,356,4083,1503,226,805,1549,5312,1805,484,959,2064,2727,952,308,593,873,1178,645,95,160,276,122,102,-,20,-,81,23,-,17,40
,,Branca,5927,1771,397,1095,2664,552,246,20,85,202,1669,395,77,355,842,2017,548,220,315,934,1017,306,54,209,449,459,197,26,97,139,23,22,-,1,-,63,23,-,-,40
,,Preta,1738,997,176,324,241,173,142,-,-,31,464,215,42,136,71,556,358,31,69,99,320,109,77,94,40,152,122,6,24,-,4,4,-,-,-,-,-,-,-,-
,,Amarela,22,-,-,-,22,-,-,-,-,-,-,-,-,-,-,22,-,-,-,22,-,-,-,-,-,-,-,-,-,-,-,-,-,-,-,-,-,-,-,-
,,Parda,7395,3111,695,1278,2311,609,326,89,70,123,1910,857,107,314,632,2687,899,233,553,1002,1347,520,177,265,385,567,327,64,40,137,95,76,-,19,-,17,-,-,17,-
,,Indígena,143,71,10,51,11,31,18,10,3,-,40,36,-,-,4,29,-,-,22,7,43,17,-,26,-,-,-,-,-,-,-,-,-,-,-,-,-,-,-,-
Campina Grande,Total,Total,315903,89265,44067,121138,61433,49008,12883,6805,19191,10129,99596,24682,12509,38835,23570,102130,31690,14804,38796,16840,44419,13067,6739,17599,7013,13599,4156,1991,4688,2763,2866,1171,474,665,556,1457,631,289,365,173
,,Branca,113211,26498,13934,43900,28878,18231,4048,2390,7127,4667,37637,7785,4220,14420,11213,35407,8926,4571,14034,7875,14611,3627,1857,6035,3091,4783,1214,534,1532,1504,1030,360,118,247,305,535,241,82,148,65
,,Preta,26173,9565,4060,9162,3387,3419,1196,516,1211,496,7659,2438,1070,2875,1276,8915,3489,1449,2974,1003,3960,1568,681,1372,339,1544,587,254,501,202,307,148,63,65,31,84,8,9,37,30
,,Amarela,561,118,23,296,124,88,5,8,75,-,213,50,-,70,93,164,30,4,98,31,72,30,11,32,-,7,2,-,4,-,6,-,-,6,-,10,-,-,10,-
,,Parda,175580,53009,25973,67627,28970,27231,7625,3877,10773,4956,53975,14396,7207,21405,10967,57496,19219,8759,21617,7901,25714,7820,4174,10150,3570,7252,2350,1193,2651,1058,1523,663,293,347,220,822,381,193,169,78
,,Indígena,378,75,76,153,74,39,10,13,6,10,111,14,12,65,21,149,26,21,72,30,61,22,17,10,13,13,3,10,-,-,-,-,-,-,-,4,-,4,-,-
,10 a 17 anos,Total,4045,1975,1882,189,-,1036,506,508,21,-,1440,652,668,120,-,1056,559,468,28,-,370,178,175,16,-,108,71,37,-,-,11,-,11,-,-,6,2,4,-,-
,,Branca,1406,641,659,106,-,367,171,196,-,-,569,223,274,72,-,270,142,113,15,-,136,61,59,16,-,41,40,1,-,-,9,-,9,-,-,2,2,-,-,-
,,Preta,293,153,120,20,-,77,31,46,-,-,90,44,26,20,-,103,63,40,-,-,22,15,7,-,-,-,-,-,-,-,-,-,-,-,-,-,-,-,-,-
,,Amarela,-,-,-,-,-,-,-,-,-,-,-,-,-,-,-,-,-,-,-,-,-,-,-,-,-,-,-,-,-,-,-,-,-,-,-,-,-,-,-,-
,,Parda,2347,1180,1103,63,-,591,305,266,21,-,781,384,368,29,-,682,355,314,13,-,212,102,109,-,-,67,31,36,-,-,2,-,2,-,-,4,-,4,-,-
,,Indígena,-,-,-,-,-,-,-,-,-,-,-,-,-,-,-,-,-,-,-,-,-,-,-,-,-,-,-,-,-,-,-,-,-,-,-,-,-,-,-,-
,18 a 64 anos,Total,303928,83319,41525,119774,59310,46720,11792,6141,19006,9781,95604,22898,11676,38315,22715,98547,29789,14135,38349,16275,43028,12266,6473,17465,6824,13181,3935,1928,4657,2661,2781,1151,453,645,532,1399,599,284,354,162
,,Branca,108265,24523,12926,43219,27597,17329,3646,2116,7062,4505,35676,7104,3842,14109,10620,34163,8402,4347,13841,7573,14049,3359,1752,5969,2969,4618,1153,533,1511,1422,976,356,109,227,284,518,227,82,145,65
,,Preta,25149,8862,3893,9098,3296,3269,1124,454,1194,496,7398,2257,1044,2856,1241,8532,3208,1409,2947,968,3804,1460,653,1372,318,1486,540,243,501,202,304,145,63,65,31,84,8,9,37,30
,,Amarela,546,103,23,296,124,88,5,8,75,-,204,41,-,70,93,164,30,4,98,31,66,24,11,32,-,7,2,-,4,-,6,-,-,6,-,10,-,-,10,-
,,Parda,169590,49756,24606,67008,28219,25994,7007,3549,10669,4769,52215,13483,6777,21215,10740,55540,18123,8354,21390,7674,25047,7401,4041,10081,3524,7057,2237,1142,2641,1037,1494,650,281,347,217,782,364,189,161,68
,,Indígena,378,75,76,153,74,39,10,13,6,10,111,14,12,65,21,149,26,21,72,30,61,22,17,10,13,13,3,10,-,-,-,-,-,-,-,4,-,4,-,-
,65 anos ou mais,Total,7929,3971,660,1175,2123,1252,585,155,164,348,2552,1131,166,400,855,2527,1342,201,418,565,1021,623,91,118,189,310,150,26,31,103,74,20,10,20,24,51,30,-,11,10
,,Branca,3539,1333,350,575,1281,535,231,77,65,162,1393,457,104,239,593,974,383,111,178,303,426,208,47,50,122,123,21,-,21,81,44,4,-,20,20,16,13,-,3,-
,,Preta,731,550,47,44,91,72,40,15,17,-,172,137,-,-,35,280,218,-,27,35,134,93,20,-,21,58,48,11,-,-,3,3,-,-,-,-,-,-,-,-
,,Amarela,15,15,-,-,-,-,-,-,-,-,9,9,-,-,-,-,-,-,-,-,6,6,-,-,-,-,-,-,-,-,-,-,-,-,-,-,-,-,-,-
,,Parda,3643,2073,264,556,751,645,314,62,83,187,979,529,62,161,227,1273,742,91,213,227,455,317,23,68,46,128,81,15,10,21,27,13,10,-,3,36,17,-,8,10
,,Indígena,-,-,-,-,-,-,-,-,-,-,-,-,-,-,-,-,-,-,-,-,-,-,-,-,-,-,-,-,-,-,-,-,-,-,-,-,-,-,-,-
Patos,Total,Total,151750,51972,21040,52309,26430,32503,8455,4188,12740,7120,57511,17477,7900,21272,10863,40184,16663,5833,12420,5268,12543,5365,1754,3509,1916,4011,1421,647,1018,925,1124,535,194,258,137,2232,1261,277,580,115
,,Branca,56919,16319,7082,20725,12794,12996,2932,1494,5114,3456,22292,5541,2631,8792,5328,14119,5018,1949,4733,2418,4239,1511,531,1283,915,1435,453,183,303,496,375,157,57,78,84,856,446,121,226,62
,,Preta,12340,5791,1810,3493,1246,2395,980,349,779,287,4434,1907,751,1241,535,3496,1805,474,969,247,1354,759,134,346,116,271,83,38,100,49,80,43,27,3,7,149,88,19,41,-
,,Amarela,200,94,26,42,38,28,2,15,6,5,56,27,5,16,8,81,41,6,9,25,23,11,-,12,-,10,10,-,-,-,-,-,-,-,-,-,-,-,-,-
,,Parda,82196,29728,12116,28000,12352,17084,4541,2330,6841,3372,30702,9992,4510,11208,4992,22460,9784,3403,6695,2578,6910,3076,1086,1862,886,2289,868,426,615,380,666,335,111,174,46,1227,726,137,312,53
,,Indígena,94,40,6,49,-,-,-,-,-,-,29,10,2,16,-,29,15,-,15,-,18,8,3,6,-,6,6,-,-,-,3,-,-,3,-,-,-,-,-,-
,10 a 17 anos,Total,2095,1096,893,107,-,598,287,272,39,-,752,354,363,35,-,533,306,200,26,-,117,80,31,6,-,17,9,9,-,-,17,-,17,-,-,32,32,-,-,-
,,Branca,633,341,251,42,-,224,108,88,28,-,163,92,63,7,-,183,93,84,7,-,22,13,9,-,-,6,3,3,-,-,4,-,4,-,-,20,20,-,-,-
,,Preta,179,107,69,2,-,50,30,17,2,-,79,34,45,-,-,38,34,4,-,-,9,9,-,-,-,3,-,3,-,-,-,-,-,-,-,-,-,-,-,-
,,Amarela,-,-,-,-,-,-,-,-,-,-,-,-,-,-,-,-,-,-,-,-,-,-,-,-,-,-,-,-,-,-,-,-,-,-,-,-,-,-,-,-
,,Parda,1279,644,573,63,-,325,149,167,9,-,511,227,255,28,-,311,180,112,20,-,82,54,22,6,-,9,6,3,-,-,13,-,13,-,-,12,12,-,-,-
,,Indígena,4,4,-,-,-,-,-,-,-,-,-,-,-,-,-,-,-,-,-,-,4,4,-,-,-,-,-,-,-,-,-,-,-,-,-,-,-,-,-,-
,18 a 64 anos,Total,145837,48456,19911,51814,25656,31076,7649,3859,12561,7007,55343,16337,7435,21115,10456,38573,15565,5582,12322,5104,12122,5075,1718,3468,1862,3889,1355,627,1014,892,1097,535,177,248,137,2178,1220,267,580,111
,,Branca,54598,15034,6740,20471,12353,12370,2605,1384,5011,3371,21453,5100,2533,8723,5097,13520,4630,1853,4690,2347,4117,1452,521,1263,881,1384,435,170,299,480,361,157,53,68,84,823,427,112,226,58
,,Preta,11735,5328,1713,3480,1214,2265,872,332,774,287,4204,1781,685,1232,505,3350,1667,467,969,247,1280,691,130,346,113,265,80,35,100,49,80,43,27,3,7,140,79,19,41,-
,,Amarela,189,82,26,42,38,28,2,15,6,5,56,27,5,16,8,73,34,6,9,25,18,6,-,12,-,10,10,-,-,-,-,-,-,-,-,-,-,-,-,-
,,Parda,79242,27993,11427,27773,12050,16412,4170,2127,6770,3344,29602,9419,4210,11128,4845,21611,9230,3256,6640,2485,6694,2922,1063,1841,868,2229,829,423,615,362,652,335,97,174,46,1215,714,137,312,53
,,Indígena,73,19,6,49,-,-,-,-,-,-,29,10,2,16,-,19,4,-,15,-,14,4,3,6,-,-,-,-,-,-,3,-,-,3,-,-,-,-,-,-
,65 anos ou mais,Total,3817,2420,236,388,774,829,519,57,139,113,1416,785,102,122,407,1079,792,51,72,164,304,210,4,36,54,105,57,11,4,33,10,-,-,10,-,22,9,10,-,4
,,Branca,1688,943,91,212,441,402,219,22,76,86,676,349,35,61,231,415,295,13,36,71,101,47,1,20,34,45,15,11,4,16,10,-,-,10,-,13,-,10,-,4
,,Preta,426,356,28,11,31,80,78,-,2,-,150,91,22,9,29,107,104,3,-,-,65,60,3,-,2,3,3,-,-,-,-,-,-,-,-,9,9,-,-,-
,,Amarela,12,12,-,-,-,-,-,-,-,-,-,-,-,-,-,7,7,-,-,-,4,4,-,-,-,-,-,-,-,-,-,-,-,-,-,-,-,-,-,-
,,Parda,1674,1092,116,164,302,346,222,36,61,27,589,346,45,52,147,538,374,35,35,93,133,100,-,16,17,51,33,-,-,18,-,-,-,-,-,-,-,-,-,-
,,Indígena,17,17,-,-,-,-,-,-,-,-,-,-,-,-,-,11,11,-,-,-,-,-,-,-,-,6,6,-,-,-,-,-,-,-,-,-,-,-,-,-
Sousa - Cajazeiras,Total,Total,72443,24134,10307,23878,14125,14527,3941,1767,5335,3484,26992,8049,3616,9606,5722,20282,8180,3172,5936,2994,6429,2260,913,1887,1370,1839,589,285,579,386,331,146,48,86,51,1463,731,401,252,80
,,Branca,27524,7653,3804,9248,6819,5725,1236,646,2182,1660,10268,2535,1312,3704,2718,7481,2647,1191,2150,1494,2533,714,395,745,679,760,219,103,269,169,99,33,16,17,33,459,226,80,109,45
,,Preta,6086,2777,796,1775,738,1081,413,117,339,213,2393,983,276,806,328,1862,987,286,442,147,476,259,59,123,36,100,63,12,21,4,24,-,-,14,10,130,55,45,30,-
,,Amarela,50,19,15,15,-,5,-,5,-,-,30,5,10,15,-,14,14,-,-,-,-,-,-,-,-,-,-,-,-,-,-,-,-,-,-,-,-,-,-,-
,,Parda,38759,13679,5681,12835,6564,7711,2292,998,2814,1606,14291,4522,2018,5075,2675,10914,4532,1685,3343,1354,3420,1288,458,1018,655,980,307,170,289,213,208,113,32,55,8,874,450,276,113,35
,,Indígena,24,5,10,5,4,4,-,-,-,4,10,5,-,5,-,10,-,10,-,-,-,-,-,-,-,-,-,-,-,-,-,-,-,-,-,-,-,-,-,-
,10 a 17 anos,Total,748,351,376,21,-,129,49,69,11,-,307,136,161,10,-,257,133,124,-,-,28,23,5,-,-,9,9,-,-,-,-,-,-,-,-,17,-,17,-,-
,,Branca,252,87,154,12,-,34,9,15,11,-,124,49,75,1,-,82,26,56,-,-,7,3,4,-,-,-,-,-,-,-,-,-,-,-,-,5,-,5,-,-
,,Preta,54,45,9,-,-,24,15,9,-,-,6,6,-,-,-,20,20,-,-,-,4,4,-,-,-,-,-,-,-,-,-,-,-,-,-,-,-,-,-,-
,,Amarela,5,-,5,-,-,5,-,5,-,-,-,-,-,-,-,-,-,-,-,-,-,-,-,-,-,-,-,-,-,-,-,-,-,-,-,-,-,-,-,-
,,Parda,431,215,207,9,-,65,25,40,-,-,172,77,86,9,-,155,87,68,-,-,17,16,1,-,-,9,9,-,-,-,-,-,-,-,-,13,-,13,-,-
,,Indígena,5,5,-,-,-,-,-,-,-,-,5,5,-,-,-,-,-,-,-,-,-,-,-,-,-,-,-,-,-,-,-,-,-,-,-,-,-,-,-,-
,18 a 64 anos,Total,70046,22744,9796,23657,13850,14099,3744,1676,5278,3400,26067,7532,3416,9533,5585,19564,7754,2980,5859,2970,6229,2100,900,1874,1355,1760,522,285,577,376,331,146,48,86,51,1430,715,383,252,80
,,Branca,26465,7111,3558,9151,6645,5514,1150,610,2142,1611,9766,2254,1212,3667,2633,7218,2523,1091,2131,1473,2507,704,388,745,670,724,193,103,269,159,99,33,16,17,33,442,213,75,109,45
,,Preta,5910,2624,787,1771,728,1016,367,107,339,203,2359,952,276,803,328,1808,934,286,442,147,454,236,59,123,36,100,63,12,21,4,24,-,-,14,10,130,55,45,30,-
,,Amarela,44,19,10,15,-,-,-,-,-,-,30,5,10,15,-,14,14,-,-,-,-,-,-,-,-,-,-,-,-,-,-,-,-,-,-,-,-,-,-,-
,,Parda,37608,12989,5431,12715,6473,7565,2226,959,2797,1582,13907,4322,1918,5043,2624,10514,4284,1593,3286,1351,3268,1160,453,1006,650,937,267,170,287,213,208,113,32,55,8,858,447,263,113,35
,,Indígena,20,-,10,5,4,4,-,-,-,4,5,-,-,5,-,10,-,10,-,-,-,-,-,-,-,-,-,-,-,-,-,-,-,-,-,-,-,-,-,-
,65 anos ou mais,Total,1649,1039,136,200,275,299,149,21,46,83,618,380,39,63,137,460,292,67,77,24,172,137,8,12,15,70,58,-,2,10,-,-,-,-,-,16,16,-,-,-
,,Branca,808,456,93,85,174,177,77,21,29,50,378,232,24,36,85,182,98,43,20,21,19,6,4,-,9,36,26,-,-,10,-,-,-,-,-,13,13,-,-,-
,,Preta,122,108,-,4,10,41,31,-,-,10,29,25,-,4,-,33,33,-,-,-,19,19,-,-,-,-,-,-,-,-,-,-,-,-,-,-,-,-,-,-
,,Amarela,-,-,-,-,-,-,-,-,-,-,-,-,-,-,-,-,-,-,-,-,-,-,-,-,-,-,-,-,-,-,-,-,-,-,-,-,-,-,-,-
,,Parda,720,475,43,111,91,81,41,-,17,23,212,123,14,23,51,245,161,24,57,3,135,112,4,12,6,34,32,-,2,-,-,-,-,-,-,3,3,-,-,-
,,Indígena,-,-,-,-,-,-,-,-,-,-,-,-,-,-,-,-,-,-,-,-,-,-,-,-,-,-,-,-,-,-,-,-,-,-,-,-,-,-,-,-
Recife,Total,Total,1665721,354965,204038,730573,376144,112725,25827,14936,49308,22654,285877,59149,34721,121950,70058,496547,114776,61902,210911,108959,438238,85465,50722,195049,107002,273088,54457,33688,128341,56601,33088,8629,4658,14343,5459,5393,1581,820,1997,995
,,Branca,557148,89063,55972,228555,183558,39384,7064,4431,16910,10978,99987,15868,10058,39603,34457,167405,28161,17225,65915,56106,146902,20719,13129,60574,52480,83622,12937,8793,37678,24215,9788,2341,1115,4038,2295,1976,348,370,792,466
,,Preta,233318,61177,32817,104660,34663,13712,3792,2256,5768,1895,36275,9732,4942,15985,5616,68274,19509,9797,29950,9018,64320,15736,8814,29907,9862,42617,10105,5676,19671,7165,5274,1428,968,2094,783,733,234,102,287,109
,,Amarela,2525,476,267,1034,748,150,25,-,29,96,517,80,109,173,155,773,179,74,315,204,676,106,49,327,194,314,61,24,139,91,69,18,-,51,-,20,-,11,-,10
,,Parda,869887,203602,114595,395192,156498,59325,14917,8248,26529,9630,148593,33298,19580,66000,29714,259296,66779,34639,114415,43463,225590,48717,28624,103939,44310,146000,31241,19113,70666,24979,17885,4842,2575,8119,2350,2664,999,338,918,410
,,Indígena,2843,647,387,1133,677,155,28,-,71,56,506,170,32,189,115,800,148,167,316,169,750,187,106,302,155,534,114,81,187,152,72,-,-,41,31,-,-,-,-,-
,10 a 17 anos,Total,12966,5483,6572,911,-,2109,1060,932,117,-,3181,1325,1629,227,-,3906,1649,2116,141,-,2355,873,1199,283,-,1156,442,585,129,-,54,16,37,1,-,22,-,10,13,-
,,Branca,3436,1415,1763,258,-,591,261,307,23,-,816,292,453,71,-,1031,439,523,68,-,712,252,374,86,-,217,115,93,10,-,-,-,-,-,-,-,-,-,-,-
,,Preta,1868,692,1066,110,-,275,134,141,-,-,452,204,221,28,-,591,196,382,14,-,364,93,224,47,-,176,56,99,21,-,-,-,-,-,-,-,-,-,-,-
,,Amarela,23,3,20,-,-,-,-,-,-,-,23,3,20,-,-,-,-,-,-,-,-,-,-,-,-,-,-,-,-,-,-,-,-,-,-,-,-,-,-,-
,,Parda,7537,3292,3714,531,-,1243,665,484,94,-,1877,813,936,128,-,2284,1014,1210,59,-,1212,483,592,137,-,739,247,394,98,-,54,16,37,1,-,22,-,10,13,-
,,Indígena,103,81,9,13,-,-,-,-,-,-,13,13,-,-,-,-,-,-,-,-,67,45,9,13,-,23,23,-,-,-,-,-,-,-,-,-,-,-,-,-
,18 a 64 anos,Total,1601629,331264,192390,717228,360747,106675,23109,13679,48132,21755,273482,54787,31935,119938,66822,477512,107997,58392,207071,104052,423398,80440,48509,191377,103073,264179,50900,32265,126238,54776,32221,8317,4547,14122,5234,5113,1476,790,1916,932
,,Branca,532165,82711,52166,223086,174202,37093,6295,3992,16410,10396,95125,14686,9098,38845,32497,159721,26331,16264,64164,52962,140750,19362,12289,58972,50127,80808,12188,8373,36955,23292,9515,2271,1074,3982,2188,1883,330,349,779,426
,,Preta,225268,57306,30961,103287,33714,12973,3327,2100,5719,1828,34663,8950,4575,15717,5421,65914,18448,9111,29574,8781,62693,14994,8471,29529,9699,41305,9539,5430,19450,6886,5145,1350,968,2044,783,642,165,102,266,109
,,Amarela,2368,431,248,963,727,150,25,-,29,96,432,66,89,143,134,753,179,74,295,204,646,97,49,306,194,292,39,24,139,91,69,18,-,51,-,20,-,11,-,10
,,Parda,839359,190351,108701,388790,151517,56304,13435,7588,25902,9380,142819,30949,18148,65045,28676,250440,62914,32799,112740,41986,218656,45866,27611,102279,42899,141339,29075,18380,69507,24377,17419,4678,2505,8005,2232,2567,981,328,871,388
,,Indígena,2468,466,314,1102,586,155,28,-,71,56,443,136,25,189,95,684,123,143,297,120,653,121,88,289,155,434,58,59,187,130,72,-,-,41,31,-,-,-,-,-
,65 anos ou mais,Total,51126,18218,5076,12434,15398,3941,1657,325,1060,899,9214,3037,1156,1785,3235,15129,5130,1394,3698,4907,12485,4153,1014,3389,3929,7753,3116,838,1974,1826,814,296,74,220,225,258,106,21,69,63
,,Branca,21547,4938,2043,5211,9355,1700,508,133,477,583,4046,890,506,688,1961,6654,1390,437,1682,3144,5440,1105,466,1516,2354,2597,634,328,713,922,273,69,41,56,107,93,18,21,13,41
,,Preta,6181,3178,790,1263,949,464,332,16,49,67,1159,578,147,240,195,1768,865,304,362,237,1263,650,119,331,164,1136,509,147,200,280,128,78,-,50,-,90,69,-,21,-
,,Amarela,134,42,-,71,21,-,-,-,-,-,63,11,-,30,21,20,-,-,20,-,30,9,-,21,-,22,22,-,-,-,-,-,-,-,-,-,-,-,-,-
,,Parda,22992,9960,2180,5871,4981,1777,817,177,533,250,3896,1536,496,827,1037,6572,2850,629,1616,1477,5723,2368,421,1522,1412,3922,1918,340,1061,602,413,149,33,113,118,75,19,-,35,22
,,Indígena,272,100,63,18,90,-,-,-,-,-,50,22,7,-,21,116,25,24,18,49,30,21,9,-,-,76,32,23,-,21,-,-,-,-,-,-,-,-,-,-
Caruaru,Total,Total,584239,201361,85030,207758,90090,76451,21480,11681,28644,14647,177673,50731,24406,69602,32934,212135,81889,32053,72059,26134,82349,32990,11367,26730,11261,22647,9141,3269,6625,3612,3536,1380,509,1030,616,2423,862,569,755,237
,,Branca,226034,68071,28965,84069,44929,31462,7905,3899,12393,7265,72671,17940,9094,28676,16961,78316,26658,10466,28562,12629,30414,11214,3622,10128,5450,8515,2795,1080,2749,1891,1171,416,155,326,274,695,200,134,236,126
,,Preta,44013,18635,6985,13966,4426,4744,1670,810,1688,576,12522,4207,2009,4475,1831,16519,7775,2758,4901,1086,7098,3446,946,2084,621,1991,1017,265,498,211,259,129,47,43,39,262,119,79,44,20
,,Amarela,986,259,159,319,249,196,73,29,36,59,296,66,19,105,106,306,59,60,140,47,138,47,36,39,16,31,10,-,-,21,-,-,-,-,-,-,-,-,-,-
,,Parda,307277,112405,47976,107261,39634,39332,11695,6820,14233,6585,90527,28081,13049,35658,13739,114758,46486,18348,37842,12082,43911,18001,6654,14156,5100,11846,5228,1894,3263,1460,2045,804,307,631,303,1464,544,354,475,91
,,Indígena,5930,1990,945,2143,852,716,136,123,293,164,1657,437,234,689,297,2236,912,421,614,290,788,282,109,323,73,265,90,30,115,29,60,31,-,30,-,2,-,2,-,-
,10 a 17 anos,Total,9913,4729,4815,369,-,1866,868,911,87,-,3076,1407,1578,91,-,3480,1707,1682,92,-,1015,496,433,86,-,248,107,130,11,-,34,25,9,-,-,13,9,4,-,-
,,Branca,3521,1772,1571,177,-,703,372,280,51,-,1056,448,577,32,-,1241,662,544,34,-,323,175,100,49,-,78,39,28,11,-,9,-,9,-,-,13,9,4,-,-
,,Preta,730,307,383,41,-,108,27,72,10,-,212,115,97,-,-,237,79,140,18,-,111,43,54,13,-,44,24,20,-,-,5,5,-,-,-,-,-,-,-,-
,,Amarela,25,15,9,-,-,6,6,-,-,-,9,-,9,-,-,9,9,-,-,-,-,-,-,-,-,-,-,-,-,-,-,-,-,-,-,-,-,-,-,-
,,Parda,5554,2604,2798,151,-,1049,462,560,27,-,1759,832,867,60,-,1964,950,974,39,-,568,267,275,25,-,126,44,82,-,-,20,20,-,-,-,-,-,-,-,-
,,Indígena,84,30,54,-,-,-,-,-,-,-,40,12,27,-,-,29,6,23,-,-,14,10,3,-,-,-,-,-,-,-,-,-,-,-,-,-,-,-,-,-
,18 a 64 anos,Total,562044,188938,79334,205461,88311,73168,19848,10616,28302,14403,171077,47319,22538,68917,32303,204185,77216,30089,71327,25554,79596,31228,10877,26359,11132,21743,8646,3069,6515,3514,3420,1326,500,1008,587,2334,815,546,755,219
,,Branca,217072,63292,27050,82944,43786,30078,7207,3551,12193,7127,69923,16630,8389,28352,16553,75162,24829,9840,28227,12266,29415,10609,3497,9955,5355,8138,2625,1020,2690,1803,1136,416,146,314,260,662,181,130,236,116
,,Preta,42392,17661,6555,13799,4376,4519,1560,724,1658,576,12056,3947,1905,4405,1799,15970,7431,2592,4869,1077,6889,3305,892,2071,621,1896,965,245,476,211,254,124,47,43,39,243,108,79,44,12
,,Amarela,952,244,149,310,249,182,67,29,27,59,287,66,10,105,106,297,50,60,140,47,138,47,36,39,16,31,10,-,-,21,-,-,-,-,-,-,-,-,-,-
,,Parda,295945,105889,44707,106274,39075,37703,10888,6192,14130,6494,87211,26263,12031,35367,13551,110603,44034,17199,37488,11882,42421,17024,6359,13971,5067,11435,4978,1773,3234,1450,1969,754,307,620,287,1427,526,335,475,91
,,Indígena,5683,1853,872,2133,824,687,126,120,293,147,1599,414,204,689,293,2154,871,398,604,281,733,243,93,323,73,243,68,30,115,29,60,31,-,30,-,2,-,2,-,-
,65 anos ou mais,Total,12282,7693,881,1929,1779,1417,764,154,254,245,3520,2005,290,594,631,4469,2966,282,640,580,1738,1266,57,285,129,655,388,71,99,98,82,30,-,22,30,77,39,19,-,19
,,Branca,5441,3006,344,947,1143,681,327,68,149,137,1692,863,128,293,407,1913,1167,82,301,363,676,430,25,125,96,298,131,31,47,88,25,-,-,12,14,20,10,-,-,10
,,Preta,891,667,48,126,50,118,83,14,21,-,254,145,8,69,32,312,264,26,14,9,98,98,-,-,-,51,29,-,23,-,-,-,-,-,-,19,10,-,-,9
,,Amarela,8,-,-,8,-,8,-,-,8,-,-,-,-,-,-,-,-,-,-,-,-,-,-,-,-,-,-,-,-,-,-,-,-,-,-,-,-,-,-,-
,,Parda,5778,3912,471,837,558,580,345,68,76,91,1557,986,151,232,188,2191,1501,174,315,200,922,710,19,160,33,284,206,39,29,10,56,30,-,11,16,38,19,19,-,-
,,Indígena,164,107,19,10,28,29,10,3,-,16,18,12,3,-,4,52,34,-,10,8,42,29,13,-,-,22,22,-,-,-,-,-,-,-,-,-,-,-,-,-
Serra Talhada,Total,Total,126353,38112,16816,50782,20643,23159,5467,2661,10274,4757,42846,10750,5081,18509,8505,37710,13524,5529,14204,4452,13605,4997,2028,4681,1899,3972,1405,581,1335,651,1051,388,174,370,119,2353,971,442,786,154
,,Branca,37578,9995,4474,14953,8156,7604,1706,833,3216,1849,13565,2973,1359,5665,3568,10211,3293,1392,3910,1617,3764,1262,556,1310,637,1017,226,130,340,321,333,102,34,139,58,663,263,109,237,55
,,Preta,10485,3933,1515,3970,1067,1607,495,235,628,249,3309,1026,448,1430,405,3292,1422,504,1132,234,1311,540,200,437,135,523,291,51,140,42,69,15,28,23,3,239,97,35,107,-
,,Amarela,167,58,-,97,13,44,-,-,41,3,12,5,-,3,3,93,41,-,52,-,11,5,-,-,7,-,-,-,-,-,-,-,-,-,-,7,7,-,-,-
,,Parda,71564,22505,9919,28823,10317,12717,3067,1475,5751,2423,24056,6336,3008,10537,4175,22041,8146,3334,8232,2330,7664,2920,1151,2630,963,2153,823,371,713,246,597,269,95,187,47,1371,586,275,418,92
,,Indígena,6559,1621,908,2939,1090,1187,199,118,637,233,1905,410,266,875,354,2074,624,300,879,271,854,271,120,305,158,279,65,29,142,43,52,3,18,21,11,72,18,24,23,8
,10 a 17 anos,Total,1920,747,1083,90,-,489,212,269,8,-,611,165,399,48,-,563,253,285,24,-,140,49,81,10,-,68,39,29,-,-,-,-,-,-,-,12,-,12,-,-
,,Branca,466,191,267,8,-,127,63,64,-,-,151,46,106,-,-,143,75,60,8,-,21,-,21,-,-,11,8,4,-,-,-,-,-,-,-,12,-,12,-,-
,,Preta,200,59,123,19,-,59,26,31,3,-,49,4,39,6,-,36,4,32,-,-,18,8,-,10,-,38,17,21,-,-,-,-,-,-,-,-,-,-,-,-
,,Amarela,-,-,-,-,-,-,-,-,-,-,-,-,-,-,-,-,-,-,-,-,-,-,-,-,-,-,-,-,-,-,-,-,-,-,-,-,-,-,-,-
,,Parda,1170,468,639,63,-,282,117,160,5,-,381,107,232,42,-,359,162,181,16,-,95,40,55,-,-,19,15,4,-,-,-,-,-,-,-,-,-,-,-,-
,,Indígena,84,29,55,-,-,20,6,14,-,-,30,8,22,-,-,25,13,12,-,-,6,2,4,-,-,-,-,-,-,-,-,-,-,-,-,-,-,-,-,-
,18 a 64 anos,Total,121826,35757,15566,50236,20267,22191,5023,2348,10130,4689,41271,10036,4634,18252,8349,36319,12707,5186,14094,4331,13257,4768,1940,4655,1894,3836,1337,542,1327,630,1036,374,174,370,119,2330,960,430,786,154
,,Branca,36205,9318,4118,14803,7966,7293,1537,756,3183,1817,12996,2742,1217,5569,3467,9852,3085,1291,3890,1584,3703,1229,535,1307,632,991,219,126,340,306,324,93,34,139,58,651,263,96,237,55
,,Preta,9991,3673,1383,3894,1041,1515,467,196,604,249,3156,948,409,1405,393,3174,1353,472,1128,221,1237,489,200,413,135,468,256,30,140,42,69,15,28,23,3,239,97,35,107,-
,,Amarela,167,58,-,97,13,44,-,-,41,3,12,5,-,3,3,93,41,-,52,-,11,5,-,-,7,-,-,-,-,-,-,-,-,-,-,7,7,-,-,-
,,Parda,69083,21185,9211,28515,10172,12178,2831,1293,5665,2389,23247,5952,2764,10399,4132,21205,7646,3135,8156,2268,7477,2796,1089,2630,963,2101,799,357,705,239,591,262,95,187,47,1360,575,275,418,92
,,Indígena,6379,1523,853,2927,1076,1160,188,104,637,231,1861,388,244,875,354,1995,582,288,867,259,829,250,116,305,158,276,63,29,142,43,52,3,18,21,11,72,18,24,23,8
,65 anos ou mais,Total,2607,1608,167,456,376,479,232,44,136,67,963,549,48,210,156,828,563,58,86,121,208,180,7,17,4,68,29,10,8,21,15,15,-,-,-,11,11,-,-,-
,,Branca,907,486,89,142,190,184,107,13,33,32,418,186,36,95,101,216,132,40,11,33,40,33,-,3,4,15,-,-,-,15,8,8,-,-,-,-,-,-,-,-
,,Preta,293,202,9,57,26,33,3,9,21,-,104,74,-,18,12,82,64,-,4,14,56,42,-,14,-,18,18,-,-,-,-,-,-,-,-,-,-,-,-,-
,,Amarela,-,-,-,-,-,-,-,-,-,-,-,-,-,-,-,-,-,-,-,-,-,-,-,-,-,-,-,-,-,-,-,-,-,-,-,-,-,-,-,-
,,Parda,1311,851,69,245,146,256,118,22,82,34,428,277,12,96,43,477,338,18,59,62,92,85,7,-,-,33,9,10,8,6,6,6,-,-,-,11,11,-,-,-
,,Indígena,96,69,-,12,14,6,4,-,-,2,13,13,-,-,-,53,29,-,12,13,20,20,-,-,-,2,2,-,-,-,-,-,-,-,-,-,-,-,-,-
Petrolina,Total,Total,290680,82084,42611,116906,49079,35880,7864,4834,15113,8070,86993,20313,11907,36496,18277,105504,33294,16564,41513,14133,42741,14449,6522,16385,5384,12514,4071,1693,4645,2104,2271,590,291,906,484,1825,552,370,711,193
,,Branca,73658,17183,9217,29650,17608,10293,1942,1172,4323,2856,24085,4157,2763,10132,7033,25296,6788,3616,9935,4958,9388,2917,1149,3484,1839,2859,877,278,1080,623,624,146,56,315,106,418,117,79,144,78
,,Preta,36501,11999,5694,14064,4744,4077,1101,633,1554,789,9693,2875,1447,3960,1412,13465,4694,2349,4939,1482,6755,2448,931,2721,655,1621,602,161,623,234,228,66,26,52,83,236,68,67,69,32
,,Amarela,420,65,49,136,170,47,4,7,15,20,185,37,11,93,44,122,6,30,8,78,62,14,-,21,28,-,-,-,-,-,-,-,-,-,-,4,4,-,-,-
,,Parda,176314,51794,27078,71475,25968,20990,4731,2956,9038,4265,52124,13092,7560,21856,9615,64848,21220,10277,25925,7426,26110,8930,4376,10002,2801,7923,2542,1245,2915,1222,1404,376,208,526,295,1125,354,207,481,83
,,Indígena,3786,1043,574,1581,588,473,86,64,183,140,906,152,125,456,174,1772,586,292,706,189,426,141,66,157,61,111,50,9,27,25,15,2,-,13,-,43,9,17,17,-
,10 a 17 anos,Total,4626,2052,2391,184,-,699,293,399,7,-,1584,744,771,70,-,1645,661,924,60,-,481,226,214,41,-,187,105,76,6,-,4,1,3,-,-,5,5,-,-,-
,,Branca,998,421,518,58,-,109,19,90,-,-,383,184,190,9,-,368,151,195,21,-,79,35,15,28,-,56,31,24,-,-,-,-,-,-,-,-,-,-,-,-
,,Preta,560,345,204,11,-,97,62,35,-,-,203,138,54,11,-,203,100,104,-,-,32,22,10,-,-,17,16,1,-,-,1,1,-,-,-,-,-,-,-,-
,,Amarela,-,-,-,-,-,-,-,-,-,-,-,-,-,-,-,-,-,-,-,-,-,-,-,-,-,-,-,-,-,-,-,-,-,-,-,-,-,-,-,-
,,Parda,3025,1273,1637,115,-,491,211,273,7,-,997,420,527,50,-,1035,402,594,38,-,369,167,189,14,-,115,58,51,6,-,3,-,3,-,-,5,5,-,-,-
,,Indígena,44,12,32,-,-,2,1,1,-,-,2,2,-,-,-,39,8,31,-,-,1,1,-,-,-,-,-,-,-,-,-,-,-,-,-,-,-,-,-,-
,18 a 64 anos,Total,280882,77017,39868,115846,48151,34415,7181,4390,14931,7914,84183,18938,11085,36183,17978,101884,31366,15512,41174,13833,41479,13737,6230,16246,5267,12075,3838,1566,4581,2090,2227,567,287,906,466,1783,532,370,700,182
,,Branca,71021,16005,8607,29208,17201,9853,1822,1046,4201,2785,23308,3807,2559,10049,6894,24397,6341,3392,9799,4864,9090,2775,1122,3417,1777,2731,800,254,1068,609,593,134,56,315,89,403,112,79,133,78
,,Preta,35143,11034,5456,13978,4675,3913,976,598,1554,784,9330,2605,1389,3935,1401,12916,4309,2235,4910,1461,6542,2309,901,2698,634,1570,563,160,612,234,227,65,26,52,83,224,68,67,69,21
,,Amarela,386,51,40,136,158,47,4,7,15,20,171,23,11,93,44,113,6,21,8,78,51,14,-,21,17,-,-,-,-,-,-,-,-,-,-,4,4,-,-,-
,,Parda,170657,48942,25222,70943,25549,20146,4308,2675,8978,4185,50482,12356,7001,21650,9475,62754,20151,9602,25750,7251,25371,8499,4140,9953,2778,7663,2425,1143,2873,1222,1392,366,205,526,295,1110,339,207,481,83
,,Indígena,3676,984,542,1581,569,456,70,63,183,140,893,147,125,456,164,1704,559,261,706,178,425,140,66,157,61,111,50,9,27,25,15,2,-,13,-,43,9,17,17,-
,65 anos ou mais,Total,5171,3016,353,875,927,766,390,44,175,156,1225,631,52,243,299,1975,1267,128,279,301,781,487,78,98,118,252,128,51,58,14,40,22,-,-,18,37,15,-,11,11
,,Branca,1639,757,91,383,407,330,101,37,122,71,395,167,15,74,138,532,295,28,114,94,219,107,11,39,62,73,46,-,12,14,30,13,-,-,18,15,5,-,11,-
,,Preta,799,620,34,75,69,68,63,-,-,5,160,132,4,13,11,345,285,11,29,21,180,116,20,23,21,34,24,-,11,-,-,-,-,-,-,11,-,-,-,11
,,Amarela,34,14,9,-,11,-,-,-,-,-,14,14,-,-,-,9,-,9,-,-,11,-,-,-,11,-,-,-,-,-,-,-,-,-,-,-,-,-,-,-
,,Parda,2633,1578,219,417,419,354,212,8,53,81,645,316,33,156,141,1059,667,80,136,175,370,264,47,36,23,145,58,51,36,-,10,10,-,-,-,11,11,-,-,-
,,Indígena,67,47,-,-,20,14,14,-,-,-,11,2,-,-,9,30,20,-,-,11,-,-,-,-,-,-,-,-,-,-,-,-,-,-,-,-,-,-,-,-
Maceió,Total,Total,635451,172705,93184,236730,132832,58951,15790,9244,22171,11746,134509,32499,17696,51576,32738,204585,58144,31239,73314,41888,149234,39468,21189,56856,31721,70624,20751,11151,26439,12283,6547,2428,1076,2209,834,2062,765,392,609,297
,,Branca,189344,40393,22931,70056,55964,17952,3951,2463,7003,4535,41436,8022,4403,15257,13754,60393,13457,7048,21710,18178,44996,8973,5562,16531,13929,19539,4628,2851,7565,4496,1279,384,130,486,279,647,229,127,227,63
,,Preta,82296,27300,14244,28704,12048,6881,2346,1345,2176,1014,15642,4341,2325,6074,2903,26594,9645,4740,8766,3443,20726,6642,3427,7530,3127,9992,3350,2023,3399,1220,1064,403,158,326,176,328,157,57,58,56
,,Amarela,1348,431,174,450,293,73,23,-,41,9,360,80,89,108,83,420,126,24,152,118,299,92,28,107,72,181,95,32,42,11,4,4,-,-,-,-,-,-,-,-
,,Parda,360579,104030,55528,136823,64198,33756,9404,5374,12855,6123,76662,19963,10831,29978,15890,116708,34755,19357,42512,20084,82676,23630,12094,32448,14503,40791,12610,6195,15430,6556,4175,1636,787,1373,380,1083,375,207,324,178
,,Indígena,1882,550,307,697,329,288,66,61,95,66,409,94,48,159,108,469,160,69,174,65,538,131,78,241,89,121,68,50,4,-,25,1,-,24,-,4,4,-,-,-
,10 a 17 anos,Total,6968,2848,3819,301,-,1482,785,670,27,-,1763,682,1041,40,-,2187,906,1143,137,-,875,252,589,34,-,527,181,288,58,-,24,7,11,5,-,-,-,-,-,-
,,Branca,1958,732,1162,64,-,460,258,201,2,-,532,192,311,29,-,431,167,243,21,-,335,47,287,-,-,118,47,59,12,-,-,-,-,-,-,-,-,-,-,-
,,Preta,867,406,387,73,-,136,106,30,-,-,117,47,70,-,-,404,173,178,53,-,132,28,83,21,-,65,42,23,-,-,9,5,4,-,-,-,-,-,-,-
,,Amarela,10,-,10,-,-,-,-,-,-,-,10,-,10,-,-,-,-,-,-,-,-,-,-,-,-,-,-,-,-,-,-,-,-,-,-,-,-,-,-,-
,,Parda,4108,1691,2253,164,-,882,418,440,25,-,1102,441,650,11,-,1339,554,722,64,-,402,176,213,13,-,345,92,207,46,-,15,2,8,5,-,-,-,-,-,-
,,Indígena,25,19,7,-,-,4,4,-,-,-,2,2,-,-,-,13,13,-,-,-,6,-,6,-,-,-,-,-,-,-,-,-,-,-,-,-,-,-,-,-
,18 a 64 anos,Total,614579,163759,88240,234159,128421,55896,14195,8449,21938,11314,129694,30318,16428,51035,31913,198182,55613,29708,72470,40391,145246,37931,20393,56289,30633,68845,20038,10776,26173,11858,6401,2376,1039,2183,803,1970,693,371,609,297
,,Branca,182102,37899,21350,69122,53730,16916,3492,2221,6892,4311,39713,7304,3979,15037,13393,58137,12840,6664,21419,17214,43701,8625,5174,16362,13540,18951,4436,2770,7454,4291,1257,362,130,486,279,595,177,127,227,63
,,Preta,79659,25773,13729,28342,11815,6604,2138,1297,2176,993,15203,4108,2246,5999,2850,25699,9146,4526,8612,3415,20053,6297,3323,7415,3019,9752,3197,1978,3382,1195,1046,389,155,326,176,291,141,37,58,56
,,Amarela,1299,400,164,442,293,64,23,-,33,9,319,49,79,108,83,420,126,24,152,118,299,92,28,107,72,181,95,32,42,11,4,4,-,-,-,-,-,-,-,-
,,Parda,349701,99169,52697,135558,62277,32036,8481,4869,12742,5944,74070,18769,10077,29733,15491,113478,33362,18425,42112,19579,80664,22790,11796,32165,13913,39840,12242,5946,15291,6361,4068,1619,754,1347,348,1080,371,207,324,178
,,Indígena,1819,518,300,695,307,275,62,61,95,56,390,89,48,157,96,448,140,69,174,65,529,128,72,241,89,121,68,50,4,-,25,1,-,24,-,4,4,-,-,-
,65 anos ou mais,Total,13903,6098,1125,2269,4411,1573,810,125,206,433,3052,1499,226,501,825,4216,1625,388,706,1497,3113,1286,207,533,1088,1252,533,86,209,425,122,45,26,21,31,92,71,21,-,-
,,Branca,5284,1762,419,870,2234,575,202,42,109,223,1191,526,113,190,361,1825,451,141,269,964,960,301,101,169,390,471,145,22,99,205,22,22,-,-,-,52,52,-,-,-
,,Preta,1771,1122,127,288,234,141,103,18,-,21,323,186,9,75,53,492,326,36,101,28,541,317,21,94,108,175,112,22,17,24,8,8,-,-,-,37,16,21,-,-
,,Amarela,39,31,-,8,-,8,-,-,8,-,31,31,-,-,-,-,-,-,-,-,-,-,-,-,-,-,-,-,-,-,-,-,-,-,-,-,-,-,-,-
,,Parda,6771,3170,578,1102,1921,838,506,65,89,179,1490,753,104,234,399,1891,840,210,336,505,1609,664,85,269,590,606,276,42,92,195,92,14,26,21,31,3,3,-,-,-
,,Indígena,38,14,-,2,22,10,-,-,-,10,17,3,-,2,12,8,8,-,-,-,3,3,-,-,-,-,-,-,-,-,-,-,-,-,-,-,-,-,-,-
Arapiraca,Total,Total,268295,90955,41352,90500,45488,40146,11141,5801,14415,8789,85232,24356,12366,31440,17070,91024,34942,14596,29302,12183,34087,13020,5615,10177,5275,9407,3686,1442,2641,1638,2149,859,322,736,232,3070,1557,636,820,57
,,Branca,73643,20708,10218,26044,16671,11454,2714,1620,4222,2899,24861,5781,3284,9261,6534,24354,7929,3375,8594,4456,8483,2779,1227,2517,1961,2519,781,339,780,619,503,141,62,222,78,603,255,164,153,31
,,Preta,23072,10260,3726,6611,2474,3325,1140,528,1079,577,6701,2581,1046,2145,929,8412,4232,1342,2319,519,3073,1571,526,632,343,895,384,178,238,96,156,75,39,33,9,256,127,35,93,-
,,Amarela,394,157,68,117,52,34,9,-,9,16,86,28,11,35,12,169,72,23,50,24,48,30,5,13,-,42,11,22,9,-,-,-,-,-,-,16,8,8,-,-
,,Parda,168448,58936,26934,56740,25838,24816,7155,3574,8888,5199,52763,15756,7902,19687,9418,57309,22380,9748,18121,7060,22144,8518,3806,6885,2936,5892,2490,894,1594,914,1465,637,214,469,145,2060,1098,413,523,26
,,Indígena,2739,893,405,988,453,518,124,79,216,99,822,211,122,312,177,780,329,107,219,124,338,123,51,129,35,59,19,9,21,9,25,7,6,12,-,134,68,16,51,-
,10 a 17 anos,Total,5060,2451,2480,129,-,1091,657,401,32,-,1713,848,862,3,-,1559,624,874,61,-,517,245,255,17,-,126,48,63,15,-,11,8,3,-,-,20,12,8,-,-
,,Branca,1320,697,580,44,-,276,179,91,6,-,527,306,221,-,-,329,111,184,34,-,121,78,43,-,-,63,18,41,4,-,-,-,-,-,-,-,-,-,-,-
,,Preta,473,294,179,-,-,90,61,30,-,-,113,71,42,-,-,175,102,73,-,-,48,48,-,-,-,34,13,21,-,-,-,-,-,-,-,-,-,-,-,-
,,Amarela,16,8,8,-,-,-,-,-,-,-,-,-,-,-,-,-,-,-,-,-,8,8,-,-,-,-,-,-,-,-,-,-,-,-,-,8,-,8,-,-
,,Parda,3201,1434,1682,85,-,712,416,270,27,-,1050,462,585,3,-,1049,404,617,27,-,332,110,205,17,-,29,16,2,11,-,11,8,3,-,-,12,12,-,-,-
,,Indígena,50,18,32,-,-,12,1,11,-,-,23,9,14,-,-,7,7,-,-,-,8,1,7,-,-,-,-,-,-,-,-,-,-,-,-,-,-,-,-,-
,18 a 64 anos,Total,258591,85240,38538,89863,44950,38288,10020,5321,14279,8669,81972,22592,11362,31202,16816,88016,33184,13634,29108,12090,33005,12264,5345,10131,5264,9111,3528,1378,2619,1586,2126,848,311,736,232,3038,1532,628,820,57
,,Branca,70907,19196,9457,25851,16402,10907,2401,1475,4181,2850,23799,5209,2980,9212,6399,23641,7569,3158,8510,4404,8266,2624,1175,2505,1961,2362,705,298,772,586,500,137,62,222,78,603,255,164,153,31
,,Preta,21977,9421,3527,6562,2468,3157,1027,499,1054,577,6432,2382,995,2129,926,8007,3921,1258,2314,515,2906,1404,526,632,343,852,365,157,234,96,155,74,39,33,9,256,127,35,93,-
,,Amarela,378,149,60,117,52,34,9,-,9,16,86,28,11,35,12,169,72,23,50,24,40,22,5,13,-,42,11,22,9,-,-,-,-,-,-,8,8,-,-,-
,,Parda,162698,55613,25121,56357,25606,23695,6460,3279,8818,5138,50870,14773,7268,19514,9315,55439,21302,9089,18026,7022,21473,8103,3595,6851,2925,5796,2427,892,1583,894,1446,629,203,469,145,2036,1074,413,523,26
,,Indígena,2631,861,373,976,422,495,123,68,216,88,785,201,108,312,164,760,321,107,208,124,320,111,44,129,35,59,19,9,21,9,25,7,6,12,-,134,68,16,51,-
,65 anos ou mais,Total,4644,3264,333,508,538,767,464,79,104,120,1548,916,141,235,255,1448,1135,87,133,93,565,511,15,29,11,169,110,-,8,52,12,4,8,-,-,12,12,-,-,-
,,Branca,1416,816,182,150,269,271,133,53,36,49,535,266,83,50,136,384,249,33,50,52,97,77,9,11,-,94,57,-,4,32,3,3,-,-,-,-,-,-,-,-
,,Preta,622,545,20,50,6,78,53,-,25,-,156,128,9,16,3,230,210,11,5,4,119,119,-,-,-,9,5,-,4,-,1,1,-,-,-,-,-,-,-,-
,,Amarela,-,-,-,-,-,-,-,-,-,-,-,-,-,-,-,-,-,-,-,-,-,-,-,-,-,-,-,-,-,-,-,-,-,-,-,-,-,-,-,-
,,Parda,2550,1889,132,298,231,408,279,26,44,60,843,521,49,170,103,821,674,43,67,38,339,305,6,17,11,67,47,-,-,19,8,-,8,-,-,12,12,-,-,-
,,Indígena,57,15,-,11,31,11,-,-,-,11,14,1,-,-,13,13,2,-,11,-,11,11,-,-,-,-,-,-,-,-,-,-,-,-,-,-,-,-,-,-
Aracaju,Total,Total,511070,118361,70448,204095,118166,43404,10906,6234,16604,9660,113442,21698,13659,45456,32628,172607,39465,22838,66904,43399,116711,28454,17546,48729,21982,49211,13449,7752,20117,7894,4960,1470,789,1842,858,2635,522,468,1168,476
,,Branca,119093,21551,14173,44677,38692,10557,2276,1443,3720,3118,29299,4502,2808,11298,10691,40503,6999,4767,13985,14751,25106,4681,3290,10345,6790,10138,2278,1401,4011,2447,1088,165,135,410,379,562,164,58,211,128
,,Preta,89480,24191,12611,37356,15322,6737,2043,980,2562,1153,17388,3956,1885,7388,4159,29938,7736,4302,12385,5516,22247,6431,3446,9594,2776,10065,3051,1594,4145,1275,1029,398,126,355,149,603,117,117,308,62
,,Amarela,957,251,65,390,251,127,53,-,46,28,321,53,27,135,106,285,94,28,81,83,136,4,10,107,14,43,31,-,-,12,-,-,-,-,-,9,-,-,-,9
,,Parda,299856,71943,43298,120941,63674,25849,6525,3811,10168,5344,66177,13164,8928,26461,17624,101375,24491,13616,40264,23005,68695,17185,10672,28532,12306,28755,8012,4730,11874,4138,2843,907,528,1077,330,1461,241,293,649,278
,,Indígena,1685,425,302,731,228,135,9,-,108,18,257,24,11,174,48,506,145,126,190,45,527,153,128,151,96,211,76,27,86,22,-,-,-,-,-,-,-,-,-,-
,10 a 17 anos,Total,5148,2170,2862,116,-,908,464,417,27,-,1377,531,820,25,-,1532,690,820,22,-,924,357,545,21,-,282,42,219,21,-,26,26,-,-,-,14,-,14,-,-
,,Branca,1098,370,715,12,-,221,106,115,-,-,312,88,220,4,-,295,100,195,-,-,221,51,162,8,-,40,20,20,-,-,-,-,-,-,-,-,-,-,-,-
,,Preta,847,325,509,14,-,182,90,89,2,-,172,49,123,-,-,260,92,167,1,-,97,60,37,-,-,109,6,93,10,-,-,-,-,-,-,-,-,-,-,-
,,Amarela,31,31,-,-,-,-,-,-,-,-,-,-,-,-,-,31,31,-,-,-,-,-,-,-,-,-,-,-,-,-,-,-,-,-,-,-,-,-,-,-
,,Parda,3147,1423,1633,90,-,506,268,213,24,-,892,394,477,21,-,925,447,458,20,-,601,247,341,13,-,132,16,106,11,-,26,26,-,-,-,14,-,14,-,-
,,Indígena,25,20,5,-,-,-,-,-,-,-,-,-,-,-,-,20,20,-,-,-,5,-,5,-,-,-,-,-,-,-,-,-,-,-,-,-,-,-,-,-
,18 a 64 anos,Total,495109,111930,66599,201671,114909,41592,10072,5741,16414,9365,109350,20151,12667,44993,31540,167467,37483,21724,65995,42266,113547,27190,16663,48147,21546,48104,13082,7437,19947,7637,4823,1381,789,1820,832,2577,511,443,1168,455
,,Branca,114500,20154,13150,43807,37390,10037,2096,1313,3636,2993,28076,4174,2560,11127,10214,38967,6516,4452,13631,14367,24271,4392,3050,10195,6633,9869,2242,1315,3977,2335,1018,142,135,388,352,540,164,58,211,107
,,Preta,86958,22931,11929,37007,15091,6338,1790,891,2526,1131,16833,3684,1725,7346,4078,29187,7370,4082,12294,5442,21728,6191,3337,9456,2743,9878,2996,1501,4127,1254,1017,387,126,355,149,581,106,106,308,62
,,Amarela,917,211,65,390,251,127,53,-,46,28,321,53,27,135,106,254,62,28,81,83,136,4,10,107,14,43,31,-,-,12,-,-,-,-,-,9,-,-,-,9
,,Parda,291194,68266,41184,119772,61971,24954,6123,3537,10098,5195,63884,12216,8345,26230,17093,98607,23426,13035,39817,22330,66924,16458,10169,28238,12060,28125,7737,4595,11756,4037,2788,852,528,1077,330,1447,241,279,649,278
,,Indígena,1539,368,271,693,206,135,9,-,108,18,237,24,11,154,48,452,109,126,172,45,487,144,97,151,96,189,76,27,86,-,-,-,-,-,-,-,-,-,-,-
,65 anos ou mais,Total,10813,4261,987,2308,3257,905,370,76,163,296,2715,1016,171,438,1088,3608,1292,295,887,1133,2241,907,338,560,435,825,324,96,149,257,111,63,-,22,26,43,11,11,-,21
,,Branca,3494,1027,308,857,1303,300,74,16,85,125,911,240,27,167,477,1241,383,120,354,384,615,238,78,142,157,229,16,66,34,112,70,22,-,22,26,21,-,-,-,21
,,Preta,1674,935,173,335,231,217,162,-,33,21,383,223,38,41,81,490,274,53,90,74,422,180,71,138,33,78,49,-,8,21,12,12,-,-,-,22,11,11,-,-
,,Amarela,8,8,-,-,-,-,-,-,-,-,-,-,-,-,-,-,-,-,-,-,-,-,-,-,-,-,-,-,-,-,-,-,-,-,-,-,-,-,-,-
,,Parda,5515,2254,481,1079,1702,388,133,60,45,149,1401,554,106,210,531,1843,619,122,426,675,1169,480,163,281,246,497,259,29,107,101,29,29,-,-,-,-,-,-,-,-
,,Indígena,122,37,26,37,22,-,-,-,-,-,19,-,-,19,-,34,16,-,18,-,35,9,26,-,-,22,-,-,-,22,-,-,-,-,-,-,-,-,-,-
Itabaiana,Total,Total,195614,78528,32318,58615,26153,32167,10402,5301,10899,5565,66397,22970,10645,22340,10442,61899,29468,10504,16147,5779,22709,10150,3849,5954,2757,7970,3290,1268,2150,1262,1372,676,210,327,160,1189,604,262,262,60
,,Branca,52836,19714,8267,16336,8519,9616,2704,1538,3426,1948,18828,6257,2867,6400,3304,15985,7229,2643,4259,1853,5191,2233,769,1314,875,2118,789,298,615,416,318,144,28,70,75,271,114,48,96,13
,,Preta,19043,8539,3408,5122,1974,2837,1079,629,742,386,5714,2047,1002,1951,715,6411,3371,1043,1492,504,2615,1240,515,616,244,927,472,166,200,89,149,88,26,27,8,182,116,14,33,18
,,Amarela,151,45,17,65,23,28,10,-,18,-,68,16,17,11,23,40,13,-,27,-,16,6,-,10,-,-,-,-,-,-,-,-,-,-,-,-,-,-,-,-
,,Parda,123328,50147,20594,36978,15610,19625,6605,3128,6667,3225,41704,14619,6755,13947,6384,39406,18828,6797,10361,3420,14856,6662,2563,3995,1636,4912,2018,803,1333,758,902,444,154,227,77,735,374,199,132,30
,,Indígena,255,82,33,114,26,62,4,5,47,6,84,31,4,32,16,56,26,21,8,2,32,9,2,19,2,13,11,-,2,-,4,-,1,3,-,-,-,-,-,-
,10 a 17 anos,Total,3171,1721,1383,66,-,749,380,352,17,-,1041,577,449,15,-,923,511,383,28,-,319,175,138,6,-,84,63,20,-,-,25,-,25,-,-,-,-,-,-,-
,,Branca,863,412,422,28,-,199,70,128,-,-,340,163,177,-,-,273,127,117,28,-,37,37,-,-,-,5,5,-,-,-,-,-,-,-,-,-,-,-,-,-
,,Preta,283,161,116,6,-,91,59,26,6,-,73,31,42,-,-,85,57,28,-,-,5,-,5,-,-,15,15,-,-,-,15,-,15,-,-,-,-,-,-,-
,,Amarela,-,-,-,-,-,-,-,-,-,-,-,-,-,-,-,-,-,-,-,-,-,-,-,-,-,-,-,-,-,-,-,-,-,-,-,-,-,-,-,-
,,Parda,2024,1148,844,32,-,458,251,196,11,-,628,383,229,15,-,565,327,238,-,-,277,138,133,6,-,64,44,20,-,-,10,-,10,-,-,-,-,-,-,-
,,Indígena,1,-,1,-,-,1,-,1,-,-,-,-,-,-,-,-,-,-,-,-,-,-,-,-,-,-,-,-,-,-,-,-,-,-,-,-,-,-,-,-
,18 a 64 anos,Total,188902,74017,30674,58239,25972,30978,9696,4924,10829,5529,64143,21481,10060,22237,10365,59894,28077,10069,15994,5754,21839,9500,3679,5928,2732,7711,3090,1232,2140,1249,1331,676,185,316,156,1178,594,262,262,60
,,Branca,50845,18442,7762,16212,8430,9251,2509,1401,3416,1926,18060,5814,2628,6364,3254,15385,6835,2515,4181,1853,5021,2068,769,1314,870,2052,735,298,615,403,318,144,28,70,75,271,114,48,96,13
,,Preta,18208,7948,3249,5049,1963,2720,995,603,736,386,5469,1870,959,1925,715,6087,3102,1009,1472,504,2541,1209,489,606,237,882,443,151,200,89,118,88,12,15,3,182,116,14,33,18
,,Amarela,151,45,17,65,23,28,10,-,18,-,68,16,17,11,23,40,13,-,27,-,16,6,-,10,-,-,-,-,-,-,-,-,-,-,-,-,-,-,-,-
,,Parda,119455,47511,19614,36799,15530,18918,6179,2916,6613,3211,40462,13749,6452,13905,6357,38325,18100,6525,10306,3394,14229,6209,2418,3979,1623,4775,1911,783,1324,758,892,444,144,227,77,725,364,199,132,30
,,Indígena,243,71,32,114,26,61,4,4,47,6,84,31,4,32,16,56,26,21,8,2,32,9,2,19,2,2,-,-,2,-,4,-,1,3,-,-,-,-,-,-
,65 anos ou mais,Total,3541,2789,262,310,181,440,325,25,53,36,1213,912,136,88,77,1082,880,52,125,25,551,474,32,20,25,175,137,16,9,13,16,-,-,12,4,10,10,-,-,-
,,Branca,1128,860,83,96,90,166,124,10,10,22,427,279,62,36,50,328,267,11,50,-,133,128,-,-,5,61,48,-,-,13,-,-,-,-,-,-,-,-,-,-
,,Preta,552,430,43,68,11,25,25,-,-,-,172,146,-,26,-,239,212,7,20,-,69,31,21,10,7,30,15,16,-,-,16,-,-,12,4,-,-,-,-,-
,,Amarela,-,-,-,-,-,-,-,-,-,-,-,-,-,-,-,-,-,-,-,-,-,-,-,-,-,-,-,-,-,-,-,-,-,-,-,-,-,-,-,-
,,Parda,1850,1488,135,146,80,248,175,16,43,14,614,487,74,26,27,516,401,35,55,25,349,315,11,10,14,72,63,-,9,-,-,-,-,-,-,10,10,-,-,-
,,Indígena,11,11,-,-,-,-,-,-,-,-,-,-,-,-,-,-,-,-,-,-,-,-,-,-,-,11,11,-,-,-,-,-,-,-,-,-,-,-,-,-
Salvador,Total,Total,1355471,238295,201121,618121,297933,73974,15339,12322,31745,14568,197554,34294,27884,84461,50915,405685,73704,58465,176262,97254,407104,64435,59538,193633,89499,229182,41810,36039,113090,38242,19167,4265,3130,8669,3103,7171,1338,1139,3319,1374
,,Branca,208698,22307,20692,76283,89415,12710,1953,1463,5173,4121,35264,3772,3379,11982,16130,68839,6716,6354,23115,32654,59657,5597,5671,22546,25843,26294,3625,3225,11092,8351,1942,247,223,764,707,1111,96,125,368,522
,,Preta,477670,97731,78763,229143,72033,23246,5385,4411,10143,3306,60989,12549,9977,27545,10918,135474,29649,22437,62080,21309,149594,28020,24117,74990,22467,92024,18303,14900,46848,11973,8094,2000,1392,3671,1032,2869,581,393,1584,311
,,Amarela,1378,235,232,345,566,201,57,43,34,66,202,11,54,71,67,417,45,85,108,179,349,50,39,82,178,166,65,-,48,53,-,-,-,-,-,35,-,11,2,22
,,Parda,664067,117250,100841,310716,135259,37458,7783,6357,16275,7042,100415,17863,14397,44568,23588,200140,37150,29484,90561,42944,196393,30488,29521,95568,40816,110204,19748,17761,54882,17814,9018,2011,1515,4128,1364,3154,661,610,1363,519
,,Indígena,3658,771,594,1634,659,359,161,47,119,32,684,99,77,295,212,814,144,104,397,169,1111,280,190,446,194,495,70,153,220,52,113,7,-,106,-,2,-,-,2,-
,10 a 17 anos,Total,14764,5148,8693,923,-,2006,886,1003,117,-,3737,1291,2248,198,-,4728,1506,2961,261,-,2580,975,1424,180,-,1354,345,868,141,-,61,18,43,-,-,21,20,1,-,-
,,Branca,1768,591,997,180,-,274,99,150,26,-,565,208,333,23,-,435,147,244,44,-,291,98,127,66,-,144,23,99,21,-,22,-,22,-,-,-,-,-,-,-
,,Preta,5376,1795,3289,291,-,674,281,375,18,-,1480,488,922,71,-,1766,502,1196,68,-,950,361,494,95,-,412,120,253,40,-,-,-,-,-,-,10,9,1,-,-
,,Amarela,13,-,13,-,-,13,-,13,-,-,-,-,-,-,-,-,-,-,-,-,-,-,-,-,-,-,-,-,-,-,-,-,-,-,-,-,-,-,-,-
,,Parda,7542,2739,4351,452,-,1028,488,466,74,-,1687,590,993,104,-,2518,857,1512,149,-,1324,517,788,19,-,780,202,498,80,-,39,18,21,-,-,11,11,-,-,-
,,Indígena,65,23,43,-,-,18,18,-,-,-,5,5,-,-,-,9,-,9,-,-,15,-,15,-,-,18,-,18,-,-,-,-,-,-,-,-,-,-,-,-
,18 a 64 anos,Total,1304375,221844,188328,607164,287039,69651,13674,11015,30963,14000,187963,31297,25026,82758,48882,389554,68938,54487,172748,93381,394854,60622,56905,190849,86477,222505,39469,34439,111400,37197,18512,3969,3039,8551,2954,6911,1206,1119,3298,1288
,,Branca,197642,20337,19145,73730,84430,11788,1730,1263,4936,3858,33107,3353,2996,11612,15145,65385,6128,5913,22397,30948,56943,5208,5409,21867,24459,25049,3402,3043,10694,7911,1761,226,201,745,589,1038,54,125,368,491
,,Preta,462646,91354,74366,226298,70628,21984,4818,3969,9957,3241,58389,11436,8929,27241,10783,130635,27928,20902,61083,20722,145994,26409,23248,74349,21987,89789,17256,14467,46212,11854,7904,1871,1392,3628,1012,2842,555,392,1584,311
,,Amarela,1322,225,219,337,541,178,46,31,34,66,194,11,54,62,67,393,45,85,108,154,349,50,39,82,178,166,65,-,48,53,-,-,-,-,-,35,-,11,2,22
,,Parda,639330,109248,94057,305224,130801,35369,6946,5704,15917,6802,95649,16420,12970,43584,22675,192366,34712,27503,88763,41389,190506,28689,28033,94105,39679,107025,18677,16795,54227,17327,8741,1871,1445,4072,1353,2994,597,591,1342,464
,,Indígena,3435,680,540,1576,639,332,133,47,119,32,625,76,77,259,212,776,126,84,397,169,1062,267,175,446,174,475,69,135,220,52,106,-,-,106,-,2,-,-,2,-
,65 anos ou mais,Total,36332,11303,4101,10034,10894,2316,779,304,665,568,5855,1707,610,1505,2033,11402,3260,1018,3252,3873,9671,2837,1209,2603,3021,5323,1996,732,1549,1046,594,278,49,118,149,238,111,19,21,87
,,Branca,9288,1380,549,2373,4986,648,124,50,211,263,1593,210,51,347,985,3019,441,198,674,1706,2423,291,134,614,1384,1100,199,83,378,440,158,21,-,19,118,73,42,-,-,31
,,Preta,9649,4581,1107,2554,1406,588,286,68,169,65,1120,625,126,234,135,3074,1219,339,929,587,2650,1250,375,546,479,1823,927,181,597,119,191,128,-,42,20,17,17,-,-,-
,,Amarela,44,11,-,9,25,11,11,-,-,-,9,-,-,9,-,25,-,-,-,25,-,-,-,-,-,-,-,-,-,-,-,-,-,-,-,-,-,-,-,-
,,Parda,17194,5263,2433,5041,4458,1060,349,187,285,240,3079,853,434,879,913,5256,1581,469,1650,1555,4563,1282,700,1443,1137,2399,869,468,574,487,238,122,49,57,10,149,52,19,21,56
,,Indígena,157,69,11,57,20,10,10,-,-,-,55,18,-,36,-,29,18,11,-,-,34,14,-,-,20,1,1,-,-,-,7,7,-,-,-,-,-,-,-,-
Santo Antônio de Jesus,Total,Total,278217,87462,44824,108478,37454,35645,9119,5250,14896,6381,84537,21414,13095,35861,14166,98254,35161,16026,36715,10351,37826,14269,6519,13080,3958,13675,4798,2440,4567,1869,3884,1178,625,1648,433,2100,665,480,829,127
,,Branca,37720,9014,5168,15465,8074,5530,1104,740,2156,1530,12785,2422,1495,5687,3180,12259,3356,1846,4862,2195,4652,1405,760,1779,708,1544,440,225,588,291,369,114,36,129,91,259,67,19,134,39
,,Preta,97913,33733,16578,37214,10388,11424,3295,1869,4620,1639,27503,7911,4636,11321,3635,35979,13755,5891,13326,3008,14497,5771,2503,4958,1265,5236,1949,1003,1662,623,1628,496,244,705,182,878,284,278,303,12
,,Amarela,253,89,37,84,43,38,9,9,-,19,61,5,13,43,-,97,39,10,37,11,13,13,-,-,-,26,21,-,5,-,-,-,-,-,-,5,-,5,-,-
,,Parda,141708,44461,22969,55445,18833,18562,4671,2620,8078,3193,44051,11076,6935,18729,7312,49664,17924,8241,18399,5100,18594,7045,3255,6339,1955,6840,2385,1212,2287,955,1868,568,340,801,160,946,314,177,380,76
,,Indígena,623,165,72,270,116,92,40,11,42,-,137,-,17,82,38,254,88,38,91,38,70,34,1,5,30,29,4,-,25,-,18,-,5,13,-,12,-,-,12,-
,10 a 17 anos,Total,4176,1875,2175,126,-,837,448,356,33,-,1376,525,801,50,-,1304,575,707,22,-,369,185,167,17,-,203,92,106,5,-,-,-,-,-,-,44,17,28,-,-
,,Branca,411,124,270,17,-,73,22,51,-,-,139,36,92,11,-,99,19,79,1,-,45,28,18,-,-,43,11,27,5,-,-,-,-,-,-,3,-,3,-,-
,,Preta,1377,649,701,27,-,334,186,140,8,-,401,177,215,8,-,423,181,236,6,-,107,48,53,5,-,58,33,25,-,-,-,-,-,-,-,38,17,21,-,-
,,Amarela,-,-,-,-,-,-,-,-,-,-,-,-,-,-,-,-,-,-,-,-,-,-,-,-,-,-,-,-,-,-,-,-,-,-,-,-,-,-,-,-
,,Parda,2373,1100,1190,82,-,430,240,165,25,-,824,312,481,31,-,782,376,391,15,-,216,108,97,12,-,102,48,54,-,-,-,-,-,-,-,3,-,3,-,-
,,Indígena,15,1,14,-,-,-,-,-,-,-,13,-,13,-,-,1,-,1,-,-,1,1,-,-,-,-,-,-,-,-,-,-,-,-,-,-,-,-,-,-
,18 a 64 anos,Total,268312,82014,42153,107408,36738,33801,8069,4816,14666,6250,81653,20155,12146,35514,13837,95196,33327,15191,36517,10161,36591,13481,6251,12938,3921,13136,4484,2292,4509,1851,3798,1132,625,1608,433,2046,645,452,822,127
,,Branca,36026,8361,4727,15158,7780,5206,980,663,2082,1481,12212,2267,1333,5575,3038,11839,3203,1721,4810,2106,4425,1264,714,1752,695,1457,402,198,567,291,359,103,36,129,91,256,67,16,134,39
,,Preta,94991,31875,15809,37010,10297,10870,2910,1722,4599,1639,26725,7483,4408,11264,3570,35084,13175,5627,13292,2990,14112,5493,2430,4923,1265,5078,1830,978,1656,614,1598,487,244,684,182,834,268,257,296,12
,,Amarela,233,75,37,78,43,33,4,9,-,19,55,5,13,36,-,89,31,10,37,11,13,13,-,-,-,26,21,-,5,-,-,-,-,-,-,5,-,5,-,-
,,Parda,136466,41539,21521,54905,18501,17600,4136,2410,7945,3110,42536,10400,6389,18556,7190,47931,16830,7797,18288,5017,17972,6677,3106,6258,1931,6546,2228,1117,2256,945,1836,541,340,795,160,940,311,174,380,76
,,Indígena,596,164,59,257,116,92,40,11,42,-,125,-,4,82,38,253,88,37,91,38,69,33,1,5,30,29,4,-,25,-,5,-,5,-,-,12,-,-,12,-
,65 anos ou mais,Total,5729,3573,495,944,716,1007,602,78,197,131,1508,734,148,297,329,1754,1260,128,177,190,865,603,100,126,37,335,222,42,53,19,86,47,-,40,-,9,3,-,6,-
,,Branca,1283,529,171,290,293,251,103,26,74,49,434,120,70,101,143,322,134,46,52,89,182,114,28,27,13,44,27,-,17,-,11,11,-,-,-,-,-,-,-,-
,,Preta,1544,1208,68,177,91,220,199,7,14,-,377,251,13,49,65,473,399,28,29,17,278,229,20,29,-,100,86,-,5,9,30,9,-,21,-,6,-,-,6,-
,,Amarela,19,13,-,6,-,5,5,-,-,-,6,-,-,6,-,8,8,-,-,-,-,-,-,-,-,-,-,-,-,-,-,-,-,-,-,-,-,-,-,-
,,Parda,2869,1822,257,458,332,531,295,45,108,83,692,363,65,142,122,951,718,54,96,83,405,260,52,69,24,192,108,42,31,10,32,27,-,6,-,3,3,-,-,-
,,Indígena,13,-,-,13,-,-,-,-,-,-,-,-,-,-,-,-,-,-,-,-,-,-,-,-,-,-,-,-,-,-,13,-,-,13,-,-,-,-,-,-
Ilhéus - Itabuna,Total,Total,521257,151137,87083,199755,83281,65164,15470,9561,25836,14299,151931,33504,22429,63528,32469,181091,58291,32307,68679,21813,84392,29249,16099,29111,9932,26550,10142,4512,8451,3445,3357,1481,548,885,443,2229,718,390,849,272
,,Branca,93968,20784,13038,35938,24208,12902,2525,1661,4810,3906,30316,4700,3845,12208,9564,30794,7716,4493,12044,6541,13069,3747,1978,4466,2877,4748,1450,658,1625,1015,518,200,91,151,76,414,139,97,134,43
,,Preta,111422,36319,19842,41508,13753,12589,3618,1958,4824,2188,30694,8112,4938,12610,5034,40226,14191,7495,14813,3726,19074,6783,3828,6564,1900,5951,2483,1084,1764,620,896,436,166,185,109,479,143,84,199,53
,,Amarela,578,158,123,231,65,151,24,37,83,8,77,34,16,27,-,164,29,42,65,27,138,71,27,30,10,38,-,-,26,12,-,-,-,-,-,9,-,-,-,9
,,Parda,302831,88878,51526,118048,44380,38111,8845,5627,15620,8019,87969,19708,13044,37628,17589,105511,34441,19374,40354,11343,49526,17502,9684,17325,5014,14930,5852,2622,4735,1721,1834,792,275,523,244,1313,425,207,514,167
,,Indígena,12458,4998,2553,4031,875,1412,458,278,499,178,2874,951,586,1055,281,4396,1914,903,1402,177,2585,1147,581,727,130,884,357,149,301,77,109,53,16,26,14,15,11,2,2,-
,10 a 17 anos,Total,11398,5451,5562,385,-,1925,976,889,60,-,3591,1667,1791,132,-,3781,1750,1919,112,-,1434,704,673,57,-,435,197,214,24,-,13,13,-,-,-,10,10,-,-,-
,,Branca,1636,658,926,52,-,280,148,124,8,-,579,225,324,29,-,526,231,280,15,-,179,36,143,-,-,56,1,55,-,-,-,-,-,-,-,-,-,-,-,-
,,Preta,2608,1290,1214,104,-,430,215,207,8,-,731,363,332,36,-,890,444,411,35,-,388,177,200,11,-,91,41,35,14,-,13,13,-,-,-,-,-,-,-,-
,,Amarela,35,9,26,-,-,18,-,18,-,-,18,9,9,-,-,-,-,-,-,-,-,-,-,-,-,-,-,-,-,-,-,-,-,-,-,-,-,-,-,-
,,Parda,6732,3271,3247,214,-,1145,582,520,44,-,2178,1023,1102,53,-,2213,1002,1151,60,-,791,432,312,46,-,266,142,114,10,-,-,-,-,-,-,10,10,-,-,-
,,Indígena,387,223,148,16,-,52,32,20,-,-,85,47,24,14,-,151,72,77,2,-,75,58,17,-,-,22,13,9,-,-,-,-,-,-,-,-,-,-,-,-
,18 a 64 anos,Total,496470,138052,80329,196978,81112,61341,13558,8488,25418,13877,144638,29974,20321,62653,31691,173264,54065,30017,67851,21331,80566,27094,15204,28672,9596,25253,9363,4223,8330,3337,3169,1342,548,864,416,2157,677,387,826,267
,,Branca,88960,18711,11812,35156,23282,12130,2198,1499,4683,3751,28684,4053,3427,11962,9241,29296,7037,4132,11806,6320,12362,3496,1795,4361,2709,4501,1347,574,1608,973,517,198,91,151,76,389,119,97,134,39
,,Preta,106212,33199,18415,41096,13502,11881,3223,1732,4787,2139,29260,7249,4578,12479,4954,38530,13196,6968,14682,3683,18199,6252,3587,6496,1864,5648,2282,1039,1739,588,834,386,166,185,97,459,143,84,179,53
,,Amarela,496,124,97,217,57,120,24,19,69,8,60,25,8,27,-,156,29,42,65,19,113,46,27,30,10,38,-,-,26,12,-,-,-,-,-,9,-,-,-,9
,,Parda,288983,81468,47606,116494,43415,35895,7732,4981,15380,7801,83871,17768,11745,37143,17214,101108,32022,18049,39897,11140,47467,16295,9230,17058,4883,14216,5398,2476,4654,1688,1720,705,275,501,239,1286,404,204,511,167
,,Indígena,11819,4550,2399,4015,855,1314,380,258,499,178,2763,878,562,1042,281,4175,1781,826,1400,168,2426,1006,563,727,130,849,337,135,301,77,98,53,16,26,3,15,11,2,2,-
,65 anos ou mais,Total,13388,7635,1193,2391,2170,1899,936,184,357,421,3701,1863,317,743,779,4046,2476,371,716,483,2391,1450,223,383,335,862,581,76,97,108,175,127,-,22,27,62,31,3,23,5
,,Branca,3372,1416,301,730,925,491,179,38,119,155,1053,421,93,216,323,972,447,81,223,221,527,215,40,105,168,190,102,29,16,43,1,1,-,-,-,25,20,-,-,5
,,Preta,2603,1831,213,308,251,278,180,20,29,49,703,500,28,95,80,805,551,116,96,42,487,354,40,57,36,212,160,10,10,32,49,37,-,-,12,20,-,-,20,-
,,Amarela,46,25,-,13,8,13,-,-,13,-,-,-,-,-,-,8,-,-,-,8,25,25,-,-,-,-,-,-,-,-,-,-,-,-,-,-,-,-,-,-
,,Parda,7117,4139,673,1340,964,1070,531,126,195,218,1920,917,197,431,375,2191,1416,174,397,202,1268,775,141,221,131,448,312,32,71,34,114,88,-,22,4,18,12,3,3,-
,,Indígena,251,225,6,-,21,46,46,-,-,-,25,25,-,-,-,70,61,-,-,9,84,83,1,-,-,12,7,5,-,-,11,-,-,-,11,-,-,-,-,-
Vitória da Conquista,Total,Total,541769,173925,85897,200269,81677,69971,18049,10219,28039,13664,165960,42242,24784,66356,32578,187549,68287,31430,66057,21775,81859,31586,13476,28152,8645,23450,8887,3540,7620,3403,3609,1224,623,1069,693,4569,1774,1016,1271,508
,,Branca,136857,36057,19776,52209,28815,19634,3962,2636,8160,4876,44628,9174,6074,17607,11773,44709,13667,6941,16564,7537,18746,6290,2730,6751,2974,5562,1866,782,1851,1063,918,234,135,361,187,1178,415,237,306,219
,,Preta,89242,33445,14849,31205,9743,9614,2763,1575,3636,1641,26089,7955,3960,10336,3839,32774,13544,5909,10766,2556,14398,6347,2302,4656,1093,4105,1784,709,1254,358,639,306,112,114,107,830,378,167,201,84
,,Amarela,620,143,97,207,174,70,16,27,13,15,223,42,9,70,102,198,40,17,95,47,86,13,44,19,10,34,23,-,11,-,-,-,-,-,-,-,-,-,-,-
,,Parda,314027,103838,51037,116314,42836,40552,11284,5972,16164,7132,94715,24939,14708,38239,16830,109487,40870,18499,38524,11594,48480,18863,8384,16684,4549,13674,5176,2036,4494,1968,2043,680,372,591,400,2557,977,612,763,205
,,Indígena,1023,443,139,333,109,101,24,10,66,-,304,133,32,105,34,381,167,64,108,41,149,73,16,41,19,75,38,12,10,15,10,3,4,3,-,4,4,-,-,-
,10 a 17 anos,Total,9066,4202,4546,319,-,1612,851,722,38,-,2890,1241,1566,82,-,3265,1477,1637,152,-,921,446,449,27,-,269,130,127,12,-,15,2,5,8,-,38,19,19,-,-
,,Branca,2245,926,1235,84,-,423,203,221,-,-,789,269,493,27,-,808,328,423,57,-,207,112,95,-,-,15,15,-,-,-,-,-,-,-,-,-,-,-,-,-
,,Preta,1485,728,711,46,-,203,89,104,10,-,411,242,158,11,-,645,274,345,26,-,160,99,62,-,-,53,11,43,-,-,-,-,-,-,-,-,-,-,-,-
,,Amarela,-,-,-,-,-,-,-,-,-,-,-,-,-,-,-,-,-,-,-,-,-,-,-,-,-,-,-,-,-,-,-,-,-,-,-,-,-,-,-,-
,,Parda,5311,2538,2584,189,-,980,560,392,29,-,1680,724,911,45,-,1802,871,862,69,-,554,235,292,27,-,201,105,84,12,-,15,2,5,8,-,38,19,19,-,-
,,Indígena,26,10,16,-,-,5,-,5,-,-,10,5,4,-,-,10,4,6,-,-,-,-,-,-,-,-,-,-,-,-,-,-,-,-,-,-,-,-,-,-
,18 a 64 anos,Total,520161,161960,80244,197833,80124,66336,16077,9279,27633,13346,159271,39040,22848,65423,31961,180226,63966,29447,65357,21457,79261,29953,12930,27909,8469,22602,8337,3376,7538,3351,3460,1140,603,1052,665,4447,1726,983,1242,495
,,Branca,130459,33050,18055,51252,28102,18457,3414,2297,8019,4727,42636,8427,5478,17243,11488,42501,12530,6317,16248,7407,18080,5910,2618,6676,2876,5370,1748,766,1812,1043,867,210,128,361,169,1138,400,223,296,219
,,Preta,85804,31171,14000,30986,9647,9188,2518,1444,3590,1636,25087,7323,3742,10236,3785,31445,12656,5524,10721,2543,13942,5986,2228,4648,1080,3970,1700,666,1248,355,612,298,112,105,97,812,365,167,195,84
,,Amarela,593,124,87,207,174,70,16,27,13,15,204,32,-,70,102,198,40,17,95,47,86,13,44,19,10,25,14,-,11,-,-,-,-,-,-,-,-,-,-,-
,,Parda,302331,97194,47979,115066,42092,38526,10105,5506,15946,6969,91062,23142,13599,37769,16552,105723,38577,17531,38196,11420,47003,17971,8024,16525,4483,13162,4837,1931,4456,1938,1971,629,359,583,400,2494,958,593,751,192
,,Indígena,975,422,123,322,109,96,24,5,66,-,282,116,28,105,34,360,163,58,98,41,149,73,16,41,19,75,38,12,10,15,10,3,4,3,-,4,4,-,-,-
,65 anos ou mais,Total,12541,7763,1108,2117,1553,2023,1121,218,367,317,3799,1961,370,851,617,4058,2845,346,549,318,1677,1187,98,216,176,580,420,37,71,52,134,81,15,10,28,83,28,13,28,13
,,Branca,4153,2081,486,874,712,753,346,118,141,149,1204,478,103,337,286,1400,809,201,260,130,459,268,18,75,98,178,104,16,39,20,50,24,7,-,19,39,15,13,10,-
,,Preta,1953,1546,137,173,97,224,156,27,36,5,591,389,60,89,54,685,613,39,19,13,295,262,12,8,13,82,73,-,6,3,27,8,-,10,9,19,13,-,6,-
,,Amarela,28,18,9,-,-,-,-,-,-,-,19,10,9,-,-,-,-,-,-,-,-,-,-,-,-,8,8,-,-,-,-,-,-,-,-,-,-,-,-,-
,,Parda,6385,4107,475,1059,744,1046,619,74,190,164,1974,1073,198,425,278,1962,1422,106,259,174,923,657,68,132,65,311,234,21,26,29,57,49,8,-,-,25,-,-,12,13
,,Indígena,22,11,-,11,-,-,-,-,-,-,11,11,-,-,-,11,-,-,11,-,-,-,-,-,-,-,-,-,-,-,-,-,-,-,-,-,-,-,-,-
Guanambi,Total,Total,180036,55491,28749,68451,27344,29368,6071,3850,12428,7020,62825,15833,8999,26529,11464,55788,21652,10075,18907,5154,20252,7676,3670,6591,2315,5523,1951,894,1851,826,1340,467,230,491,153,3193,1260,713,988,232
,,Branca,50666,13389,7223,19989,10065,9381,1664,1124,3899,2694,18241,3780,2348,7883,4231,14455,5218,2313,5235,1688,5191,1630,856,1828,877,1631,429,252,585,365,461,155,55,178,74,816,355,165,200,96
,,Preta,27608,10013,4640,9645,3310,3700,1037,523,1426,713,9379,2840,1326,3765,1448,9100,3754,1749,2817,780,3447,1591,591,1063,203,921,391,154,276,100,152,74,28,50,-,623,236,203,152,32
,,Amarela,214,52,34,78,50,40,-,10,18,11,73,20,7,21,26,53,11,9,20,13,23,11,-,12,-,23,10,8,5,-,3,-,-,3,-,-,-,-,-,-
,,Parda,101265,31929,16806,38657,13873,16233,3363,2191,7083,3596,34991,9147,5284,14825,5735,32101,12631,5993,10804,2673,11571,4432,2223,3688,1229,2924,1121,480,973,351,724,238,148,260,78,1753,668,344,637,104
,,Indígena,259,108,46,70,35,14,7,1,1,5,116,46,34,24,13,79,38,10,31,-,20,13,-,1,6,23,-,-,13,11,-,-,-,-,-,2,1,1,-,-
,10 a 17 anos,Total,3422,1448,1900,73,-,635,223,375,37,-,1310,545,742,23,-,1027,502,513,12,-,304,132,173,-,-,70,20,50,-,-,11,-,11,-,-,23,21,1,1,-
,,Branca,619,249,360,10,-,96,17,79,-,-,224,107,111,6,-,166,76,86,4,-,81,25,56,-,-,18,5,13,-,-,6,-,6,-,-,19,19,-,-,-
,,Preta,457,234,223,-,-,93,45,48,-,-,157,94,63,-,-,148,61,87,-,-,49,33,16,-,-,9,-,9,-,-,-,-,-,-,-,1,1,-,-,-
,,Amarela,7,-,7,-,-,-,-,-,-,-,7,-,7,-,-,-,-,-,-,-,-,-,-,-,-,-,-,-,-,-,-,-,-,-,-,-,-,-,-,-
,,Parda,2322,960,1298,63,-,446,161,248,37,-,909,344,548,17,-,709,360,340,9,-,175,74,101,-,-,43,15,29,-,-,5,-,5,-,-,3,1,1,1,-
,,Indígena,17,5,12,-,-,-,-,-,-,-,12,-,12,-,-,5,5,-,-,-,-,-,-,-,-,-,-,-,-,-,-,-,-,-,-,-,-,-,-,-
,18 a 64 anos,Total,172932,51553,26528,67817,27034,28167,5551,3409,12248,6959,60413,14613,8158,26335,11307,53456,20178,9423,18762,5093,19502,7173,3492,6542,2295,5325,1850,831,1828,817,1287,443,219,476,149,3154,1228,712,982,232
,,Branca,48655,12357,6715,19716,9867,9032,1544,1020,3831,2638,17610,3476,2179,7811,4144,13789,4806,2175,5172,1636,4961,1499,795,1790,877,1597,415,232,585,365,437,146,48,173,70,784,328,165,195,96
,,Preta,26619,9355,4378,9575,3310,3546,965,472,1395,713,9066,2611,1257,3749,1448,8762,3527,1638,2817,780,3324,1484,575,1063,203,870,379,139,252,100,152,74,28,50,-,622,235,203,152,32
,,Amarela,207,52,27,78,50,40,-,10,18,11,66,20,-,21,26,53,11,9,20,13,23,11,-,12,-,23,10,8,5,-,3,-,-,3,-,-,-,-,-,-
,,Parda,97201,29702,15373,38366,13760,15535,3034,1906,7003,3591,33551,8468,4701,14718,5664,30786,11810,5591,10722,2664,11175,4167,2122,3677,1210,2811,1046,451,973,341,695,223,143,250,78,1746,663,343,636,104
,,Indígena,226,87,34,70,35,14,7,1,1,5,96,38,21,24,13,66,24,10,31,-,20,13,-,1,6,23,-,-,13,11,-,-,-,-,-,2,1,1,-,-
,65 anos ou mais,Total,3682,2490,321,561,311,565,297,65,142,60,1102,675,99,171,156,1304,972,139,133,61,445,371,5,49,19,127,81,13,24,9,42,24,-,15,4,16,11,-,5,-
,,Branca,1392,783,148,263,198,253,103,26,69,56,407,197,58,65,86,500,336,53,60,52,149,106,5,37,-,16,9,7,-,-,17,9,-,5,4,13,7,-,5,-
,,Preta,532,423,39,70,-,60,27,3,31,-,156,135,6,15,-,190,166,24,-,-,75,75,-,-,-,42,12,6,24,-,-,-,-,-,-,-,-,-,-,-
,,Amarela,-,-,-,-,-,-,-,-,-,-,-,-,-,-,-,-,-,-,-,-,-,-,-,-,-,-,-,-,-,-,-,-,-,-,-,-,-,-,-,-
,,Parda,1742,1267,134,228,113,252,168,37,43,4,531,335,35,91,70,606,461,62,73,10,221,191,-,12,19,70,60,-,-,9,25,15,-,10,-,4,4,-,-,-
,,Indígena,16,16,-,-,-,-,-,-,-,-,8,8,-,-,-,8,8,-,-,-,-,-,-,-,-,-,-,-,-,-,-,-,-,-,-,-,-,-,-,-
Barreiras,Total,Total,197394,51137,32746,81297,32214,29438,5031,3919,13246,7243,63657,12481,9246,28629,13301,62837,19327,11421,25112,6976,24865,8292,4939,8759,2874,9706,3510,1691,3195,1311,3387,1211,830,1087,259,2084,773,407,747,158
,,Branca,49090,10852,6526,20227,11485,8571,1204,904,3754,2710,16336,2911,1786,7129,4511,14381,3886,2177,5809,2509,5819,1601,907,2172,1139,2120,660,322,705,433,804,271,205,242,87,588,181,124,223,60
,,Preta,30912,9350,5682,12222,3658,4053,896,695,1758,704,9182,2141,1528,4036,1478,10631,3497,2103,4155,877,4248,1616,915,1377,340,1762,737,233,625,167,577,242,107,163,64,301,136,73,68,24
,,Amarela,333,6,76,118,132,36,-,12,10,13,157,6,26,53,71,76,-,9,45,22,65,-,29,10,26,-,-,-,-,-,-,-,-,-,-,-,-,-,-,-
,,Parda,116580,30774,20372,48550,16884,16698,2917,2283,7715,3783,37817,7373,5879,17336,7229,37589,11873,7114,15044,3558,14702,5061,3078,5193,1369,5787,2107,1129,1840,711,2006,699,518,682,107,1196,456,210,456,74
,,Indígena,479,156,89,179,56,81,14,24,8,34,164,50,27,75,12,159,71,19,59,10,32,14,11,7,-,37,6,8,24,-,-,-,-,-,-,-,-,-,-,-
,10 a 17 anos,Total,3750,1443,2126,181,-,677,286,370,20,-,1236,404,762,70,-,1415,552,779,84,-,240,141,99,-,-,99,36,55,7,-,14,-,14,-,-,5,-,5,-,-
,,Branca,846,325,459,63,-,194,71,123,-,-,313,121,169,23,-,259,105,114,40,-,33,23,10,-,-,20,-,20,-,-,-,-,-,-,-,5,-,5,-,-
,,Preta,530,246,273,10,-,127,65,62,-,-,145,40,95,10,-,182,104,79,-,-,39,11,28,-,-,23,13,10,-,-,-,-,-,-,-,-,-,-,-,-
,,Amarela,-,-,-,-,-,-,-,-,-,-,-,-,-,-,-,-,-,-,-,-,-,-,-,-,-,-,-,-,-,-,-,-,-,-,-,-,-,-,-,-
,,Parda,2366,873,1386,107,-,355,150,185,20,-,771,243,491,37,-,974,343,587,44,-,168,106,61,-,-,55,23,25,7,-,14,-,14,-,-,-,-,-,-,-
,,Indígena,7,-,7,-,-,-,-,-,-,-,7,-,7,-,-,-,-,-,-,-,-,-,-,-,-,-,-,-,-,-,-,-,-,-,-,-,-,-,-,-
,18 a 64 anos,Total,190301,47659,30355,80558,31729,28279,4514,3509,13087,7170,61385,11518,8398,28385,13085,60407,18096,10573,24879,6858,24150,7797,4840,8704,2810,9383,3327,1603,3157,1296,3349,1191,812,1087,259,2080,773,402,747,158
,,Branca,47055,9876,5967,19945,11268,8168,1058,748,3684,2679,15515,2519,1587,7023,4387,13900,3622,2058,5733,2486,5653,1485,897,2161,1110,2033,638,288,685,423,782,253,200,242,87,583,181,119,223,60
,,Preta,29943,8763,5384,12157,3638,3886,797,633,1752,704,8915,2011,1417,4015,1472,10307,3284,2015,4145,863,4114,1528,887,1359,340,1722,718,223,615,167,577,242,107,163,64,301,136,73,68,24
,,Amarela,321,6,76,118,121,36,-,12,10,13,157,6,26,53,71,64,-,9,45,10,65,-,29,10,26,-,-,-,-,-,-,-,-,-,-,-,-,-,-,-
,,Parda,112541,28869,18846,48169,16657,16119,2644,2092,7632,3751,36642,6931,5348,17219,7143,35997,11129,6472,14908,3488,14286,4770,3016,5166,1334,5590,1966,1085,1833,707,1990,697,504,682,107,1196,456,210,456,74
,,Indígena,441,145,81,169,45,70,14,24,8,24,157,50,20,75,12,139,61,19,49,10,32,14,11,7,-,37,6,8,24,-,-,-,-,-,-,-,-,-,-,-
,65 anos ou mais,Total,3343,2034,265,558,486,482,231,40,139,73,1035,560,86,174,216,1015,679,69,149,118,475,355,-,55,65,225,146,33,31,14,24,20,4,-,-,-,-,-,-,-
,,Branca,1189,651,101,219,217,209,75,34,70,31,508,271,31,83,124,222,159,5,36,23,133,93,-,10,30,66,22,13,20,10,22,18,4,-,-,-,-,-,-,-
,,Preta,439,340,25,55,20,39,33,-,6,-,123,90,16,11,6,142,110,9,10,14,94,77,-,18,-,17,7,-,11,-,-,-,-,-,-,-,-,-,-,-
,,Amarela,12,-,-,-,12,-,-,-,-,-,-,-,-,-,-,12,-,-,-,12,-,-,-,-,-,-,-,-,-,-,-,-,-,-,-,-,-,-,-,-
,,Parda,1672,1032,139,274,227,223,123,6,63,32,404,199,39,80,86,619,401,56,93,69,248,185,-,27,35,141,117,19,-,5,2,2,-,-,-,-,-,-,-,-
,,Indígena,31,10,-,10,10,10,-,-,-,10,-,-,-,-,-,21,10,-,10,-,-,-,-,-,-,-,-,-,-,-,-,-,-,-,-,-,-,-,-,-
Irecê,Total,Total,161296,54026,26273,60529,20467,25880,5667,3286,11343,5584,50392,13668,7692,21191,7840,52594,20777,9238,18411,4168,21154,8979,3922,6285,1969,7629,3322,1411,2241,656,784,331,172,217,63,1318,561,293,363,102
,,Branca,34574,10131,5293,13557,5593,6325,1074,784,2867,1600,11668,2768,1843,4968,2089,10265,3852,1568,3706,1140,4212,1650,771,1296,495,1419,575,169,474,200,176,41,54,69,12,251,71,46,90,45
,,Preta,28270,10883,4647,9754,2987,3796,965,480,1665,686,8059,2594,1209,3114,1142,9793,4129,1750,3139,774,4334,2060,722,1246,306,1563,731,347,415,70,167,84,34,40,9,294,178,49,67,-
,,Amarela,257,68,75,69,45,60,13,4,33,10,92,19,41,4,28,74,27,17,23,7,31,10,12,9,-,-,-,-,-,-,-,-,-,-,-,-,-,-,-,-
,,Parda,97735,32830,16209,36913,11783,15588,3610,2001,6722,3256,30450,8282,4582,13032,4555,32305,12692,5894,11473,2247,12544,5251,2412,3713,1168,4615,1998,894,1336,386,440,206,84,108,42,770,312,196,204,57
,,Indígena,460,114,49,237,60,112,5,17,57,33,123,6,17,73,26,157,77,9,70,1,33,9,4,20,-,32,17,-,15,-,-,-,-,-,-,3,-,1,2,-
,10 a 17 anos,Total,4056,1765,2134,157,-,718,267,432,19,-,1149,513,579,58,-,1508,676,761,71,-,448,172,276,-,-,140,96,35,9,-,-,-,-,-,-,24,7,16,-,-
,,Branca,958,379,500,79,-,185,67,99,19,-,294,113,164,17,-,326,117,166,43,-,109,47,62,-,-,26,26,-,-,-,-,-,-,-,-,2,2,-,-,-
,,Preta,558,240,301,17,-,78,7,70,-,-,122,67,50,5,-,215,113,90,12,-,112,41,71,-,-,18,6,13,-,-,-,-,-,-,-,7,-,7,-,-
,,Amarela,-,-,-,-,-,-,-,-,-,-,-,-,-,-,-,-,-,-,-,-,-,-,-,-,-,-,-,-,-,-,-,-,-,-,-,-,-,-,-,-
,,Parda,2539,1146,1331,61,-,454,192,262,-,-,733,332,365,36,-,967,446,505,17,-,227,84,144,-,-,95,64,22,9,-,-,-,-,-,-,15,6,9,-,-
,,Indígena,1,-,1,-,-,1,-,1,-,-,-,-,-,-,-,-,-,-,-,-,-,-,-,-,-,-,-,-,-,-,-,-,-,-,-,-,-,-,-,-
,18 a 64 anos,Total,153404,49175,23907,60039,20283,24642,5051,2807,11265,5519,47905,12155,7012,20962,7776,49911,19066,8445,18271,4129,20148,8312,3619,6255,1962,7332,3077,1368,2232,656,728,299,158,217,54,1289,554,276,357,102
,,Branca,32543,8953,4708,13358,5525,5979,894,668,2831,1586,11003,2380,1656,4904,2063,9564,3439,1382,3632,1112,3986,1522,698,1271,495,1362,518,169,474,200,163,41,40,69,12,250,69,46,90,45
,,Preta,27041,10041,4313,9716,2970,3672,929,409,1664,669,7764,2388,1131,3103,1142,9373,3831,1655,3113,774,4045,1842,651,1246,306,1501,682,334,415,70,146,64,34,40,9,287,178,42,67,-
,,Amarela,252,63,75,69,45,60,13,4,33,10,92,19,41,4,28,69,22,17,23,7,31,10,12,9,-,-,-,-,-,-,-,-,-,-,-,-,-,-,-,-
,,Parda,93113,30005,14763,36663,11683,14824,3209,1710,6684,3221,28924,7363,4167,12878,4516,30747,11697,5381,11433,2236,12052,4929,2252,3709,1161,4438,1860,864,1327,386,420,195,84,108,33,750,307,187,199,57
,,Indígena,455,114,48,233,60,107,5,16,53,33,123,6,17,73,26,157,77,9,70,1,33,9,4,20,-,32,17,-,15,-,-,-,-,-,-,3,-,1,2,-
,65 anos ou mais,Total,3835,3086,232,333,185,520,350,47,59,65,1337,1000,101,171,65,1175,1036,32,68,39,559,496,27,29,7,157,150,8,-,-,55,32,14,-,9,5,-,-,5,-
,,Branca,1073,799,85,120,68,160,113,17,16,14,371,274,23,47,26,375,296,20,31,28,117,81,11,25,-,31,31,-,-,-,14,-,14,-,-,-,-,-,-,-
,,Preta,671,602,32,21,16,46,29,-,1,16,173,140,28,5,-,204,185,4,14,-,178,178,-,-,-,44,44,-,-,-,21,21,-,-,-,-,-,-,-,-
,,Amarela,5,5,-,-,-,-,-,-,-,-,-,-,-,-,-,5,5,-,-,-,-,-,-,-,-,-,-,-,-,-,-,-,-,-,-,-,-,-,-,-
,,Parda,2083,1679,115,188,101,310,208,29,38,35,792,586,50,118,38,591,549,8,23,11,264,237,16,4,7,83,75,8,-,-,21,11,-,-,9,5,-,-,5,-
,,Indígena,4,-,-,4,-,4,-,-,4,-,-,-,-,-,-,-,-,-,-,-,-,-,-,-,-,-,-,-,-,-,-,-,-,-,-,-,-,-,-,-
Juazeiro,Total,Total,226156,69388,37933,88591,30245,28894,6784,4619,12214,5276,65786,16119,9972,28219,11475,79380,27306,13638,30190,8245,35183,12987,6596,12105,3496,12059,4409,2244,4169,1238,1418,571,194,451,203,1563,459,327,546,230
,,Branca,48681,13036,7777,19663,8205,6722,1385,1114,2762,1462,14656,3137,2145,6369,3004,16668,5006,2508,6704,2449,7134,2327,1328,2635,844,2511,854,485,832,340,305,87,39,118,62,325,121,72,93,40
,,Preta,39137,13093,6694,14981,4369,4465,1145,791,1884,645,11058,3167,1723,4386,1783,13898,4935,2551,5249,1163,6611,2573,1109,2387,542,2259,897,392,787,183,243,121,38,63,22,318,100,71,126,21
,,Amarela,401,132,42,184,43,70,17,13,26,14,89,40,-,49,-,99,28,10,32,29,68,23,9,36,-,41,24,-,17,-,5,-,-,5,-,10,-,10,-,-
,,Parda,136564,42564,23172,53344,17485,17451,4168,2679,7466,3138,39543,9650,6047,17236,6611,48397,17125,8531,18148,4593,21209,7997,4107,6995,2110,7075,2588,1316,2477,694,855,354,117,265,119,894,238,173,328,154
,,Indígena,1373,564,248,419,143,186,69,21,77,18,440,126,58,178,78,317,212,37,56,10,162,67,43,51,-,174,47,52,55,21,10,10,-,-,-,15,-,-,-,15
,10 a 17 anos,Total,3962,1852,1935,175,-,721,309,397,15,-,1196,529,616,51,-,1363,617,662,83,-,487,285,176,26,-,93,48,45,-,-,49,40,9,-,-,8,8,-,-,-
,,Branca,718,337,353,28,-,143,30,114,-,-,277,153,125,-,-,179,89,69,21,-,69,31,31,7,-,16,6,10,-,-,19,19,-,-,-,-,-,-,-,-
,,Preta,575,236,326,13,-,135,55,75,5,-,152,67,85,-,-,218,63,146,8,-,48,38,10,-,-,10,-,10,-,-,4,4,-,-,-,8,8,-,-,-
,,Amarela,-,-,-,-,-,-,-,-,-,-,-,-,-,-,-,-,-,-,-,-,-,-,-,-,-,-,-,-,-,-,-,-,-,-,-,-,-,-,-,-
,,Parda,2642,1270,1238,134,-,443,224,209,10,-,763,306,407,51,-,954,459,441,53,-,370,216,135,20,-,67,42,25,-,-,26,17,9,-,-,-,-,-,-,-
,,Indígena,27,9,18,-,-,-,-,-,-,-,4,4,-,-,-,12,5,6,-,-,-,-,-,-,-,-,-,-,-,-,-,-,-,-,-,-,-,-,-,-
,18 a 64 anos,Total,217415,64469,35506,87713,29727,27448,6034,4134,12048,5232,62961,14607,9208,27865,11281,76551,25633,12845,29945,8127,34091,12365,6329,12013,3383,11715,4188,2181,4147,1199,1312,490,169,451,203,1544,451,327,546,220
,,Branca,46588,11925,7256,19408,7999,6290,1211,956,2687,1436,13936,2779,1982,6243,2932,16166,4659,2424,6668,2415,6839,2197,1238,2619,785,2420,801,464,832,323,274,55,39,118,62,325,121,72,93,40
,,Preta,37728,12233,6286,14879,4329,4223,1003,708,1866,645,10604,2837,1629,4365,1772,13398,4698,2359,5185,1155,6501,2494,1088,2387,532,2195,862,374,787,172,222,100,38,63,22,310,92,71,126,21
,,Amarela,401,132,42,184,43,70,17,13,26,14,89,40,-,49,-,99,28,10,32,29,68,23,9,36,-,41,24,-,17,-,5,-,-,5,-,10,-,10,-,-
,,Parda,131361,39635,21692,52822,17213,16679,3734,2435,7391,3119,37896,8829,5539,17030,6498,46583,16041,8021,18004,4517,20521,7584,3951,6920,2066,6895,2464,1291,2456,684,802,325,92,265,119,883,238,173,328,144
,,Indígena,1337,545,230,419,143,186,69,21,77,18,436,122,58,178,78,305,207,31,56,10,162,67,43,51,-,165,37,52,55,21,10,10,-,-,-,15,-,-,-,15
,65 anos ou mais,Total,4779,3067,492,703,518,726,441,88,152,45,1629,983,149,303,194,1466,1056,131,162,118,605,337,90,66,112,251,173,18,21,38,57,41,16,-,-,10,-,-,-,10
,,Branca,1375,774,168,227,206,289,144,45,75,25,442,205,39,127,71,324,259,16,15,34,226,99,58,10,58,74,47,10,-,17,12,12,-,-,-,-,-,-,-,-
,,Preta,834,624,81,89,39,108,87,8,13,-,303,262,9,21,10,282,173,46,56,8,61,41,10,-,10,54,35,8,-,11,17,17,-,-,-,-,-,-,-,-
,,Amarela,-,-,-,-,-,-,-,-,-,-,-,-,-,-,-,-,-,-,-,-,-,-,-,-,-,-,-,-,-,-,-,-,-,-,-,-,-,-,-,-
,,Parda,2560,1659,242,387,272,329,211,35,64,19,884,516,101,155,112,860,624,69,91,76,318,197,22,56,44,113,82,-,21,10,27,12,16,-,-,10,-,-,-,10
,,Indígena,9,9,-,-,-,-,-,-,-,-,-,-,-,-,-,-,-,-,-,-,-,-,-,-,-,9,9,-,-,-,-,-,-,-,-,-,-,-,-,-
Paulo Afonso,Total,Total,191984,72128,28158,63929,27770,33654,9758,4786,12513,6597,59334,18467,8102,22336,10429,62845,28118,9613,18942,6171,23462,10525,3694,6333,2909,6555,2900,795,1805,1054,1441,484,285,466,206,2921,1143,576,964,238
,,Branca,49735,16184,6906,17326,9319,10010,2358,1463,3835,2353,15436,4404,1890,5811,3331,15255,5867,2375,5011,2002,5833,2445,813,1595,981,1668,549,197,527,396,299,98,46,108,47,728,262,88,247,131
,,Preta,20580,8738,2920,6436,2487,3572,1257,504,1186,625,6054,2176,805,2224,848,7068,3454,1057,1915,642,2446,1159,351,689,247,723,446,81,142,54,132,40,29,27,37,380,143,51,160,28
,,Amarela,200,56,41,84,19,26,-,11,15,-,56,15,5,30,6,48,-,13,21,14,58,27,11,19,-,-,-,-,-,-,-,-,-,-,-,13,13,-,-,-
,,Parda,117360,45530,17713,38630,15486,19248,5835,2753,7142,3518,36626,11548,5206,13800,6072,39034,18152,5968,11501,3413,14576,6639,2421,3897,1618,4082,1864,508,1126,584,998,343,202,331,122,1773,715,431,548,79
,,Indígena,4109,1620,578,1454,459,798,308,54,335,101,1162,323,195,471,172,1440,645,200,494,101,550,256,98,133,63,81,41,10,10,21,12,3,8,1,-,27,11,7,9,-
,10 a 17 anos,Total,3220,1772,1392,56,-,700,338,362,-,-,1116,523,579,15,-,909,533,338,38,-,379,293,86,-,-,33,27,6,-,-,8,8,-,-,-,24,15,9,-,-
,,Branca,791,365,398,29,-,199,101,98,-,-,279,128,151,-,-,225,70,126,29,-,84,60,23,-,-,-,-,-,-,-,-,-,-,-,-,-,-,-,-,-
,,Preta,294,191,103,-,-,88,51,37,-,-,88,63,24,-,-,89,69,21,-,-,21,8,14,-,-,-,-,-,-,-,-,-,-,-,-,-,-,-,-,-
,,Amarela,-,-,-,-,-,-,-,-,-,-,-,-,-,-,-,-,-,-,-,-,-,-,-,-,-,-,-,-,-,-,-,-,-,-,-,-,-,-,-,-
,,Parda,2073,1169,876,28,-,402,176,226,-,-,743,327,400,15,-,561,368,183,10,-,265,219,46,-,-,33,27,6,-,-,8,8,-,-,-,24,15,9,-,-
,,Indígena,63,47,16,-,-,12,10,2,-,-,8,5,3,-,-,35,27,8,-,-,9,6,3,-,-,-,-,-,-,-,-,-,-,-,-,-,-,-,-,-
,18 a 64 anos,Total,184739,67292,26533,63486,27428,32217,8941,4371,12432,6474,57130,17217,7430,22146,10337,60633,26517,9206,18794,6117,22481,9689,3608,6317,2867,6315,2708,773,1800,1034,1424,475,285,466,197,2881,1112,567,964,238
,,Branca,47741,15026,6435,17100,9179,9537,2098,1357,3792,2290,14931,4159,1729,5748,3294,14623,5515,2204,4902,2002,5556,2233,789,1585,949,1599,489,187,527,396,290,98,46,108,39,716,250,88,247,131
,,Preta,19700,8015,2808,6429,2448,3382,1122,463,1186,611,5870,2016,781,2224,848,6739,3165,1032,1908,634,2317,1051,337,689,241,698,431,81,142,44,132,40,29,27,37,377,139,51,160,28
,,Amarela,200,56,41,84,19,26,-,11,15,-,56,15,5,30,6,48,-,13,21,14,58,27,11,19,-,-,-,-,-,-,-,-,-,-,-,13,13,-,-,-
,,Parda,113128,42682,16688,38426,15333,18497,5435,2487,7104,3471,35142,10724,4723,13679,6016,37847,17247,5765,11468,3366,14010,6129,2375,3891,1615,3947,1747,495,1122,584,989,335,202,331,122,1749,699,423,548,79
,,Indígena,3970,1514,562,1447,448,774,285,52,335,101,1131,302,192,464,172,1377,589,192,494,101,541,249,95,133,63,70,41,10,10,10,12,3,8,1,-,27,11,7,9,-
,65 anos ou mais,Total,4025,3064,232,387,342,737,479,54,81,123,1088,728,93,175,92,1302,1068,69,110,55,602,544,-,16,43,207,165,16,5,21,9,-,-,-,9,15,15,-,-,-
,,Branca,1204,794,74,197,140,274,159,9,43,63,226,117,10,63,36,407,282,45,80,-,193,151,-,10,32,69,60,10,-,-,9,-,-,-,9,12,12,-,-,-
,,Preta,586,532,8,7,39,102,83,4,-,14,97,97,-,-,-,240,221,4,7,8,107,101,-,-,7,25,15,-,-,10,-,-,-,-,-,4,4,-,-,-
,,Amarela,-,-,-,-,-,-,-,-,-,-,-,-,-,-,-,-,-,-,-,-,-,-,-,-,-,-,-,-,-,-,-,-,-,-,-,-,-,-,-,-
,,Parda,2159,1679,150,176,153,348,224,40,38,47,741,497,83,105,56,627,537,20,23,47,300,291,-,6,4,102,91,7,5,-,-,-,-,-,-,-,-,-,-,-
,,Indígena,76,59,-,7,11,13,13,-,-,-,23,17,-,7,-,29,29,-,-,-,1,1,-,-,-,11,-,-,-,11,-,-,-,-,-,-,-,-,-,-
Feira de Santana,Total,Total,690543,201987,103800,283071,101685,82809,19838,11891,36120,14959,186314,47444,26724,78942,33204,247042,78678,38460,99282,30622,114588,36869,17286,45891,14542,40418,12310,6353,15638,6116,6402,2352,863,2259,927,5406,1811,1050,2025,519
,,Branca,115492,28495,15176,47369,24452,17119,3377,2269,7898,3575,34274,7431,4002,14482,8359,38987,10765,5430,15511,7282,15861,4442,2057,6247,3115,5984,1443,872,2195,1475,1021,346,65,296,314,1011,347,270,272,123
,,Preta,189703,59114,31167,77919,21503,18844,5376,2775,8038,2654,46410,12758,7375,19551,6726,69561,22532,11919,28291,6819,35804,11849,6009,14546,3400,13829,4520,2292,5532,1485,1836,645,281,713,196,1468,493,279,619,77
,,Amarela,414,88,67,123,136,45,8,5,26,6,88,-,42,32,14,181,73,7,60,41,74,6,13,5,51,-,-,-,-,-,-,-,-,-,-,15,2,-,-,14
,,Parda,383577,113845,57159,157186,55387,46644,11040,6820,20097,8687,105150,27182,15219,44730,18019,137840,45091,21058,55272,16419,62633,20489,9159,25028,7956,20546,6330,3162,7898,3156,3519,1362,517,1224,417,2911,970,501,1134,306
,,Indígena,1357,445,231,474,207,157,37,22,60,38,392,74,86,148,85,473,217,47,147,61,216,83,49,65,20,58,17,28,14,-,26,-,-,26,-,-,-,-,-,-
,10 a 17 anos,Total,11657,5315,5909,433,-,2381,1093,1235,53,-,3489,1557,1810,122,-,3970,1770,2032,169,-,1206,650,524,32,-,418,137,228,53,-,35,11,23,-,-,19,-,19,-,-
,,Branca,1928,891,931,105,-,480,207,238,35,-,614,313,290,11,-,573,232,306,34,-,188,112,51,25,-,39,14,25,-,-,-,-,-,-,-,-,-,-,-,-
,,Preta,2817,1475,1281,61,-,399,226,170,3,-,846,408,433,5,-,1170,627,520,23,-,246,153,86,7,-,98,28,47,23,-,5,-,5,-,-,19,-,19,-,-
,,Amarela,14,1,13,-,-,-,-,-,-,-,-,-,-,-,-,1,1,-,-,-,13,-,13,-,-,-,-,-,-,-,-,-,-,-,-,-,-,-,-,-
,,Parda,6881,2944,3681,257,-,1488,655,827,6,-,2026,836,1084,106,-,2227,909,1206,112,-,760,385,374,-,-,281,95,156,29,-,30,11,18,-,-,-,-,-,-,-
,,Indígena,17,5,3,10,-,14,5,-,10,-,3,-,3,-,-,-,-,-,-,-,-,-,-,-,-,-,-,-,-,-,-,-,-,-,-,-,-,-,-,-
,18 a 64 anos,Total,664531,188221,96604,279869,99837,78413,17556,10506,35643,14708,178881,43844,24439,78011,32587,238131,73863,36110,98113,30046,111161,34865,16489,45444,14362,39294,11691,6111,15516,5975,6209,2259,836,2236,878,5267,1739,1009,2025,495
,,Branca,110156,26015,13791,46570,23780,16124,2965,1951,7746,3462,32602,6668,3539,14283,8112,37150,9917,5010,15133,7090,15385,4115,1941,6216,3113,5769,1376,847,2171,1375,989,342,65,286,296,960,318,248,272,123
,,Preta,183693,55299,29659,77418,21318,17992,4818,2596,7959,2617,44713,11840,6821,19388,6665,67404,21077,11360,28204,6762,34942,11243,5868,14454,3378,13582,4363,2245,5489,1485,1806,634,276,700,196,1449,493,260,619,77
,,Amarela,370,81,54,123,112,45,8,5,26,6,88,-,42,32,14,174,66,7,60,41,38,6,-,5,28,-,-,-,-,-,-,-,-,-,-,15,2,-,-,14
,,Parda,369006,106411,52872,155304,54420,44110,9732,5932,19861,8585,101088,25263,13953,44161,17711,132958,42611,19685,54571,16091,60587,19419,8632,24712,7823,19886,5936,2991,7844,3115,3387,1283,495,1224,386,2843,927,501,1134,281
,,Indígena,1305,416,228,454,207,142,33,22,51,38,390,74,83,148,85,445,193,47,144,61,209,83,49,58,20,58,17,28,14,-,26,-,-,26,-,-,-,-,-,-
,65 anos ou mais,Total,14355,8451,1287,2769,1848,2015,1190,149,424,251,3944,2043,475,809,617,4941,3045,319,1000,577,2221,1353,272,415,180,707,482,14,69,141,158,82,4,23,49,119,72,22,-,25
,,Branca,3408,1589,453,694,672,515,205,79,118,113,1058,450,173,188,248,1265,616,114,343,192,288,215,65,5,2,176,53,-,24,99,32,4,-,10,18,51,29,22,-,-
,,Preta,3193,2340,228,439,186,453,332,9,76,37,850,510,121,157,62,987,828,38,64,57,616,453,55,86,22,150,130,-,20,-,24,11,-,13,-,-,-,-,-,-
,,Amarela,29,6,-,-,23,-,-,-,-,-,-,-,-,-,-,6,6,-,-,-,23,-,-,-,23,-,-,-,-,-,-,-,-,-,-,-,-,-,-,-
,,Parda,7690,4490,606,1625,968,1046,653,61,231,102,2036,1083,182,463,308,2655,1570,167,590,328,1287,685,152,317,133,380,299,14,25,41,102,67,4,-,31,68,43,-,-,25
,,Indígena,35,24,-,11,-,-,-,-,-,-,-,-,-,-,-,28,24,-,4,-,7,-,-,7,-,-,-,-,-,-,-,-,-,-,-,-,-,-,-,-
Belo Horizonte,Total,Total,2449096,414682,376767,1050908,606739,146260,23812,22324,62595,37528,418827,59512,58425,172887,128003,703778,116475,106750,295888,184666,712022,121342,111407,312192,167081,399889,78564,66068,180834,74423,35472,8904,6561,14275,5732,6687,1142,1229,2068,2248
,,Branca,803544,91707,89472,311875,310490,52209,5746,5936,20249,20279,154148,14323,15024,55724,69078,239609,25227,25927,89736,98718,225101,26488,25089,89508,84017,111525,16450,14702,49354,31018,8508,2052,1386,2990,2080,2578,265,331,773,1209
,,Preta,415221,88941,76973,186093,63214,20802,4669,4074,8765,3293,58598,11557,10598,26104,10338,111855,23936,20759,49350,17809,127642,26711,23680,58768,18483,83280,18607,15314,37837,11522,7977,2061,1537,3446,933,848,194,215,231,208
,,Amarela,3863,544,327,1357,1635,314,42,66,107,99,858,92,62,333,370,1121,161,92,309,559,942,79,57,411,395,511,120,34,187,170,41,29,12,-,-,-,-,-,-,-
,,Parda,1223441,232687,209332,550592,230830,72584,13279,12196,33309,13800,204828,33460,32613,90559,48195,350535,67037,59858,156301,67340,357408,67722,62361,163249,64077,204004,43278,35878,93277,31571,18905,4761,3618,7807,2719,3254,678,682,1062,832
,,Indígena,3027,803,662,991,570,350,77,51,165,57,394,80,127,166,22,659,114,114,191,240,929,342,221,257,109,569,109,139,179,142,42,1,9,32,-,7,5,1,1,-
,10 a 17 anos,Total,27988,6922,19645,1421,-,2742,1014,1691,37,-,5582,1618,3709,255,-,8786,2098,6189,499,-,7151,1431,5382,338,-,3196,554,2359,282,-,258,68,181,9,-,13,-,13,-,-
,,Branca,7127,1476,5302,349,-,645,267,376,2,-,1631,325,1241,65,-,2441,585,1690,167,-,1618,150,1389,79,-,683,94,553,36,-,52,22,30,-,-,-,-,-,-,-
,,Preta,4758,1323,3312,122,-,430,170,260,-,-,901,300,601,-,-,1428,406,957,65,-,1408,326,1035,47,-,494,87,396,11,-,31,11,19,-,-,-,-,-,-,-
,,Amarela,24,1,23,-,-,23,-,23,-,-,-,-,-,-,-,1,1,-,-,-,-,-,-,-,-,-,-,-,-,-,-,-,-,-,-,-,-,-,-,-
,,Parda,16041,4097,10994,950,-,1642,576,1031,35,-,3050,993,1866,190,-,4913,1103,3542,268,-,4114,955,2947,212,-,1998,353,1410,235,-,173,34,129,9,-,13,-,13,-,-
,,Indígena,38,24,15,-,-,1,-,1,-,-,-,-,-,-,-,3,3,-,-,-,12,-,12,-,-,21,21,-,-,-,2,-,2,-,-,-,-,-,-,-
,18 a 64 anos,Total,2346966,378209,347379,1033045,588334,137537,20397,19906,60920,36314,398583,53123,53002,168961,123497,673895,106045,97861,290953,179036,686640,112625,103759,307737,162519,386119,72939,61862,178618,72700,33898,8035,6211,14021,5631,6247,1060,1143,1999,2045
,,Branca,763772,82245,81021,303242,297264,48785,4788,5333,19261,19403,145526,12729,13204,53792,65801,227582,22458,23359,87160,94605,215616,24478,22923,87490,80725,106949,14905,13610,48502,29933,8062,1840,1347,2885,1989,2368,236,290,726,1116
,,Preta,399135,81139,71743,184027,62226,19599,3933,3697,8692,3277,56129,10305,9737,25944,10143,107438,21918,19299,48720,17502,123352,24791,22289,58070,18202,80499,17248,14403,37468,11380,7624,1822,1440,3429,933,817,183,195,231,208
,,Amarela,3663,488,283,1292,1600,236,33,43,85,75,838,92,62,313,370,1062,136,92,287,547,942,79,57,411,395,469,99,13,187,170,41,29,12,-,-,-,-,-,-,-
,,Parda,1177541,213667,193684,543492,226698,68629,11604,10783,32717,13525,195700,29922,29871,88746,47161,337157,61423,54997,154595,66142,345822,62944,58280,161510,63087,197693,40639,33697,92283,31075,18132,4342,3406,7674,2709,3055,636,657,1041,721
,,Indígena,2855,670,648,991,547,288,40,50,165,33,390,76,127,166,22,656,111,114,191,240,908,333,209,257,109,509,49,139,179,142,40,1,7,32,-,7,5,1,1,-
,65 anos ou mais,Total,74142,29551,9744,16442,18405,5981,2402,727,1638,1214,14662,4770,1714,3671,4506,21096,8332,2700,4435,5630,18231,7286,2266,4116,4562,10574,5070,1847,1933,1724,1316,802,169,245,101,428,82,74,69,203
,,Branca,32645,7985,3150,8284,13226,2779,690,227,986,876,6992,1269,578,1868,3276,9586,2185,879,2409,4113,7867,1859,777,1938,3292,3892,1451,540,816,1086,394,190,9,104,91,210,29,40,48,93
,,Preta,11329,6479,1918,1943,988,773,566,118,74,16,1568,951,260,161,195,2988,1613,503,565,308,2882,1595,355,652,281,2288,1272,515,359,142,323,228,78,17,-,31,11,21,-,-
,,Amarela,175,55,21,64,35,55,9,-,22,24,21,-,-,21,-,57,24,-,22,12,-,-,-,-,-,42,21,21,-,-,-,-,-,-,-,-,-,-,-,-
,,Parda,29860,14923,4655,6150,4132,2313,1099,383,556,275,6077,2545,876,1622,1034,8465,4511,1318,1439,1198,7472,3823,1133,1527,989,4312,2286,771,759,496,600,384,83,123,10,186,42,12,21,111
,,Indígena,133,109,-,-,24,61,37,-,-,24,4,4,-,-,-,-,-,-,-,-,9,9,-,-,-,40,40,-,-,-,-,-,-,-,-,-,-,-,-,-
Montes Claros,Total,Total,526922,126500,75880,220964,103577,70010,12321,8337,30371,18982,162991,29742,21245,71606,40398,178358,48238,27532,73825,28764,76511,22925,11888,31271,10427,22715,7637,3936,7959,3183,4115,1403,637,1541,534,7206,2855,1427,2429,496
,,Branca,123886,24275,15116,50486,34009,18626,2824,1844,7450,6508,41025,6164,4367,16950,13544,39874,8803,5295,16764,9013,15469,4004,2136,6350,2979,5273,1410,938,1673,1251,907,172,154,394,187,1451,623,184,463,182
,,Preta,71258,20520,11143,29564,10032,7992,1721,1201,3574,1497,19997,4497,2992,8860,3647,25092,7578,3867,10472,3175,11902,4185,1844,4696,1176,3912,1586,712,1223,391,732,306,141,238,46,1033,436,264,278,55
,,Amarela,658,139,86,307,125,65,9,9,33,14,203,37,25,122,19,216,45,52,66,53,100,22,-,49,29,31,15,-,16,-,11,-,-,11,-,31,11,-,11,10
,,Parda,328172,80677,49110,139408,58977,42835,7684,5245,19036,10871,101066,18915,13783,45335,23034,112308,31482,18184,46221,16420,48653,14578,7820,20060,6195,13351,4582,2273,4981,1515,2404,899,330,886,290,4455,1669,921,1616,249
,,Indígena,2949,890,426,1199,434,491,83,37,279,92,699,129,78,339,154,869,331,133,302,103,386,137,88,115,47,148,44,13,65,26,62,26,12,12,12,235,116,58,62,-
,10 a 17 anos,Total,8629,2541,5839,249,-,1740,530,1179,31,-,2968,896,2014,57,-,2524,642,1793,88,-,946,269,617,59,-,265,112,143,10,-,42,37,6,-,-,78,31,44,3,-
,,Branca,1782,519,1186,78,-,387,128,246,13,-,681,236,414,30,-,452,92,334,26,-,187,52,135,-,-,47,-,39,8,-,5,-,5,-,-,3,-,3,-,-
,,Preta,924,292,632,-,-,184,76,108,-,-,294,67,228,-,-,263,89,174,-,-,130,23,107,-,-,45,29,15,-,-,8,8,-,-,-,-,-,-,-,-
,,Amarela,14,11,3,-,-,-,-,-,-,-,3,-,3,-,-,11,11,-,-,-,-,-,-,-,-,-,-,-,-,-,-,-,-,-,-,-,-,-,-,-
,,Parda,5873,1708,3994,171,-,1163,322,824,18,-,1978,589,1362,27,-,1784,447,1275,62,-,627,194,374,59,-,173,83,88,2,-,30,29,1,-,-,75,31,41,3,-
,,Indígena,35,12,23,-,-,6,5,1,-,-,12,4,7,-,-,14,3,11,-,-,1,-,1,-,-,-,-,-,-,-,-,-,-,-,-,-,-,-,-,-
,18 a 64 anos,Total,508118,117734,69294,219034,102056,66762,10909,6988,30049,18816,157162,27328,19106,71017,39710,172466,45397,25491,73224,28354,73889,21525,11125,30996,10243,22062,7242,3757,7900,3164,4010,1327,631,1530,522,7061,2785,1383,2410,482
,,Branca,118939,22294,13647,49743,33255,17711,2462,1545,7318,6386,39382,5550,3913,16689,13230,38560,8245,4887,16597,8832,14722,3658,1930,6244,2890,5110,1365,869,1641,1235,882,164,149,394,175,1419,623,181,447,168
,,Preta,68935,19184,10392,29401,9958,7632,1531,1063,3545,1493,19333,4174,2737,8817,3605,24276,7067,3653,10400,3156,11553,3976,1724,4687,1166,3835,1524,697,1223,391,718,293,141,238,46,1031,434,264,278,55
,,Amarela,597,96,83,293,125,65,9,9,33,14,184,24,22,119,19,187,16,52,66,53,100,22,-,49,29,31,15,-,16,-,-,-,-,-,-,31,11,-,11,10
,,Parda,316782,75311,44771,138406,58294,40877,6833,4335,18877,10832,97580,17461,12363,45053,22702,108610,29754,16777,45859,16220,47128,13733,7384,19901,6110,12952,4303,2178,4959,1511,2349,844,329,886,290,4344,1602,880,1613,249
,,Indígena,2865,849,401,1191,424,477,74,35,276,92,683,120,71,339,154,833,316,123,302,93,385,137,87,115,47,135,35,13,60,26,62,26,12,12,12,235,116,58,62,-
,65 anos ou mais,Total,10175,6226,746,1682,1521,1508,881,170,291,166,2861,1517,125,531,688,3368,2199,247,513,409,1676,1130,146,215,183,388,283,36,49,19,63,39,-,11,12,67,38,-,16,13
,,Branca,3164,1462,282,666,754,528,235,52,118,123,962,377,40,231,314,861,466,74,140,181,560,294,71,106,89,116,45,30,25,16,20,8,-,-,12,29,-,-,16,13
,,Preta,1399,1045,119,162,74,176,113,31,29,3,370,257,28,43,42,552,422,41,72,18,219,187,13,10,10,33,33,-,-,-,5,5,-,-,-,2,2,-,-,-
,,Amarela,46,32,-,14,-,-,-,-,-,-,16,14,-,3,-,18,18,-,-,-,-,-,-,-,-,-,-,-,-,-,11,-,-,11,-,-,-,-,-,-
,,Parda,5517,3658,344,831,683,795,529,86,141,40,1508,865,57,255,331,1914,1281,132,301,200,897,650,62,100,85,225,196,6,19,3,26,26,-,-,-,36,36,-,-,-
,,Indígena,49,30,1,8,10,8,4,1,3,-,4,4,-,-,-,22,13,-,-,10,-,-,-,-,-,14,8,-,5,-,-,-,-,-,-,-,-,-,-,-
Teófilo Otoni,Total,Total,341215,102599,51724,126471,60422,51168,10780,6754,20591,13042,109574,26207,15869,43337,24161,112483,39151,17991,40321,15020,46935,17825,7527,15656,5927,12568,5103,2033,3851,1581,1945,740,418,567,219,3707,1568,692,1275,172
,,Branca,71071,16971,9349,26497,18254,12420,1931,1523,4698,4267,25096,4813,3043,9580,7660,21092,6172,2982,7838,4100,8573,2813,1046,3114,1599,2320,723,467,726,404,343,90,130,63,60,659,212,85,286,76
,,Preta,47530,16716,7508,16643,6663,5939,1516,838,2345,1241,14499,4178,2198,5643,2480,16462,6529,2722,5369,1842,7373,3067,1191,2256,859,2000,890,292,646,172,298,93,78,106,22,532,223,126,159,24
,,Amarela,317,79,33,85,120,84,22,16,27,18,62,7,18,5,33,75,15,-,27,33,47,8,-,26,13,18,18,-,-,-,-,-,-,-,-,14,-,-,-,14
,,Parda,221666,68521,34801,83018,35327,32499,7150,4371,13475,7504,69682,17143,10588,27999,13953,74722,26361,12287,27036,9038,30921,11930,5288,10252,3451,8221,3473,1274,2469,1005,1303,557,211,398,137,2500,1130,482,830,58
,,Indígena,632,313,33,228,58,226,161,7,46,11,235,66,24,110,35,133,74,-,52,7,22,8,2,7,4,10,-,-,10,-,-,-,-,-,-,3,3,-,-,-
,10 a 17 anos,Total,6273,2002,4138,133,-,1025,366,653,6,-,2227,719,1486,21,-,2110,609,1439,61,-,666,207,419,40,-,90,38,47,5,-,43,-,43,-,-,61,40,21,-,-
,,Branca,1129,353,754,22,-,205,57,145,3,-,399,157,227,15,-,343,73,270,-,-,147,63,80,4,-,11,-,11,-,-,22,-,22,-,-,-,-,-,-,-
,,Preta,825,272,548,5,-,121,53,69,-,-,289,65,223,-,-,313,114,194,5,-,91,34,57,-,-,5,-,5,-,-,-,-,-,-,-,6,6,-,-,-
,,Amarela,3,-,3,-,-,-,-,-,-,-,3,-,3,-,-,-,-,-,-,-,-,-,-,-,-,-,-,-,-,-,-,-,-,-,-,-,-,-,-,-
,,Parda,4311,1373,2832,105,-,698,256,439,3,-,1536,497,1033,6,-,1449,417,976,56,-,428,111,282,35,-,74,38,32,5,-,21,-,21,-,-,56,34,21,-,-
,,Indígena,5,5,-,-,-,-,-,-,-,-,-,-,-,-,-,5,5,-,-,-,-,-,-,-,-,-,-,-,-,-,-,-,-,-,-,-,-,-,-,-
,18 a 64 anos,Total,327609,96044,47008,125291,59267,48985,9816,5981,20375,12813,104882,24178,14187,42829,23689,108142,37057,16361,40031,14694,45301,16894,7059,15498,5850,12190,4833,1976,3846,1535,1854,705,362,567,219,3612,1494,671,1275,172
,,Branca,67816,15690,8395,26088,17643,11846,1738,1326,4633,4149,23892,4356,2750,9405,7381,20208,5842,2653,7745,3969,8165,2611,955,3039,1559,2195,656,447,726,366,318,90,104,63,60,644,197,85,286,76
,,Preta,45538,15453,6894,16569,6623,5702,1361,760,2339,1241,13830,3833,1963,5594,2440,15748,6043,2503,5360,1842,7118,2890,1124,2245,859,1955,850,287,646,172,279,84,68,106,22,516,207,126,159,24
,,Amarela,314,79,30,85,120,84,22,16,27,18,59,7,15,5,33,75,15,-,27,33,47,8,-,26,13,18,18,-,-,-,-,-,-,-,-,14,-,-,-,14
,,Parda,213337,64530,31656,82329,34823,31131,6537,3872,13329,7393,66886,15927,9436,27723,13800,71984,25088,11206,26848,8842,29950,11378,4978,10180,3414,8014,3310,1242,2465,997,1257,532,190,398,137,2435,1087,461,830,58
,,Indígena,604,293,33,220,58,222,158,7,46,11,216,56,24,102,35,127,68,-,52,7,22,8,2,7,4,10,-,-,10,-,-,-,-,-,-,3,3,-,-,-
,65 anos ou mais,Total,7333,4552,579,1047,1155,1158,598,120,211,229,2465,1310,196,486,472,2232,1486,190,229,327,968,723,49,118,78,288,232,9,-,47,49,35,14,-,-,34,34,-,-,-
,,Branca,2126,928,200,386,611,368,137,51,62,119,805,300,66,160,280,541,258,59,93,131,261,138,11,71,40,115,67,9,-,39,4,-,4,-,-,15,15,-,-,-
,,Preta,1166,991,66,69,40,116,102,9,6,-,380,280,12,48,40,401,371,26,4,-,164,144,10,11,-,40,40,-,-,-,20,10,10,-,-,10,10,-,-,-
,,Amarela,-,-,-,-,-,-,-,-,-,-,-,-,-,-,-,-,-,-,-,-,-,-,-,-,-,-,-,-,-,-,-,-,-,-,-,-,-,-,-,-
,,Parda,4018,2618,313,584,504,670,356,60,143,111,1261,719,119,270,152,1289,856,105,132,196,543,441,28,36,37,133,125,-,-,8,25,25,-,-,-,9,9,-,-,-
,,Indígena,23,15,-,8,-,4,4,-,-,-,19,10,-,8,-,1,1,-,-,-,-,-,-,-,-,-,-,-,-,-,-,-,-,-,-,-,-,-,-,-
Governador Valadares,Total,Total,235434,65533,38675,87359,43866,35734,7589,5475,14189,8482,77586,17814,12192,29892,17687,80961,25744,13583,29581,12052,30499,10815,5628,10101,3955,6676,2312,1104,2160,1101,977,317,110,364,186,1065,278,222,424,142
,,Branca,62895,12826,8465,22982,18623,11298,1908,1490,4140,3761,22646,3617,2801,8270,7958,19225,4550,2712,7193,4771,7020,2085,1065,2381,1490,1540,420,250,513,358,261,57,10,110,84,326,50,36,174,65
,,Preta,30227,9936,5644,11094,3553,3710,932,709,1570,498,8902,2399,1697,3355,1450,11462,4111,2149,4113,1089,4615,1849,795,1569,401,1011,433,191,292,95,104,54,17,33,-,185,71,46,54,15
,,Amarela,173,24,41,48,60,21,-,8,2,10,48,10,9,8,20,95,14,24,35,23,5,-,-,-,5,2,-,-,-,2,-,-,-,-,-,3,-,-,3,-
,,Parda,141805,42606,24457,53130,21611,20629,4704,3246,8474,4205,45855,11731,7667,18201,8257,50105,17047,8672,18225,6161,18812,6866,3766,6123,2057,4123,1459,663,1354,647,612,206,82,222,102,551,156,140,193,62
,,Indígena,333,141,67,105,20,76,45,21,3,7,135,58,17,58,2,74,23,27,16,8,48,16,2,28,2,-,-,-,-,-,-,-,-,-,-,-,-,-,-,-
,10 a 17 anos,Total,4329,1451,2746,132,-,790,269,498,23,-,1413,435,952,26,-,1508,539,896,73,-,549,191,348,10,-,21,8,13,-,-,3,-,3,-,-,16,1,14,-,-
,,Branca,998,323,639,37,-,232,75,148,9,-,314,101,203,10,-,308,105,186,18,-,124,40,84,-,-,-,-,-,-,-,3,-,3,-,-,14,-,14,-,-
,,Preta,494,120,366,8,-,80,30,50,-,-,84,38,46,-,-,254,47,198,8,-,69,5,64,-,-,8,-,8,-,-,-,-,-,-,-,-,-,-,-,-
,,Amarela,7,-,7,-,-,3,-,3,-,-,-,-,-,-,-,4,-,4,-,-,-,-,-,-,-,-,-,-,-,-,-,-,-,-,-,-,-,-,-,-
,,Parda,2826,1008,1730,87,-,476,165,298,13,-,1012,296,699,17,-,941,387,507,47,-,355,146,199,10,-,13,8,5,-,-,-,-,-,-,-,1,1,-,-,-
,,Indígena,4,-,4,-,-,-,-,-,-,-,4,-,4,-,-,-,-,-,-,-,-,-,-,-,-,-,-,-,-,-,-,-,-,-,-,-,-,-,-,-
,18 a 64 anos,Total,225252,60840,35355,86276,42781,33889,6783,4872,13962,8273,74237,16470,11021,29532,17214,77765,24166,12561,29284,11754,29229,10154,5206,9962,3907,6362,2121,1051,2118,1072,942,295,106,364,176,1043,273,207,420,142
,,Branca,59639,11650,7531,22444,18014,10591,1662,1265,3999,3664,21574,3312,2498,8092,7672,18269,4152,2456,7064,4596,6696,1942,973,2314,1467,1429,355,218,499,358,247,57,7,110,74,312,50,22,174,65
,,Preta,29166,9346,5260,11028,3532,3576,851,657,1570,498,8647,2229,1645,3344,1429,11009,3901,1945,4074,1089,4440,1757,728,1555,401,971,400,184,292,95,104,54,17,33,-,185,71,46,54,15
,,Amarela,152,24,29,48,51,18,-,5,2,10,43,10,5,8,20,81,14,19,35,14,5,-,-,-,5,2,-,-,-,2,-,-,-,-,-,3,-,-,3,-
,,Parda,135972,39685,22471,52650,21165,19628,4225,2923,8387,4093,43841,10861,6860,18030,8090,48332,16075,8114,18095,6047,18046,6446,3503,6065,2032,3960,1367,650,1327,617,590,184,82,222,102,543,152,140,189,62
,,Indígena,323,135,63,105,20,76,45,21,3,7,131,58,13,58,2,74,23,27,16,8,41,9,2,28,2,-,-,-,-,-,-,-,-,-,-,-,-,-,-,-
,65 anos ou mais,Total,5853,3242,573,952,1086,1055,537,105,204,208,1935,910,219,333,473,1688,1040,126,224,298,722,471,74,129,48,293,182,40,42,29,32,22,-,-,10,7,3,-,4,-
,,Branca,2258,853,295,501,609,476,171,77,131,96,758,204,100,168,286,648,293,69,111,175,201,103,8,67,23,111,65,32,14,-,10,-,-,-,10,-,-,-,-,-
,,Preta,568,470,18,58,21,54,51,3,-,-,170,132,6,11,21,199,163,6,30,-,105,88,3,14,-,33,33,-,-,-,-,-,-,-,-,-,-,-,-,-
,,Amarela,14,-,5,-,9,-,-,-,-,-,5,-,5,-,-,9,-,-,-,9,-,-,-,-,-,-,-,-,-,-,-,-,-,-,-,-,-,-,-,-
,,Parda,3008,1913,255,393,447,525,315,25,73,112,1002,574,107,154,166,832,584,51,83,114,410,274,64,48,25,150,84,8,28,29,22,22,-,-,-,7,3,-,4,-
,,Indígena,6,6,-,-,-,-,-,-,-,-,-,-,-,-,-,-,-,-,-,-,6,6,-,-,-,-,-,-,-,-,-,-,-,-,-,-,-,-,-,-
Ipatinga,Total,Total,340616,76555,55220,141939,66902,34585,6221,5135,14461,8767,94704,18269,13760,39163,23512,124679,29758,20802,52679,21440,63382,15858,11255,26721,9549,15305,4195,2747,5927,2437,2366,767,501,744,354,2817,684,607,1083,444
,,Branca,110901,19086,15054,45514,31247,13590,1888,1761,5524,4418,34171,5112,4051,13498,11510,38497,6978,5259,16494,9766,17805,3643,2866,7318,3978,4283,938,720,1666,959,591,146,111,218,115,844,116,147,338,243
,,Preta,51526,13881,9632,21289,6724,3744,766,776,1686,517,12169,2859,1990,5181,2139,19982,5739,3708,8197,2338,11276,3233,2228,4584,1230,2895,865,551,1115,363,513,174,148,115,75,525,111,168,216,30
,,Amarela,499,84,23,163,229,109,19,7,15,67,132,13,5,79,35,168,31,5,37,95,41,9,-,32,-,22,-,-,-,22,10,-,-,-,10,6,-,6,-,-
,,Parda,177459,43440,30474,74860,28686,17127,3545,2588,7229,3765,48148,10266,7715,20355,9811,65982,16991,11817,27931,9242,34201,8959,6140,14760,4341,8085,2381,1476,3135,1093,1253,447,241,411,154,1443,456,287,529,171
,,Indígena,230,65,37,113,16,15,4,4,7,-,84,18,-,50,16,50,18,13,20,-,59,14,20,26,-,21,11,-,11,-,-,-,-,-,-,-,-,-,-,-
,10 a 17 anos,Total,5026,1306,3461,259,-,640,203,414,22,-,1631,343,1251,38,-,1841,525,1154,162,-,759,186,534,38,-,143,43,100,-,-,1,1,-,-,-,4,4,-,-,-
,,Branca,1193,217,925,51,-,175,66,106,3,-,420,55,365,-,-,368,67,257,44,-,181,14,162,4,-,45,15,30,-,-,-,-,-,-,-,-,-,-,-,-
,,Preta,673,183,458,32,-,86,19,67,-,-,161,32,122,7,-,293,100,176,17,-,96,32,56,8,-,37,-,37,-,-,-,-,-,-,-,-,-,-,-,-
,,Amarela,-,-,-,-,-,-,-,-,-,-,-,-,-,-,-,-,-,-,-,-,-,-,-,-,-,-,-,-,-,-,-,-,-,-,-,-,-,-,-,-
,,Parda,3157,906,2075,176,-,375,119,238,19,-,1050,255,764,31,-,1180,358,721,101,-,482,140,316,26,-,61,29,33,-,-,1,1,-,-,-,4,4,-,-,-
,,Indígena,4,-,4,-,-,4,-,4,-,-,-,-,-,-,-,-,-,-,-,-,-,-,-,-,-,-,-,-,-,-,-,-,-,-,-,-,-,-,-,-
,18 a 64 anos,Total,327851,71254,50786,140266,65544,32970,5630,4597,14216,8527,90729,16797,12161,38764,23007,120011,27717,19304,51948,21041,61575,15054,10620,26512,9389,14858,3968,2612,5887,2391,2287,715,497,724,351,2785,667,607,1073,438
,,Branca,106560,17615,13712,44778,30455,12847,1629,1609,5352,4258,32641,4619,3522,13291,11209,37162,6532,4855,16249,9526,17324,3492,2679,7240,3913,4142,874,670,1661,938,567,126,108,218,115,824,112,147,328,237
,,Preta,49847,13072,9042,21089,6645,3594,712,693,1682,508,11809,2710,1838,5143,2118,19264,5374,3468,8104,2317,10956,3061,2158,4536,1201,2798,826,511,1098,363,508,169,148,115,75,525,111,168,216,30
,,Amarela,471,84,23,163,201,97,19,7,15,56,123,13,5,79,26,161,31,5,37,88,41,9,-,32,-,22,-,-,-,22,10,-,-,-,10,6,-,6,-,-
,,Parda,170751,40423,27976,74124,28228,16424,3271,2288,7160,3706,46073,9437,6797,20201,9638,63374,15761,10962,27539,9111,33194,8477,5763,14679,4275,7874,2258,1431,3117,1068,1203,420,241,390,151,1431,444,287,529,171
,,Indígena,222,60,33,113,16,7,-,-,7,-,84,18,-,50,16,50,18,13,20,-,59,14,20,26,-,21,11,-,11,-,-,-,-,-,-,-,-,-,-,-
,65 anos ou mais,Total,7739,3995,973,1413,1358,975,388,124,224,240,2344,1129,349,361,505,2828,1516,344,569,399,1049,618,100,170,160,305,184,35,39,46,78,51,4,21,3,28,13,-,10,6
,,Branca,3149,1255,417,685,792,568,193,46,169,160,1110,438,164,207,301,967,379,147,201,240,300,137,24,74,65,96,50,21,5,21,24,20,4,-,-,20,4,-,10,6
,,Preta,1006,626,132,168,79,64,35,15,4,9,199,117,30,30,21,426,265,64,76,21,223,139,15,40,29,59,40,3,17,-,5,5,-,-,-,-,-,-,-,-
,,Amarela,29,-,-,-,29,12,-,-,-,12,10,-,-,-,10,7,-,-,-,7,-,-,-,-,-,-,-,-,-,-,-,-,-,-,-,-,-,-,-,-
,,Parda,3552,2110,424,560,458,327,155,63,51,59,1026,574,155,124,174,1428,872,133,292,131,525,342,61,56,66,150,95,12,18,25,50,26,-,21,3,8,8,-,-,-
,,Indígena,4,4,-,-,-,4,4,-,-,-,-,-,-,-,-,-,-,-,-,-,-,-,-,-,-,-,-,-,-,-,-,-,-,-,-,-,-,-,-,-
Juíz de Fora,Total,Total,800544,203811,128435,299927,168371,95757,19706,14348,37799,23904,231763,51649,34529,88430,57154,276012,77422,46113,100117,52359,143204,40469,24767,53291,24678,39630,11253,6696,14670,7011,4340,1035,584,1594,1128,3390,537,484,1494,875
,,Branca,367190,68291,47438,138625,112836,50635,7930,6260,19712,16733,114800,18354,13958,43287,39200,120651,25147,16191,44702,34611,57870,12170,8045,22047,15608,16105,3454,2123,6071,4457,1929,313,201,636,779,1649,191,221,662,574
,,Preta,128207,41791,25140,47911,13365,10629,2996,1946,4329,1358,30129,9202,5699,11601,3629,46771,16125,9240,16635,4772,29912,10116,6071,11111,2615,8813,2725,1887,3480,720,774,248,117,302,108,524,120,65,212,126
,,Amarela,832,207,142,213,270,118,12,11,17,79,234,48,40,48,98,292,86,82,72,51,153,36,9,65,42,33,22,-,10,-,2,2,-,-,-,-,-,-,-,-
,,Parda,303753,93374,55605,113009,41765,34321,8759,6120,13733,5709,86467,24029,14816,33431,14192,108107,36000,20567,38643,12898,55188,18118,10631,20053,6386,14658,5052,2685,5109,1812,1634,472,266,656,240,1218,226,198,620,174
,,Indígena,562,148,110,170,134,54,9,11,9,25,132,16,17,64,36,191,65,34,66,26,81,29,11,15,26,22,-,-,-,22,-,-,-,-,-,-,-,-,-,-
,10 a 17 anos,Total,10699,3735,6568,395,-,1641,560,1020,61,-,3308,1105,2101,102,-,3577,1282,2138,157,-,1754,643,1046,65,-,328,111,206,10,-,35,5,30,-,-,18,15,3,-,-
,,Branca,3801,1222,2432,147,-,676,237,422,18,-,1276,324,892,60,-,1211,448,712,51,-,532,173,341,19,-,93,40,53,-,-,9,-,9,-,-,-,-,-,-,-
,,Preta,1642,620,921,101,-,191,87,92,12,-,425,151,247,27,-,551,210,290,50,-,355,140,210,5,-,103,13,82,7,-,-,-,-,-,-,15,15,-,-,-
,,Amarela,44,11,33,-,-,11,-,11,-,-,10,-,10,-,-,12,-,12,-,-,11,11,-,-,-,-,-,-,-,-,-,-,-,-,-,-,-,-,-,-
,,Parda,5212,1883,3182,147,-,763,237,495,32,-,1598,630,953,15,-,1803,623,1124,56,-,855,319,495,42,-,132,58,70,3,-,26,5,21,-,-,3,-,3,-,-
,,Indígena,-,-,-,-,-,-,-,-,-,-,-,-,-,-,-,-,-,-,-,-,-,-,-,-,-,-,-,-,-,-,-,-,-,-,-,-,-,-,-,-
,18 a 64 anos,Total,764270,187420,118791,294974,163084,90452,17298,12895,37034,23224,221405,47392,31697,87090,55225,263953,71921,42835,98466,50732,136897,37415,23226,52365,23890,38224,10533,6350,14517,6824,4158,942,527,1588,1101,3253,485,451,1471,846
,,Branca,348753,61540,43397,135501,108316,47676,6822,5567,19149,16139,109257,16597,12646,42441,37572,114767,22904,14937,43746,33180,54821,10967,7462,21448,14944,15527,3200,2014,5998,4315,1844,265,188,636,755,1559,165,206,642,546
,,Preta,123144,38838,23761,47271,13274,10115,2637,1820,4302,1356,28903,8501,5397,11389,3617,45082,15217,8743,16384,4737,28657,9303,5788,10974,2591,8575,2630,1761,3472,712,728,225,98,296,108,491,103,50,212,126
,,Amarela,778,196,109,203,270,107,12,-,17,79,213,48,29,38,98,280,86,70,72,51,142,26,9,65,42,33,22,-,10,-,2,2,-,-,-,-,-,-,-,-
,,Parda,291093,86734,51439,111830,41090,32505,7819,5501,13559,5626,82899,22230,13608,33157,13903,103667,33661,19071,38198,12737,53196,17091,9956,19863,6286,14068,4681,2575,5035,1776,1583,449,241,656,238,1203,217,195,617,174
,,Indígena,501,113,85,170,134,50,9,7,9,25,132,16,17,64,36,157,53,13,66,26,81,29,11,15,26,22,-,-,-,22,-,-,-,-,-,-,-,-,-,-
,65 anos ou mais,Total,25575,12655,3076,4558,5287,3664,1848,433,704,680,7050,3151,731,1239,1929,8482,4219,1141,1494,1627,4554,2410,495,861,787,1079,609,140,143,187,147,87,27,6,27,119,37,31,23,29
,,Branca,14636,5529,1609,2977,4520,2283,872,271,545,594,4267,1432,420,786,1629,4672,1795,542,904,1432,2516,1030,242,580,664,485,213,56,73,143,76,47,4,-,25,90,26,16,20,29
,,Preta,3421,2333,458,539,91,324,272,34,16,2,802,550,55,185,12,1139,697,206,201,35,901,672,73,132,24,135,83,44,-,8,46,22,18,6,-,17,2,15,-,-
,,Amarela,10,-,-,10,-,-,-,-,-,-,10,-,-,10,-,-,-,-,-,-,-,-,-,-,-,-,-,-,-,-,-,-,-,-,-,-,-,-,-,-
,,Parda,7448,4757,983,1032,675,1053,703,124,143,83,1971,1169,255,258,288,2637,1715,372,390,160,1137,708,180,149,100,459,313,40,70,37,25,18,5,-,3,12,9,-,3,-
,,Indígena,61,35,25,-,-,4,-,4,-,-,-,-,-,-,-,34,13,22,-,-,-,-,-,-,-,-,-,-,-,-,-,-,-,-,-,-,-,-,-,-
Barbacena,Total,Total,286123,64202,41614,122865,57443,28447,5245,3957,11859,7385,75592,14672,10160,31721,19039,98970,25315,15592,41305,16758,61144,14671,9462,27293,9718,17828,3323,1932,8987,3586,1842,466,220,808,347,883,186,106,339,251
,,Branca,130912,24524,15996,54126,36266,15522,2231,1995,6164,5132,38526,5889,4599,15380,12658,43776,9700,5681,18027,10367,24233,5240,3011,10499,5483,6882,1092,512,3373,1905,811,144,67,346,253,425,91,42,120,172
,,Preta,35816,9829,6435,15772,3780,2241,626,338,1024,252,8018,2148,1310,3585,975,12649,3687,2500,5236,1227,9647,2521,1759,4433,934,2785,666,463,1305,352,190,88,30,55,17,146,56,17,63,10
,,Amarela,267,52,23,155,37,74,-,-,74,-,62,12,6,27,17,76,26,3,26,21,41,14,14,13,-,14,-,-,14,-,-,-,-,-,-,-,-,-,-,-
,,Parda,118988,29749,19149,52762,17327,10584,2381,1625,4596,1983,28951,6617,4245,12714,5375,42423,11878,7399,18003,5143,27207,6894,4678,12335,3301,8146,1565,956,4295,1329,841,234,123,407,77,312,40,47,156,69
,,Indígena,141,48,11,50,32,25,7,-,-,18,35,7,-,15,13,46,23,10,13,-,17,3,-,13,1,1,-,1,-,-,-,-,-,-,-,-,-,-,-,-
,10 a 17 anos,Total,3163,923,2158,82,-,452,125,314,14,-,1107,346,745,16,-,1064,287,728,48,-,454,120,329,5,-,63,22,41,-,-,-,-,-,-,-,-,-,-,-,-
,,Branca,1309,393,879,37,-,215,53,149,14,-,495,151,331,13,-,392,111,276,5,-,178,61,112,5,-,20,9,11,-,-,-,-,-,-,-,-,-,-,-,-
,,Preta,287,96,181,10,-,36,27,8,-,-,82,23,59,-,-,112,42,60,10,-,58,3,55,-,-,-,-,-,-,-,-,-,-,-,-,-,-,-,-,-
,,Amarela,-,-,-,-,-,-,-,-,-,-,-,-,-,-,-,-,-,-,-,-,-,-,-,-,-,-,-,-,-,-,-,-,-,-,-,-,-,-,-,-
,,Parda,1566,434,1097,36,-,201,44,157,-,-,530,171,356,3,-,559,135,392,32,-,218,56,162,-,-,43,13,30,-,-,-,-,-,-,-,-,-,-,-,-
,,Indígena,-,-,-,-,-,-,-,-,-,-,-,-,-,-,-,-,-,-,-,-,-,-,-,-,-,-,-,-,-,-,-,-,-,-,-,-,-,-,-,-
,18 a 64 anos,Total,276235,59730,38778,121513,56215,26996,4711,3533,11635,7117,72379,13396,9204,31314,18465,95917,23858,14652,40824,16583,59480,13764,9026,27094,9595,17506,3148,1868,8972,3519,1808,444,209,808,347,867,186,106,323,251
,,Branca,125853,22584,14720,53253,35297,14689,1988,1785,6013,4903,36725,5374,4127,15050,12174,42351,9067,5270,17765,10250,23491,4857,2843,10390,5401,6708,971,500,3373,1864,789,122,67,346,253,409,91,42,104,172
,,Preta,34768,9195,6186,15645,3743,2158,562,319,1024,252,7740,2015,1224,3549,952,12272,3429,2433,5184,1227,9377,2377,1685,4394,921,2762,646,458,1305,352,190,88,30,55,17,146,56,17,63,10
,,Amarela,259,44,23,155,37,74,-,-,74,-,57,7,6,27,17,73,23,3,26,21,41,14,14,13,-,14,-,-,14,-,-,-,-,-,-,-,-,-,-,-
,,Parda,115214,27859,17838,52410,17106,10050,2154,1429,4524,1944,27821,5994,3846,12672,5309,41174,11316,6937,17836,5086,26554,6514,4484,12285,3272,8022,1530,908,4280,1303,830,234,112,407,77,312,40,47,156,69
,,Indígena,141,48,11,50,32,25,7,-,-,18,35,7,-,15,13,46,23,10,13,-,17,3,-,13,1,1,-,1,-,-,-,-,-,-,-,-,-,-,-,-
,65 anos ou mais,Total,6725,3549,678,1269,1228,998,409,110,210,268,2106,930,211,392,573,1989,1169,212,433,174,1210,786,107,194,123,258,153,22,15,67,34,23,11,-,-,16,-,-,16,-
,,Branca,3749,1547,396,837,970,617,189,61,138,229,1305,363,141,317,484,1032,523,134,258,117,563,322,56,104,81,154,112,-,-,41,23,23,-,-,-,16,-,-,16,-
,,Preta,761,539,68,117,37,48,37,11,-,-,196,110,27,36,23,265,216,7,42,-,212,141,19,39,13,23,19,4,-,-,-,-,-,-,-,-,-,-,-,-
,,Amarela,8,8,-,-,-,-,-,-,-,-,5,5,-,-,-,3,3,-,-,-,-,-,-,-,-,-,-,-,-,-,-,-,-,-,-,-,-,-,-,-
,,Parda,2207,1456,214,316,221,333,183,39,72,39,599,451,43,39,66,689,428,71,134,57,435,324,32,51,28,81,22,18,15,26,11,-,11,-,-,-,-,-,-,-
,,Indígena,-,-,-,-,-,-,-,-,-,-,-,-,-,-,-,-,-,-,-,-,-,-,-,-,-,-,-,-,-,-,-,-,-,-,-,-,-,-,-,-
Varginha,Total,Total,627165,162183,108478,230202,126302,83810,14177,11792,31958,25883,212208,42700,32648,83085,53775,210991,63832,40685,76073,30401,94714,33051,18363,31420,11880,17850,6559,3547,5141,2603,1904,528,310,562,504,1738,334,359,577,467
,,Branca,337407,73094,50734,122337,91242,53721,7589,6451,19988,19694,125545,21612,16740,47401,39792,103610,27501,17898,37555,20656,41791,12959,7446,13429,7957,8394,2532,1495,2492,1875,968,177,160,272,359,1062,192,166,335,368
,,Preta,70215,22617,14546,26106,6946,6116,1322,1224,2539,1031,19017,5042,3377,8023,2576,26553,9200,5680,9519,2153,14859,5522,3317,5050,971,2807,1255,705,703,143,301,143,31,90,37,253,38,99,105,11
,,Amarela,743,116,94,355,177,49,-,7,17,24,231,19,20,125,67,270,51,20,141,57,133,42,34,46,10,31,3,13,15,-,-,-,-,-,-,8,-,-,-,8
,,Parda,218559,66257,43047,81342,27912,23876,5250,4105,9392,5129,67349,15997,12494,27518,11339,80498,27049,17059,28855,7535,37877,14509,7565,12879,2923,6607,2766,1328,1928,584,634,207,119,201,108,414,104,94,137,80
,,Indígena,242,99,57,62,24,48,16,5,22,5,66,30,18,18,-,61,30,27,3,-,55,20,-,15,19,12,3,6,3,-,-,-,-,-,-,-,-,-,-,-
,10 a 17 anos,Total,10435,2575,7494,366,-,1459,429,992,38,-,3746,853,2754,138,-,3847,988,2728,131,-,1085,237,793,55,-,212,46,163,3,-,4,-,4,-,-,-,-,-,-,-
,,Branca,4852,1090,3603,160,-,819,227,573,19,-,1802,397,1356,49,-,1764,362,1333,70,-,408,93,293,22,-,34,-,34,-,-,-,-,-,-,-,-,-,-,-,-
,,Preta,1195,303,819,73,-,101,38,63,-,-,360,70,240,49,-,475,148,313,14,-,191,33,149,9,-,53,13,40,-,-,-,-,-,-,-,-,-,-,-,-
,,Amarela,-,-,-,-,-,-,-,-,-,-,-,-,-,-,-,-,-,-,-,-,-,-,-,-,-,-,-,-,-,-,-,-,-,-,-,-,-,-,-,-
,,Parda,4388,1183,3072,133,-,539,163,356,19,-,1584,386,1158,40,-,1608,479,1082,47,-,486,111,351,24,-,126,33,89,3,-,4,-,4,-,-,-,-,-,-,-
,,Indígena,-,-,-,-,-,-,-,-,-,-,-,-,-,-,-,-,-,-,-,-,-,-,-,-,-,-,-,-,-,-,-,-,-,-,-,-,-,-,-,-
,18 a 64 anos,Total,596214,147044,98852,227333,122986,79463,12359,10570,31406,25129,202030,38534,29048,82201,52246,200342,58028,37342,75226,29746,90239,30428,17270,30944,11597,16939,6037,3271,5084,2547,1863,517,298,558,490,1719,322,359,577,461
,,Branca,319764,65347,45790,120329,88298,50763,6455,5743,19553,19012,119404,19365,14822,46791,38426,97895,24689,16163,36947,20097,39624,11784,6992,13159,7690,7921,2255,1401,2444,1821,942,177,153,267,345,1062,192,166,335,368
,,Preta,66917,20634,13556,25879,6848,5827,1167,1157,2490,1013,18164,4595,3097,7955,2518,25291,8367,5322,9460,2143,14202,5095,3135,5000,971,2621,1161,615,703,141,301,143,31,90,37,248,33,99,105,11
,,Amarela,701,93,94,337,177,49,-,7,17,24,212,8,20,116,67,253,44,20,131,57,128,37,34,46,10,31,3,13,15,-,-,-,-,-,-,8,-,-,-,8
,,Parda,208612,60891,39355,80727,27639,22776,4721,3657,9323,5075,64184,14536,11092,27321,11235,76863,24920,15809,28685,7449,36231,13492,7109,12723,2907,6354,2616,1235,1919,584,620,196,115,201,108,400,97,94,137,73
,,Indígena,221,78,57,62,24,48,16,5,22,5,66,30,18,18,-,40,9,27,3,-,55,20,-,15,19,12,3,6,3,-,-,-,-,-,-,-,-,-,-,-
,65 anos ou mais,Total,20516,12565,2132,2504,3316,2888,1390,230,514,754,6432,3312,846,746,1528,6802,4815,615,716,656,3390,2386,300,422,283,699,475,113,54,57,36,11,7,5,13,19,12,-,-,7
,,Branca,12791,6658,1340,1848,2945,2139,907,135,416,681,4339,1850,561,561,1366,3950,2451,402,538,559,1759,1082,161,249,267,439,277,60,48,54,26,-,7,5,13,-,-,-,-,-
,,Preta,2103,1680,171,154,98,187,117,4,49,18,493,377,40,19,57,786,685,45,46,10,467,393,33,40,-,133,81,49,-,2,-,-,-,-,-,5,5,-,-,-
,,Amarela,41,23,-,19,-,-,-,-,-,-,19,11,-,9,-,17,7,-,10,-,5,5,-,-,-,-,-,-,-,-,-,-,-,-,-,-,-,-,-,-
,,Parda,5559,4183,621,482,273,562,366,92,49,55,1581,1075,244,157,105,2027,1650,168,122,86,1160,906,106,132,16,127,117,3,6,-,11,11,-,-,-,14,7,-,-,7
,,Indígena,21,21,-,-,-,-,-,-,-,-,-,-,-,-,-,21,21,-,-,-,-,-,-,-,-,-,-,-,-,-,-,-,-,-,-,-,-,-,-,-
Pouso Alegre,Total,Total,524195,130061,85478,205389,103267,68062,12725,10537,26075,18724,166910,34905,24619,67056,40330,187327,53402,32569,73245,28112,81405,23245,14599,31865,11696,14773,4440,2451,5150,2732,1657,354,168,523,612,901,170,108,307,315
,,Branca,343887,77277,50664,134275,81672,49613,8246,7075,18901,15390,116020,22207,15698,45552,32564,116850,30925,18376,46350,21198,48718,12724,7743,19233,9018,8764,2368,1325,2960,2111,1158,231,106,318,503,603,82,53,202,266
,,Preta,37579,11186,7115,15090,4188,3508,893,611,1349,655,9893,2657,1542,4282,1413,14620,4599,2995,5657,1368,7680,2332,1606,3158,584,1392,502,280,512,98,134,53,21,35,25,93,39,22,32,-
,,Amarela,1130,128,137,464,400,259,35,27,46,151,354,48,56,187,63,309,19,22,153,115,198,26,24,77,71,6,-,3,2,-,-,-,-,-,-,-,-,-,-,-
,,Parda,141200,41353,27502,55394,16951,14646,3540,2821,5767,2518,40495,9955,7310,16967,6263,55427,17809,11155,21033,5430,24748,8156,5203,9378,2012,4587,1569,841,1661,517,360,65,41,170,84,205,49,33,73,49
,,Indígena,399,117,60,166,56,36,11,2,12,11,148,39,13,68,28,122,49,21,52,-,62,8,23,19,11,25,2,1,15,6,4,4,-,-,-,-,-,-,-,-
,10 a 17 anos,Total,8121,2145,5570,405,-,1414,404,982,28,-,2637,703,1805,129,-,2904,788,1942,174,-,949,216,670,63,-,176,11,158,7,-,-,-,-,-,-,-,-,-,-,-
,,Branca,4977,1113,3591,273,-,935,257,650,28,-,1664,358,1223,82,-,1725,405,1196,125,-,560,89,446,26,-,75,2,66,7,-,-,-,-,-,-,-,-,-,-,-
,,Preta,572,225,337,10,-,91,20,70,-,-,207,108,100,-,-,205,77,128,-,-,48,17,21,10,-,19,2,16,-,-,-,-,-,-,-,-,-,-,-,-
,,Amarela,6,6,-,-,-,-,-,-,-,-,6,6,-,-,-,-,-,-,-,-,-,-,-,-,-,-,-,-,-,-,-,-,-,-,-,-,-,-,-,-
,,Parda,2563,799,1642,122,-,389,127,262,-,-,760,231,483,47,-,974,306,618,49,-,338,107,204,27,-,82,7,76,-,-,-,-,-,-,-,-,-,-,-,-
,,Indígena,3,3,-,-,-,-,-,-,-,-,-,-,-,-,-,-,-,-,-,-,3,3,-,-,-,-,-,-,-,-,-,-,-,-,-,-,-,-,-,-
,18 a 64 anos,Total,498750,118203,77819,202302,100425,63990,11132,9275,25562,18021,158393,31214,22130,65884,39164,178881,49253,29886,72319,27422,78031,21400,13642,31479,11510,14125,4140,2237,5089,2659,1643,345,166,520,612,888,163,108,302,315
,,Branca,326166,69656,45500,131857,79154,46504,7122,6176,18449,14757,109858,19741,13936,44660,31522,111305,28417,16666,45637,20585,46497,11562,7103,18947,8884,8332,2157,1223,2914,2038,1151,228,104,315,503,595,79,53,197,266
,,Preta,36005,10218,6702,14934,4150,3321,804,536,1344,637,9384,2351,1435,4195,1402,14073,4266,2813,5625,1368,7431,2145,1585,3125,575,1355,491,253,512,98,134,53,21,35,25,88,35,22,32,-
,,Amarela,1027,117,127,456,328,230,35,27,43,124,327,42,46,187,52,276,13,22,147,94,184,26,24,77,57,6,-,3,2,-,-,-,-,-,-,-,-,-,-,-
,,Parda,135169,38112,25430,54890,16737,13900,3160,2534,5714,2491,38676,9041,6700,16775,6160,53116,16519,10364,20858,5375,23860,7662,4906,9310,1982,4408,1489,757,1645,517,354,59,41,170,84,205,49,33,73,49
,,Indígena,382,101,60,166,56,36,11,2,12,11,148,39,13,68,28,111,38,21,52,-,59,5,23,19,11,25,2,1,15,6,4,4,-,-,-,-,-,-,-,-
,65 anos ou mais,Total,17324,9713,2089,2681,2842,2658,1189,280,485,704,5880,2988,683,1042,1166,5543,3360,741,752,690,2426,1629,288,323,186,472,290,55,54,73,13,9,2,3,-,12,7,-,5,-
,,Branca,12743,6509,1572,2144,2518,2175,868,250,425,633,4498,2107,539,810,1042,3820,2104,514,588,614,1661,1073,195,259,134,356,209,35,39,73,7,3,2,3,-,8,3,-,5,-
,,Preta,1003,743,77,145,38,97,69,5,5,18,302,198,7,86,11,342,256,54,32,-,200,169,-,22,9,19,8,11,-,-,-,-,-,-,-,4,4,-,-,-
,,Amarela,97,6,10,9,72,29,-,-,3,27,21,-,10,-,11,33,6,-,6,21,14,-,-,-,14,-,-,-,-,-,-,-,-,-,-,-,-,-,-,-
,,Parda,3468,2442,430,382,214,357,253,25,53,27,1059,684,127,146,103,1337,983,172,127,55,551,387,93,42,30,97,73,9,15,-,6,6,-,-,-,-,-,-,-,-
,,Indígena,13,13,-,-,-,-,-,-,-,-,-,-,-,-,-,11,11,-,-,-,-,-,-,-,-,-,-,-,-,-,-,-,-,-,-,-,-,-,-,-
Uberaba,Total,Total,334761,78491,57996,124710,73564,35179,6179,5281,12615,11104,96823,16704,14340,36767,29012,112448,28457,20454,42303,21234,65334,19676,13057,24056,8545,20704,6120,4126,7660,2798,1065,453,157,241,214,716,195,102,227,192
,,Branca,161876,29216,22819,60259,49581,20071,2726,2518,6963,7864,52332,6693,6336,19084,20218,51629,10498,7611,19739,13781,27333,6772,4487,10628,5446,8305,1972,1535,3130,1669,427,157,48,64,159,373,80,52,137,103
,,Preta,39222,11348,8056,14847,4970,2937,746,508,1161,522,8865,2110,1429,3652,1673,13911,4040,2984,5236,1651,9716,3305,2286,3406,718,3392,997,763,1302,331,126,50,29,22,24,96,53,16,11,16
,,Amarela,800,153,99,295,254,122,11,-,42,69,220,52,29,61,79,262,39,40,118,64,129,34,8,61,26,56,18,10,12,16,-,-,-,-,-,11,-,11,-,-
,,Parda,132487,37600,26932,49241,18714,11992,2672,2255,4436,2628,35336,7815,6513,13965,7043,46483,13794,9777,17195,5717,28086,9550,6260,9924,2353,8934,3118,1818,3216,782,512,246,80,155,31,236,62,23,78,73
,,Indígena,377,174,90,69,44,57,23,-,12,21,72,34,32,5,-,163,86,41,14,21,70,15,16,37,2,16,16,-,-,-,-,-,-,-,-,-,-,-,-,-
,10 a 17 anos,Total,5531,1528,3665,338,-,869,324,508,36,-,1890,471,1300,119,-,1732,480,1147,105,-,834,163,602,70,-,143,51,85,8,-,-,-,-,-,-,12,12,-,-,-
,,Branca,2322,520,1648,154,-,376,103,257,15,-,867,217,614,36,-,655,108,483,64,-,330,63,235,32,-,78,18,52,8,-,-,-,-,-,-,-,-,-,-,-
,,Preta,666,221,396,49,-,53,23,29,-,-,189,46,111,32,-,248,88,143,18,-,154,41,113,-,-,10,10,-,-,-,-,-,-,-,-,12,12,-,-,-
,,Amarela,20,11,9,-,-,11,11,-,-,-,-,-,-,-,-,9,-,9,-,-,-,-,-,-,-,-,-,-,-,-,-,-,-,-,-,-,-,-,-,-
,,Parda,2497,750,1613,134,-,417,174,222,21,-,834,207,575,51,-,807,271,512,24,-,350,58,254,38,-,55,22,33,-,-,-,-,-,-,-,-,-,-,-,-
,,Indígena,26,26,-,-,-,13,13,-,-,-,-,-,-,-,-,13,13,-,-,-,-,-,-,-,-,-,-,-,-,-,-,-,-,-,-,-,-,-,-,-
,18 a 64 anos,Total,318230,71414,52874,122311,71630,32821,5140,4628,12226,10827,91748,14905,12557,36087,28200,107291,26177,18877,41564,20673,62599,18411,12179,23655,8353,19811,5601,3956,7523,2731,1029,437,152,226,214,679,175,84,227,192
,,Branca,153238,26182,20254,58781,48021,18740,2223,2163,6708,7646,49366,5803,5379,18668,19516,49219,9688,6875,19289,13367,25985,6213,4116,10373,5284,7897,1773,1430,3066,1628,405,150,48,49,159,347,72,34,137,103
,,Preta,37305,10328,7499,14597,4880,2801,641,479,1158,522,8364,1863,1277,3600,1623,13264,3736,2794,5119,1616,9213,3025,2111,3359,718,3286,936,752,1271,326,126,50,29,22,24,84,41,16,11,16
,,Amarela,736,118,90,287,242,111,-,-,42,69,212,47,29,57,79,239,30,32,113,64,118,23,8,61,26,45,18,10,12,5,-,-,-,-,-,11,-,11,-,-
,,Parda,126610,34649,24941,48578,18442,11126,2264,1987,4304,2570,33735,7158,5839,13755,6982,44418,12650,9135,17029,5604,27212,9135,5928,9825,2324,8578,2869,1764,3173,771,498,237,75,155,31,236,62,23,78,73
,,Indígena,340,137,90,69,44,44,10,-,12,21,72,34,32,5,-,150,73,41,14,21,70,15,16,37,2,5,5,-,-,-,-,-,-,-,-,-,-,-,-,-
,65 anos ou mais,Total,11000,5549,1457,2061,1934,1489,715,144,353,277,3186,1328,483,562,813,3425,1799,430,633,562,1901,1102,276,330,192,750,468,85,129,67,36,16,5,15,-,26,8,18,-,-
,,Branca,6315,2514,918,1323,1560,956,400,98,240,219,2099,673,344,380,702,1754,702,252,386,414,1018,496,136,223,162,331,180,54,56,40,22,7,-,15,-,26,8,18,-,-
,,Preta,1251,799,161,200,90,84,81,-,2,-,312,201,41,20,50,399,216,48,100,35,348,239,62,47,-,96,50,10,30,5,-,-,-,-,-,-,-,-,-,-
,,Amarela,43,24,-,8,11,-,-,-,-,-,7,4,-,3,-,14,9,-,5,-,11,11,-,-,-,11,-,-,-,11,-,-,-,-,-,-,-,-,-,-
,,Parda,3380,2201,378,529,271,450,234,47,111,58,767,450,98,158,61,1258,872,130,142,113,524,357,77,61,29,301,226,21,43,11,14,9,5,-,-,-,-,-,-,-
,,Indígena,11,11,-,-,-,-,-,-,-,-,-,-,-,-,-,-,-,-,-,-,-,-,-,-,-,11,11,-,-,-,-,-,-,-,-,-,-,-,-,-
Uberlândia,Total,Total,488420,98131,84420,192894,112974,47447,7696,7231,18397,14122,140111,22395,20528,54504,42684,158585,32861,27379,63247,35098,93558,22670,18709,37990,14189,40101,10277,8940,15720,5163,1849,610,423,536,281,1668,492,287,487,403
,,Branca,231067,35952,33496,88928,72691,25728,3250,3372,10023,9084,73985,8898,9193,27117,28777,74183,12034,10554,28545,23049,37699,7528,6609,15685,7877,15421,3316,3064,6118,2923,823,201,187,243,193,809,185,135,279,209
,,Preta,55440,14227,11573,22292,7348,3870,767,819,1532,753,13263,2852,2366,5513,2533,17398,4620,3409,7163,2205,13749,4037,3105,5409,1199,6320,1680,1682,2410,548,207,110,11,65,20,201,70,81,45,5
,,Amarela,1131,110,97,342,582,152,21,2,27,102,392,41,25,103,223,285,10,27,83,166,158,17,10,86,45,121,21,10,44,45,-,-,-,-,-,-,-,-,-,-
,,Parda,200487,47676,39201,81268,32343,17645,3639,3038,6794,4175,52435,10572,8941,21771,11151,66603,16126,13375,27424,9678,41889,11064,8960,16800,5065,18219,5240,4184,7149,1646,809,299,214,227,68,658,237,70,163,189
,,Indígena,295,166,52,65,11,51,20,-,23,9,35,31,4,-,-,116,71,13,32,-,62,24,26,11,2,20,20,-,-,-,10,-,10,-,-,-,-,-,-,-
,10 a 17 anos,Total,8153,2071,5584,497,-,985,319,638,28,-,2663,654,1872,137,-,2160,543,1411,207,-,1363,362,897,104,-,810,143,646,21,-,24,-,24,-,-,-,-,-,-,-
,,Branca,3321,716,2349,256,-,415,91,317,7,-,1140,251,824,65,-,944,193,633,117,-,366,78,242,46,-,428,102,305,21,-,21,-,21,-,-,-,-,-,-,-
,,Preta,799,242,509,48,-,39,18,20,-,-,234,53,178,3,-,261,102,114,45,-,220,61,159,-,-,42,7,34,-,-,-,-,-,-,-,-,-,-,-,-
,,Amarela,-,-,-,-,-,-,-,-,-,-,-,-,-,-,-,-,-,-,-,-,-,-,-,-,-,-,-,-,-,-,-,-,-,-,-,-,-,-,-,-
,,Parda,4029,1113,2722,193,-,530,209,300,21,-,1285,349,867,70,-,956,247,664,45,-,777,223,496,58,-,340,34,306,-,-,3,-,3,-,-,-,-,-,-,-
,,Indígena,4,-,4,-,-,-,-,-,-,-,4,-,4,-,-,-,-,-,-,-,-,-,-,-,-,-,-,-,-,-,-,-,-,-,-,-,-,-,-,-
,18 a 64 anos,Total,465366,88303,76928,189882,110252,44767,6567,6334,18081,13786,132870,19746,18068,53419,41637,152120,29955,25448,62397,34320,89788,20852,17513,37585,13838,37910,9293,8151,15500,4965,1771,605,370,514,281,1587,449,277,458,403
,,Branca,219354,31581,29987,87206,70581,24228,2722,2865,9811,8830,69991,7655,7910,26487,27938,70881,10718,9650,28084,22429,36142,6804,6248,15448,7641,14449,2912,2715,6049,2773,749,197,138,221,193,758,172,126,251,209
,,Preta,53207,13052,10846,22001,7308,3727,669,781,1532,745,12675,2581,2157,5432,2504,16698,4281,3218,6998,2201,13197,3734,2901,5364,1199,6112,1553,1601,2410,548,207,110,11,65,20,201,70,81,45,5
,,Amarela,1046,93,97,342,513,108,11,2,27,69,363,34,25,103,201,285,10,27,83,166,146,17,10,86,33,121,21,10,44,45,-,-,-,-,-,-,-,-,-,-
,,Parda,191475,43419,35949,80268,31838,16652,3145,2686,6689,4132,49811,9445,7976,21396,10994,64147,14883,12539,27200,9524,40241,10273,8329,16677,4962,17208,4787,3825,6998,1599,805,298,211,227,68,629,207,70,163,189
,,Indígena,284,158,49,65,11,51,20,-,23,9,31,31,-,-,-,109,63,13,32,-,62,24,26,11,2,20,20,-,-,-,10,-,10,-,-,-,-,-,-,-
,65 anos ou mais,Total,14901,7756,1908,2515,2723,1695,811,259,289,337,4578,1995,589,947,1047,4305,2363,520,644,778,2407,1457,298,301,351,1381,841,144,199,198,54,4,28,21,-,81,42,10,29,-
,,Branca,8391,3655,1160,1466,2110,1085,437,190,204,253,2855,992,459,565,839,2358,1122,271,345,620,1192,647,119,190,236,544,301,44,48,150,53,3,28,21,-,51,13,10,29,-
,,Preta,1434,933,218,243,40,104,79,18,-,7,355,218,31,78,28,439,237,77,121,4,332,242,45,45,-,166,120,46,-,-,-,-,-,-,-,-,-,-,-,-
,,Amarela,86,17,-,-,68,44,10,-,-,33,30,7,-,-,23,-,-,-,-,-,12,-,-,-,12,-,-,-,-,-,-,-,-,-,-,-,-,-,-,-
,,Parda,4983,3143,530,806,505,463,285,51,84,43,1339,778,98,305,157,1500,996,172,178,154,871,568,135,66,103,671,420,53,151,47,1,1,-,-,-,29,29,-,-,-
,,Indígena,8,8,-,-,-,-,-,-,-,-,-,-,-,-,-,8,8,-,-,-,-,-,-,-,-,-,-,-,-,-,-,-,-,-,-,-,-,-,-,-
Patos de Minas,Total,Total,324067,77837,54363,125531,66337,42526,6691,6326,16543,12965,109728,19050,16360,45704,28615,101224,28415,18146,39076,15587,51258,17228,9807,17874,6348,14392,4852,2890,4709,1941,1934,674,306,636,318,1010,257,164,362,226
,,Branca,126999,25120,18473,48383,35023,19530,2592,2587,6884,7468,46413,6641,5854,18842,15076,37215,8949,6140,14240,7886,17584,5183,2904,6287,3210,4362,1222,781,1468,891,619,149,90,256,124,363,78,20,118,146
,,Preta,37058,11042,7095,14213,4709,3685,798,596,1555,735,11133,2451,2137,4579,1966,12160,3769,2311,4820,1261,7305,2765,1474,2487,578,2123,969,426,604,124,313,147,52,91,23,128,32,49,34,13
,,Amarela,744,115,116,197,316,80,11,17,20,32,259,32,13,99,115,192,35,34,53,70,162,10,53,19,80,52,26,-,6,19,-,-,-,-,-,-,-,-,-,-
,,Parda,159031,41471,28654,62639,26266,19217,3289,3126,8074,4728,51869,9893,8343,22182,11451,51565,15634,9661,19914,6356,26146,9244,5365,9055,2480,7842,2632,1684,2620,906,1002,378,164,288,171,520,147,95,210,68
,,Indígena,235,89,24,99,23,14,-,-,11,2,54,33,13,2,6,91,28,-,49,14,62,25,11,26,-,14,3,-,11,-,-,-,-,-,-,-,-,-,-,-
,10 a 17 anos,Total,6834,2054,4598,181,-,1239,451,730,58,-,2213,571,1608,35,-,2270,677,1525,69,-,782,218,554,11,-,256,91,157,8,-,31,31,-,-,-,5,-,5,-,-
,,Branca,2080,516,1532,31,-,391,94,292,6,-,747,208,533,7,-,694,155,521,18,-,211,43,168,-,-,27,18,9,-,-,-,-,-,-,-,-,-,-,-,-
,,Preta,779,266,513,-,-,142,67,75,-,-,267,79,189,-,-,168,68,100,-,-,142,35,107,-,-,51,14,38,-,-,3,3,-,-,-,5,-,5,-,-
,,Amarela,11,11,-,-,-,-,-,-,-,-,-,-,-,-,-,-,-,-,-,-,-,-,-,-,-,11,11,-,-,-,-,-,-,-,-,-,-,-,-,-
,,Parda,3964,1260,2554,150,-,706,290,364,52,-,1199,284,886,28,-,1408,454,903,51,-,429,140,279,11,-,166,48,110,8,-,27,27,-,-,-,-,-,-,-,-
,,Indígena,-,-,-,-,-,-,-,-,-,-,-,-,-,-,-,-,-,-,-,-,-,-,-,-,-,-,-,-,-,-,-,-,-,-,-,-,-,-,-,-
,18 a 64 anos,Total,309356,71045,48968,124093,65249,40345,5743,5507,16318,12778,104916,17033,14495,45219,28170,96317,26044,16327,38648,15299,49298,16232,9146,17672,6248,13740,4528,2699,4639,1874,1850,599,306,626,318,1002,257,159,359,226
,,Branca,120767,22382,16474,47564,34347,18649,2268,2236,6776,7369,44331,5781,5186,18549,14814,35125,8009,5450,13992,7673,16734,4758,2662,6171,3142,4087,1065,740,1425,856,590,120,90,256,124,360,78,20,116,146
,,Preta,35606,10276,6537,14141,4653,3449,696,514,1531,708,10662,2210,1940,4553,1958,11764,3509,2192,4808,1255,7057,2661,1356,2477,563,2046,931,388,604,124,310,143,52,91,23,123,32,44,34,13
,,Amarela,636,91,105,175,265,72,4,17,20,32,216,32,13,77,93,181,35,22,53,70,146,5,53,19,69,21,15,-,6,-,-,-,-,-,-,-,-,-,-,-
,,Parda,152111,38207,25828,62113,25962,18161,2775,2739,7980,4667,49654,8977,7342,22037,11298,49156,14463,8662,19745,6287,25300,8783,5064,8980,2473,7572,2514,1571,2593,893,950,336,164,279,171,520,147,95,210,68
,,Indígena,235,89,24,99,23,14,-,-,11,2,54,33,13,2,6,91,28,-,49,14,62,25,11,26,-,14,3,-,11,-,-,-,-,-,-,-,-,-,-,-
,65 anos ou mais,Total,7878,4737,796,1257,1088,942,498,89,168,187,2599,1446,257,450,445,2636,1694,294,359,288,1177,778,107,191,100,397,234,34,62,67,54,44,-,9,-,3,-,-,3,-
,,Branca,4152,2221,467,788,676,490,231,59,102,99,1335,652,135,286,262,1396,785,169,230,213,639,383,73,116,67,249,139,31,43,35,29,29,-,-,-,3,-,-,3,-
,,Preta,673,499,46,72,56,94,35,7,24,28,205,162,9,26,8,227,192,19,11,5,106,69,11,11,15,25,25,-,-,-,-,-,-,-,-,-,-,-,-,-
,,Amarela,97,13,11,22,51,8,8,-,-,-,43,-,-,22,21,11,-,11,-,-,16,5,-,-,10,19,-,-,-,19,-,-,-,-,-,-,-,-,-,-
,,Parda,2956,2004,272,376,305,350,224,23,42,61,1016,632,114,117,154,1001,717,96,119,70,416,321,23,65,8,104,69,3,19,13,24,15,-,9,-,-,-,-,-,-
,,Indígena,-,-,-,-,-,-,-,-,-,-,-,-,-,-,-,-,-,-,-,-,-,-,-,-,-,-,-,-,-,-,-,-,-,-,-,-,-,-,-,-
Divinópolis,Total,Total,566647,144221,106348,213102,102976,72892,13890,12433,28014,18555,192513,40183,33516,76156,42658,190672,55261,37793,71162,26455,82568,25391,17220,29113,10844,19222,6499,3495,6021,3208,2640,913,576,710,442,2600,709,698,909,284
,,Branca,268459,57677,42677,101251,66854,39300,6219,5546,14832,12703,96157,16090,14055,37764,28248,85744,22334,14814,32214,16381,34312,9326,6110,12342,6534,8488,2447,1170,2801,2070,1325,362,330,339,294,1354,302,386,459,207
,,Preta,60739,19930,12922,22558,5329,5396,1576,1226,1984,610,18338,5209,3480,7581,2068,22050,7756,4727,7953,1614,11539,3990,2741,4028,779,2646,1114,588,741,202,300,77,57,137,29,184,80,41,46,17
,,Amarela,644,179,159,264,41,66,18,3,40,5,172,51,46,67,8,178,33,37,80,28,166,42,59,66,-,29,17,11,2,-,-,-,-,-,-,6,-,4,3,-
,,Parda,236441,66328,50513,88916,30684,28045,6049,5656,11139,5200,77731,18806,15908,30698,12319,82618,25113,18183,30907,8415,36486,12018,8294,12643,3531,8059,2920,1726,2477,936,1015,474,188,234,119,1055,328,267,401,59
,,Indígena,364,106,77,112,68,85,28,2,18,36,116,27,28,47,14,83,26,31,8,18,66,15,17,34,-,-,-,-,-,-,-,-,-,-,-,-,-,-,-,-
,10 a 17 anos,Total,13133,3441,9127,565,-,2099,557,1426,116,-,4989,1367,3463,158,-,4276,1039,3037,200,-,1364,350,968,46,-,265,69,165,31,-,44,13,28,3,-,14,-,14,-,-
,,Branca,5424,1306,3779,339,-,965,214,678,73,-,2079,472,1515,92,-,1739,422,1191,126,-,503,147,338,18,-,67,15,31,20,-,13,13,-,-,-,14,-,14,-,-
,,Preta,1197,291,853,52,-,170,59,111,-,-,411,110,264,37,-,439,98,326,15,-,109,6,103,-,-,51,8,43,-,-,-,-,-,-,-,-,-,-,-,-
,,Amarela,21,-,21,-,-,-,-,-,-,-,12,-,12,-,-,-,-,-,-,-,9,-,9,-,-,-,-,-,-,-,-,-,-,-,-,-,-,-,-,-
,,Parda,6483,1838,4470,174,-,962,284,636,43,-,2481,780,1671,30,-,2098,519,1519,60,-,741,197,516,29,-,147,46,90,11,-,31,-,28,3,-,-,-,-,-,-
,,Indígena,8,5,3,-,-,1,-,1,-,-,6,5,1,-,-,-,-,-,-,-,1,-,1,-,-,-,-,-,-,-,-,-,-,-,-,-,-,-,-,-
,18 a 64 anos,Total,537420,131668,94902,210020,100829,68367,12199,10741,27405,18023,182618,36254,29341,75252,41772,181017,50976,33974,70125,25941,78867,23543,15833,28792,10699,18282,6004,3238,5875,3166,2489,831,532,706,419,2501,662,659,896,284
,,Branca,253741,51692,37515,99333,65201,36776,5391,4678,14412,12294,90869,14186,12030,37163,27490,81180,20251,13242,31621,16066,32665,8521,5547,12167,6430,8061,2219,1095,2715,2031,1263,328,325,339,272,1263,262,348,446,207
,,Preta,57737,18411,11766,22291,5268,5012,1350,1091,1964,607,17545,4803,3185,7492,2065,20885,7184,4273,7843,1585,11146,3829,2559,4004,754,2434,1000,516,716,202,290,77,47,137,29,176,72,41,46,17
,,Amarela,621,179,137,264,41,66,18,3,40,5,160,51,34,67,8,177,33,36,80,28,157,42,49,66,-,29,17,11,2,-,-,-,-,-,-,6,-,4,3,-
,,Parda,224993,61291,45421,88019,30262,26430,5412,4968,10970,5080,73935,17191,14065,30483,12195,78705,23483,16392,30574,8256,34850,11142,7673,12521,3515,7759,2768,1616,2441,934,936,426,160,231,119,1055,328,267,401,59
,,Indígena,327,94,64,112,57,84,28,1,18,36,109,22,27,47,14,71,25,31,8,7,49,9,6,34,-,-,-,-,-,-,-,-,-,-,-,-,-,-,-,-
,65 anos ou mais,Total,16094,9111,2318,2517,2147,2426,1133,267,493,532,4907,2563,712,746,885,5379,3247,781,837,514,2337,1498,419,275,146,675,426,92,115,42,106,69,15,-,23,85,47,24,13,-
,,Branca,9294,4679,1383,1579,1653,1559,613,190,347,409,3209,1432,510,509,758,2825,1661,381,468,315,1143,658,225,157,104,361,213,43,65,40,49,21,5,-,23,77,40,24,13,-
,,Preta,1805,1227,302,215,61,214,167,24,20,3,383,296,31,52,3,726,474,128,95,29,284,155,79,24,26,161,107,29,25,-,10,-,10,-,-,7,7,-,-,-
,,Amarela,1,-,1,-,-,-,-,-,-,-,-,-,-,-,-,1,-,1,-,-,-,-,-,-,-,-,-,-,-,-,-,-,-,-,-,-,-,-,-,-
,,Parda,4965,3198,622,723,422,653,353,52,127,121,1315,835,171,185,124,1815,1111,271,274,159,894,679,105,94,16,154,107,19,25,2,48,48,-,-,-,-,-,-,-,-
,,Indígena,28,7,10,-,11,-,-,-,-,-,-,-,-,-,-,12,1,-,-,11,16,6,10,-,-,-,-,-,-,-,-,-,-,-,-,-,-,-,-,-
Vitória,Total,Total,810012,134967,121494,345503,208048,64151,10840,9571,27220,16520,163663,24633,22824,66065,50141,254800,41574,36077,107755,69393,201159,33248,31337,89574,47001,106353,20479,18560,46957,20357,8816,2138,1441,3505,1732,3215,323,350,1424,1118
,,Branca,297854,36006,32363,115290,114194,28600,3778,3502,11304,10015,69711,7650,6932,25625,29504,97825,11614,9724,36520,39967,63596,7223,7148,26428,22797,30456,4532,4071,12775,9079,2985,615,414,1053,904,1575,58,141,524,853
,,Preta,114616,23787,21170,51173,18487,7092,1646,1384,2992,1069,18666,3686,3442,8173,3366,34425,6897,6346,15596,5586,32826,6492,5820,15260,5254,18971,4219,3719,8097,2936,1187,444,235,413,94,414,58,26,253,78
,,Amarela,1457,151,163,438,705,167,9,20,73,65,272,-,19,77,176,444,47,52,96,249,336,65,31,129,111,217,29,42,62,84,20,-,-,-,20,-,-,-,-,-
,,Parda,393992,74453,67502,177757,74280,28146,5375,4623,12796,5351,74597,13196,12380,32039,16981,121567,22852,19903,55374,23437,103874,19323,18251,47530,18769,56315,11591,10669,25820,8234,4581,1059,793,2016,713,1204,207,183,626,187
,,Indígena,2093,570,295,845,382,146,31,42,54,19,417,102,52,150,113,539,163,53,169,155,528,146,86,226,71,394,108,58,203,25,43,21,-,23,-,21,-,-,21,-
,10 a 17 anos,Total,12076,3386,8349,341,-,928,226,689,13,-,2845,943,1829,73,-,3586,962,2537,87,-,3205,760,2365,80,-,1374,442,860,71,-,74,35,21,18,-,-,-,-,-,-
,,Branca,3214,902,2258,54,-,276,53,210,13,-,845,246,590,9,-,931,246,674,11,-,817,258,559,-,-,287,74,192,21,-,25,25,-,-,-,-,-,-,-,-
,,Preta,1901,509,1291,101,-,136,29,107,-,-,478,174,274,31,-,654,147,495,12,-,473,110,345,19,-,143,33,71,39,-,-,-,-,-,-,-,-,-,-,-
,,Amarela,-,-,-,-,-,-,-,-,-,-,-,-,-,-,-,-,-,-,-,-,-,-,-,-,-,-,-,-,-,-,-,-,-,-,-,-,-,-,-,-
,,Parda,6918,1965,4767,187,-,516,144,372,-,-,1509,523,953,34,-,2000,570,1367,64,-,1894,392,1441,60,-,934,326,598,11,-,49,11,21,18,-,-,-,-,-,-
,,Indígena,43,10,33,-,-,-,-,-,-,-,13,-,13,-,-,-,-,-,-,-,21,-,21,-,-,10,10,-,-,-,-,-,-,-,-,-,-,-,-,-
,18 a 64 anos,Total,775913,123028,110715,339689,202482,60924,9698,8610,26518,16099,155943,21985,20453,64813,48692,244716,38005,32838,106217,67656,193192,30662,28523,88134,45873,102404,19003,17395,46293,19712,8542,2006,1383,3477,1676,3144,307,325,1415,1096
,,Branca,283795,32088,28990,112341,110376,27103,3306,3149,10889,9758,66340,6893,6091,24889,28468,93558,10435,8692,35708,38724,60741,6367,6481,25793,22100,28952,4110,3704,12515,8622,2848,544,378,1053,873,1526,54,116,524,831
,,Preta,110163,21922,19578,50557,18106,6725,1474,1250,2942,1059,17729,3245,3137,8063,3284,33160,6437,5776,15439,5509,31611,6096,5349,15046,5120,18434,3926,3627,8012,2869,1183,441,235,413,94,414,58,26,253,78
,,Amarela,1409,146,163,438,661,167,9,20,73,65,240,-,19,77,144,440,43,52,96,249,325,65,31,129,100,217,29,42,62,84,20,-,-,-,20,-,-,-,-,-
,,Parda,378560,68364,61721,175508,72967,26783,4877,4149,12559,5197,71240,11756,11167,31634,16683,117052,20960,18267,54805,23020,100029,17998,16597,46940,18494,54417,10839,9964,25502,8112,4446,1000,770,1988,688,1183,196,183,617,187
,,Indígena,1986,507,262,845,372,146,31,42,54,19,393,91,39,150,113,507,130,53,169,155,486,135,66,226,60,384,99,58,203,25,43,21,-,23,-,21,-,-,21,-
,65 anos ou mais,Total,22023,8554,2430,5473,5566,2298,916,272,689,421,4875,1706,543,1178,1449,6498,2606,702,1452,1737,4763,1826,448,1361,1128,2576,1034,304,592,646,201,97,37,10,56,70,15,24,9,22
,,Branca,10845,3016,1115,2896,3818,1221,419,143,402,257,2526,511,252,727,1036,3336,933,358,801,1243,2039,597,108,636,697,1218,348,175,239,456,112,47,35,-,31,50,4,24,-,22
,,Preta,2552,1355,301,515,381,232,143,28,50,10,459,267,31,79,82,611,314,75,145,77,741,286,127,195,134,395,260,22,46,67,3,3,-,-,-,-,-,-,-,-
,,Amarela,48,4,-,-,44,-,-,-,-,-,33,-,-,-,33,4,4,-,-,-,11,-,-,-,11,-,-,-,-,-,-,-,-,-,-,-,-,-,-,-
,,Parda,8514,4125,1014,2063,1312,846,354,101,237,154,1847,918,260,372,298,2514,1323,269,505,417,1951,933,213,530,275,963,426,107,307,122,85,47,2,10,26,21,12,-,9,-
,,Indígena,64,53,-,-,11,-,-,-,-,-,10,10,-,-,-,33,33,-,-,-,21,10,-,-,11,-,-,-,-,-,-,-,-,-,-,-,-,-,-,-
São Mateus,Total,Total,213108,49294,34470,88768,40575,30373,5125,4017,12926,8304,64661,12626,10011,27643,14381,69914,18527,12424,28239,10723,34045,8939,5836,14315,4955,9484,3048,1579,3441,1415,1239,381,145,422,291,1664,216,150,1050,248
,,Branca,59947,9423,7367,24418,18738,10949,1394,1111,4095,4349,19634,2402,2425,8043,6764,17443,3522,2337,7167,4417,8094,1424,1048,3469,2153,2467,412,307,1062,686,426,112,26,114,174,449,60,29,290,70
,,Preta,33509,9674,5735,14034,4067,3667,911,395,1715,645,9060,2088,1406,4277,1288,11558,3663,2187,4385,1324,6661,2009,1273,2817,562,1742,749,356,445,192,194,102,20,52,21,327,59,24,212,31
,,Amarela,215,56,50,56,54,9,-,1,-,8,85,10,33,31,11,70,19,7,10,34,34,10,10,15,-,16,16,-,-,-,-,-,-,-,-,-,-,-,-,-
,,Parda,117575,29666,20995,49406,17509,15421,2755,2464,6933,3269,35393,8009,6059,15091,6234,40258,11156,7786,16427,4889,18973,5424,3436,7886,2227,5140,1824,911,1870,535,606,166,99,249,92,869,94,96,531,147
,,Indígena,1849,476,323,841,208,327,65,46,184,32,489,117,89,200,83,571,167,107,238,60,282,72,69,129,13,119,47,5,64,2,12,2,-,6,4,18,2,-,16,-
,10 a 17 anos,Total,4059,1315,2518,226,-,551,201,326,24,-,1333,351,930,52,-,1499,554,843,102,-,530,147,339,44,-,101,47,50,5,-,10,-,10,-,-,-,-,-,-,-
,,Branca,910,245,618,47,-,127,41,63,24,-,333,89,230,13,-,321,86,225,10,-,111,22,88,-,-,-,-,-,-,-,-,-,-,-,-,-,-,-,-,-
,,Preta,617,219,356,42,-,45,15,30,-,-,207,79,118,10,-,192,79,101,12,-,138,33,85,20,-,35,12,22,-,-,-,-,-,-,-,-,-,-,-,-
,,Amarela,-,-,-,-,-,-,-,-,-,-,-,-,-,-,-,-,-,-,-,-,-,-,-,-,-,-,-,-,-,-,-,-,-,-,-,-,-,-,-,-
,,Parda,2506,833,1536,137,-,371,140,231,-,-,787,182,577,29,-,979,383,516,80,-,276,87,165,24,-,67,34,28,5,-,10,-,10,-,-,-,-,-,-,-
,,Indígena,25,17,8,-,-,7,5,2,-,-,5,1,4,-,-,8,6,1,-,-,5,5,-,-,-,-,-,-,-,-,-,-,-,-,-,-,-,-,-,-
,18 a 64 anos,Total,204051,44954,31426,87715,39956,29067,4528,3616,12699,8224,61828,11440,8876,27377,14135,66851,16943,11438,27888,10582,32827,8303,5436,14200,4890,9167,2866,1517,3405,1379,1157,350,124,422,261,1614,197,144,1026,248
,,Branca,56998,8206,6545,23902,18345,10454,1213,1010,3934,4297,18688,2068,2112,7880,6628,16573,3089,2093,7054,4336,7733,1264,929,3434,2107,2345,357,297,1041,650,377,100,16,114,147,431,54,29,278,70
,,Preta,32272,8963,5328,13969,4011,3519,804,355,1715,645,8720,1936,1277,4264,1242,11126,3393,2056,4353,1324,6423,1885,1188,2797,553,1696,724,334,445,192,184,92,20,52,21,314,47,24,212,31
,,Amarela,207,56,50,56,46,1,-,1,-,-,85,10,33,31,11,70,19,7,10,34,34,10,10,15,-,16,16,-,-,-,-,-,-,-,-,-,-,-,-,-
,,Parda,112769,27301,19187,48934,17346,14783,2461,2207,6866,3250,33857,7315,5370,15002,6170,38516,10291,7176,16221,4828,18360,5077,3240,7826,2217,4997,1726,881,1855,535,584,157,89,249,89,851,94,90,519,147
,,Indígena,1793,429,316,841,208,310,50,44,184,32,478,111,84,200,83,554,151,105,238,60,277,66,69,129,13,113,42,5,64,2,12,2,-,6,4,18,2,-,16,-
,65 anos ou mais,Total,4998,3025,527,827,619,755,396,75,204,80,1500,835,206,213,247,1563,1030,144,249,141,688,489,62,72,65,215,135,12,32,35,71,31,10,-,30,49,19,6,24,-
,,Branca,2039,972,204,469,393,368,139,39,137,52,614,244,83,150,137,550,348,19,103,80,250,138,31,35,46,121,55,10,21,35,49,12,10,-,26,19,7,-,12,-
,,Preta,620,491,51,23,55,102,92,10,-,-,133,73,11,3,46,241,191,30,20,-,100,91,-,-,9,12,12,-,-,-,10,10,-,-,-,13,13,-,-,-
,,Amarela,8,-,-,-,8,8,-,-,-,8,-,-,-,-,-,-,-,-,-,-,-,-,-,-,-,-,-,-,-,-,-,-,-,-,-,-,-,-,-,-
,,Parda,2300,1531,271,335,163,267,155,26,66,20,748,513,112,60,64,763,482,94,126,61,338,260,31,36,10,76,63,3,10,-,12,9,-,-,3,18,-,6,12,-
,,Indígena,30,30,-,-,-,10,10,-,-,-,5,5,-,-,-,10,10,-,-,-,-,-,-,-,-,5,5,-,-,-,-,-,-,-,-,-,-,-,-,-
Colatina,Total,Total,146974,36941,26176,55342,28515,27356,4759,4291,11083,7223,49860,11061,8344,19791,10665,44603,13374,8572,16099,6558,18027,5368,3598,6180,2881,4991,1700,942,1446,903,831,230,185,326,90,426,144,77,112,92
,,Branca,56467,10510,8212,21808,15937,11856,1503,1458,4796,4098,20046,3384,2757,7800,6105,16025,3654,2658,6186,3526,6252,1414,1051,2196,1591,1557,376,240,501,439,265,38,38,137,53,147,45,-,38,63
,,Preta,12478,4211,2612,4250,1406,1823,459,387,715,263,3971,1128,745,1529,569,4027,1547,856,1209,416,1781,709,390,574,108,643,293,150,160,40,112,39,23,50,-,32,11,12,8,-
,,Amarela,106,25,23,38,21,4,-,-,4,-,71,9,13,27,21,22,15,6,1,-,10,-,4,5,-,-,-,-,-,-,-,-,-,-,-,-,-,-,-,-
,,Parda,77808,22166,15318,29192,11132,13662,2794,2446,5568,2853,25734,6530,4823,10411,3970,24503,8150,5052,8695,2605,9956,3245,2148,3381,1182,2782,1022,552,784,424,454,152,125,140,37,247,88,65,66,29
,,Indígena,115,29,11,55,20,11,2,-,-,9,40,10,6,23,-,26,8,-,8,11,29,-,5,24,-,10,10,-,-,-,-,-,-,-,-,-,-,-,-,-
,10 a 17 anos,Total,2353,776,1498,79,-,439,167,248,24,-,836,273,519,43,-,758,261,490,6,-,280,51,223,6,-,24,18,6,-,-,-,-,-,-,-,-,-,-,-,-
,,Branca,713,214,480,19,-,61,19,36,6,-,358,145,206,7,-,172,46,126,-,-,121,3,111,6,-,2,1,1,-,-,-,-,-,-,-,-,-,-,-,-
,,Preta,193,46,139,8,-,43,2,33,8,-,38,10,28,-,-,64,11,53,-,-,24,10,14,-,-,10,10,-,-,-,-,-,-,-,-,-,-,-,-,-
,,Amarela,-,-,-,-,-,-,-,-,-,-,-,-,-,-,-,-,-,-,-,-,-,-,-,-,-,-,-,-,-,-,-,-,-,-,-,-,-,-,-,-
,,Parda,1448,516,879,52,-,335,147,178,10,-,440,118,286,36,-,521,204,312,6,-,136,38,98,-,-,11,6,5,-,-,-,-,-,-,-,-,-,-,-,-
,,Indígena,-,-,-,-,-,-,-,-,-,-,-,-,-,-,-,-,-,-,-,-,-,-,-,-,-,-,-,-,-,-,-,-,-,-,-,-,-,-,-,-
,18 a 64 anos,Total,140624,33481,24330,54739,28074,26216,4166,3961,10932,7157,47737,9941,7729,19608,10459,42603,12254,7982,15911,6456,17312,5016,3329,6135,2833,4804,1547,936,1424,897,792,206,170,326,90,395,120,77,106,92
,,Branca,53861,9223,7517,21470,15652,11436,1283,1353,4724,4075,19059,2899,2499,7706,5955,15262,3253,2478,6067,3464,5940,1300,909,2171,1560,1513,353,239,488,433,265,38,38,137,53,116,21,-,32,63
,,Preta,11929,3892,2436,4222,1379,1750,436,353,706,254,3817,1025,700,1524,569,3842,1447,798,1201,397,1713,660,372,574,108,605,261,150,154,40,92,30,13,50,-,32,11,12,8,-
,,Amarela,104,25,23,38,19,4,-,-,4,-,68,9,13,27,19,22,15,6,1,-,10,-,4,5,-,-,-,-,-,-,-,-,-,-,-,-,-,-,-,-
,,Parda,74615,20312,14344,28954,11005,13016,2445,2255,5498,2819,24753,5997,4511,10328,3916,23450,7532,4700,8634,2585,9621,3056,2040,3361,1164,2676,924,546,782,424,434,138,119,140,37,247,88,65,66,29
,,Indígena,115,29,11,55,20,11,2,-,-,9,40,10,6,23,-,26,8,-,8,11,29,-,5,24,-,10,10,-,-,-,-,-,-,-,-,-,-,-,-,-
,65 anos ou mais,Total,3997,2683,348,524,442,700,426,82,126,66,1288,848,95,139,206,1243,858,100,183,102,434,302,45,39,48,163,136,-,21,6,39,24,15,-,-,31,24,-,7,-
,,Branca,1893,1073,215,319,286,359,201,69,66,23,629,340,52,87,150,590,355,54,119,63,191,112,30,18,31,41,22,-,13,6,-,-,-,-,-,31,24,-,7,-
,,Preta,357,272,37,20,27,29,21,-,-,8,115,93,17,5,-,121,88,5,9,19,44,39,5,-,-,27,21,-,6,-,19,9,10,-,-,-,-,-,-,-
,,Amarela,2,-,-,-,2,-,-,-,-,-,2,-,-,-,2,-,-,-,-,-,-,-,-,-,-,-,-,-,-,-,-,-,-,-,-,-,-,-,-,-
,,Parda,1745,1338,95,185,127,311,203,13,60,35,541,414,26,47,54,532,415,41,56,21,199,151,10,20,17,94,92,-,2,-,20,14,5,-,-,-,-,-,-,-
,,Indígena,-,-,-,-,-,-,-,-,-,-,-,-,-,-,-,-,-,-,-,-,-,-,-,-,-,-,-,-,-,-,-,-,-,-,-,-,-,-,-,-
Cachoeiro do Itapemirim,Total,Total,202185,51357,33084,78261,39484,29425,5836,4339,11672,7577,62212,13626,10217,25074,13294,70452,20139,11979,26892,11443,29393,8542,4807,10803,5241,6648,2080,1021,2223,1324,1222,326,181,456,259,1381,402,213,584,182
,,Branca,94678,19136,13211,36904,25426,15724,2583,2106,5842,5192,30948,5487,4183,12546,8731,31102,7215,4454,12099,7334,12394,2728,1810,4664,3192,2672,685,362,927,698,569,137,76,241,114,747,204,96,358,89
,,Preta,23531,7634,4193,8985,2719,2468,611,377,1121,359,6408,1774,1142,2604,888,9168,3152,1810,3321,886,4241,1681,642,1468,451,842,292,123,338,89,142,32,27,63,21,118,38,39,27,13
,,Amarela,190,31,39,60,60,43,3,9,9,21,49,1,8,23,17,72,17,21,13,21,-,-,-,-,-,15,10,1,3,-,-,-,-,-,-,11,-,-,11,-
,,Parda,83613,24509,15590,32254,11259,11172,2639,1847,4687,1999,24733,6348,4858,9877,3649,30074,9744,5680,11448,3202,12716,4116,2345,4663,1592,3117,1093,534,952,538,511,156,78,153,124,505,159,78,187,80
,,Indígena,174,45,50,58,20,18,-,-,12,6,75,16,26,24,8,36,11,14,11,-,42,18,11,7,6,3,-,-,3,-,-,-,-,-,-,-,-,-,-,-
,10 a 17 anos,Total,2916,912,1889,115,-,450,122,303,25,-,975,308,622,45,-,1045,337,669,38,-,318,81,231,6,-,98,47,51,-,-,-,-,-,-,-,-,-,-,-,-
,,Branca,882,259,595,29,-,187,35,140,12,-,299,108,180,11,-,267,73,188,6,-,95,11,83,-,-,25,22,3,-,-,-,-,-,-,-,-,-,-,-,-
,,Preta,348,87,238,23,-,25,9,15,-,-,72,22,38,12,-,211,45,155,11,-,28,11,17,-,-,12,-,12,-,-,-,-,-,-,-,-,-,-,-,-
,,Amarela,-,-,-,-,-,-,-,-,-,-,-,-,-,-,-,-,-,-,-,-,-,-,-,-,-,-,-,-,-,-,-,-,-,-,-,-,-,-,-,-
,,Parda,1686,567,1056,63,-,239,77,148,13,-,604,178,403,22,-,567,219,326,22,-,195,59,131,6,-,61,25,36,-,-,-,-,-,-,-,-,-,-,-,-
,,Indígena,-,-,-,-,-,-,-,-,-,-,-,-,-,-,-,-,-,-,-,-,-,-,-,-,-,-,-,-,-,-,-,-,-,-,-,-,-,-,-,-
,18 a 64 anos,Total,193589,47449,30478,77136,38525,28058,5303,3940,11470,7346,59391,12487,9323,24709,12871,67507,18683,11073,26502,11249,28325,7996,4496,10679,5153,6393,1945,953,2192,1303,1195,304,181,451,259,1367,388,213,584,182
,,Branca,90667,17570,12227,36157,24713,14982,2374,1901,5696,5011,29543,4963,3862,12286,8432,29843,6656,4143,11870,7174,11930,2534,1683,4573,3139,2559,627,343,913,676,566,134,76,241,114,739,197,96,358,89
,,Preta,22624,7096,3888,8929,2710,2396,557,360,1121,359,6199,1651,1076,2590,882,8749,2926,1638,3299,886,4077,1566,605,1458,449,800,272,111,328,89,142,32,27,63,21,118,38,39,27,13
,,Amarela,190,31,39,60,60,43,3,9,9,21,49,1,8,23,17,72,17,21,13,21,-,-,-,-,-,15,10,1,3,-,-,-,-,-,-,11,-,-,11,-
,,Parda,79938,22706,14273,31936,11023,10619,2368,1671,4631,1949,23525,5856,4352,9785,3532,28811,9073,5257,11312,3168,12276,3878,2198,4641,1559,3017,1037,498,945,538,487,137,78,147,124,498,153,78,187,80
,,Indígena,170,45,50,55,20,18,-,-,12,6,75,16,26,24,8,32,11,14,7,-,42,18,11,7,6,3,-,-,3,-,-,-,-,-,-,-,-,-,-,-
,65 anos ou mais,Total,5680,2995,717,1010,959,917,412,96,178,232,1846,831,272,320,423,1900,1119,236,352,193,750,465,79,118,87,156,88,16,31,21,27,22,-,5,-,14,14,-,-,-
,,Branca,3129,1307,389,719,713,556,174,66,135,181,1105,417,141,249,299,992,486,122,223,160,369,182,44,91,52,87,35,16,14,21,3,3,-,-,-,7,7,-,-,-
,,Preta,559,451,67,32,9,47,45,2,-,-,137,101,28,1,7,208,181,17,11,-,136,104,20,10,2,31,20,-,10,-,-,-,-,-,-,-,-,-,-,-
,,Amarela,-,-,-,-,-,-,-,-,-,-,-,-,-,-,-,-,-,-,-,-,-,-,-,-,-,-,-,-,-,-,-,-,-,-,-,-,-,-,-,-
,,Parda,1989,1236,261,255,237,314,193,27,43,50,604,314,103,70,118,696,452,97,114,33,245,179,16,17,33,39,32,-,7,-,24,19,-,5,-,6,6,-,-,-
,,Indígena,4,-,-,4,-,-,-,-,-,-,-,-,-,-,-,4,-,-,4,-,-,-,-,-,-,-,-,-,-,-,-,-,-,-,-,-,-,-,-,-
Rio de Janeiro,Total,Total,4019382,639846,611709,1780962,986865,177075,33576,31907,76597,34995,488851,77665,75663,209150,126374,973263,161372,148380,414464,249047,1165736,166418,164403,524163,310752,933541,146768,144450,428259,214064,208451,41844,36273,95591,34742,10123,1940,1435,3915,2833
,,Branca,1602587,176033,173003,649813,603737,72526,10874,10683,29728,21241,207868,21579,23379,83447,79463,401207,43513,42139,154659,160896,478956,46735,45369,192612,194240,346036,39361,39001,146849,120825,63898,10013,8927,28583,16375,4038,713,385,1326,1613
,,Preta,733754,148104,137283,336638,111729,28159,6660,5770,12107,3622,78974,16557,15198,34646,12572,167153,35785,31562,75179,24627,207940,39323,37700,97860,33058,189130,35601,34886,88933,29710,50651,11616,9925,22882,6228,2053,423,381,771,477
,,Amarela,5573,635,630,1685,2624,430,57,109,152,111,864,154,141,204,366,1297,173,180,334,610,1653,72,118,498,965,1019,137,61,358,464,198,19,21,97,62,23,-,-,23,-
,,Parda,1672499,314145,299953,790968,267432,75649,15906,15249,34567,9927,200330,39222,36857,90447,33804,402620,81708,74308,183868,62736,475965,80137,81029,232732,82067,396166,71461,70301,191741,62663,93402,20112,17386,43881,12023,3959,754,667,1795,743
,,Indígena,4969,929,840,1858,1342,312,80,97,42,93,815,153,88,406,169,986,194,191,423,178,1221,152,186,461,422,1190,209,201,377,402,302,85,14,149,55,51,50,1,-,-
,10 a 17 anos,Total,26777,9034,16432,1310,-,3542,1385,2090,67,-,5730,1949,3639,143,-,7638,2622,4681,335,-,5626,1711,3463,452,-,3158,968,1890,301,-,549,132,404,12,-,40,-,40,-,-
,,Branca,8151,2408,5287,455,-,1088,377,666,45,-,1757,514,1200,44,-,2271,600,1536,135,-,1678,444,1119,115,-,983,306,572,105,-,137,19,106,12,-,19,-,19,-,-
,,Preta,5205,2030,2902,273,-,621,280,318,22,-,1018,482,502,33,-,1525,622,837,66,-,1089,397,622,70,-,736,198,456,81,-,120,19,101,-,-,-,-,-,-,-
,,Amarela,11,11,-,-,-,11,11,-,-,-,-,-,-,-,-,-,-,-,-,-,-,-,-,-,-,-,-,-,-,-,-,-,-,-,-,-,-,-,-,-
,,Parda,13399,4584,8233,582,-,1810,716,1094,-,-,2955,953,1936,66,-,3842,1399,2308,134,-,2860,870,1722,268,-,1439,464,861,114,-,292,94,198,-,-,21,-,21,-,-
,,Indígena,12,1,11,-,-,12,1,11,-,-,-,-,-,-,-,-,-,-,-,-,-,-,-,-,-,-,-,-,-,-,-,-,-,-,-,-,-,-,-,-
,18 a 64 anos,Total,3825555,578810,573505,1737926,935314,163903,28465,28676,74369,32393,460016,68968,69396,203569,118084,924932,146761,138609,404557,235004,1116053,152215,155990,512642,295206,895626,134268,136961,418422,205975,199279,38232,34446,93317,33283,9546,1722,1272,3847,2706
,,Branca,1509677,157529,158772,628789,564587,66472,9093,9472,28653,19255,192984,18958,20922,80275,72830,376567,38845,38449,149446,149828,454221,42131,42176,187417,182496,330051,36120,36408,142439,115085,60920,9299,8354,27689,15578,3723,616,335,1286,1486
,,Preta,702567,134100,130123,329742,108602,26190,5654,5280,11805,3450,75580,14825,14294,34218,12243,160149,32703,29784,73692,23970,200001,36031,36047,95803,32121,181520,32266,33197,87122,28935,48503,10571,9540,22358,6033,1973,414,311,771,476
,,Amarela,5197,562,630,1599,2406,341,23,109,121,88,789,142,141,189,317,1175,173,180,314,509,1609,72,118,498,921,974,111,61,339,464,198,19,21,97,62,23,-,-,23,-
,,Parda,1603445,285799,283172,776015,258459,70641,13635,13729,33749,9528,189913,34922,33951,88514,32525,386097,74863,70006,180705,60522,459044,73830,77462,228485,79268,381948,65584,67094,188144,61126,89377,18280,16517,43024,11556,3777,642,625,1768,743
,,Indígena,4669,820,809,1781,1259,259,59,86,42,72,751,120,88,374,169,944,178,191,400,176,1178,152,186,440,400,1133,189,201,377,365,281,64,14,149,55,51,50,1,-,-
,65 anos ou mais,Total,167050,52002,21771,41725,51551,9631,3727,1142,2160,2602,23105,6748,2629,5438,8290,40693,11990,5089,9571,14043,44056,12492,4950,11069,15546,34757,11532,5599,9536,8089,8623,3480,1423,2262,1459,537,218,123,68,127
,,Branca,84759,16096,8944,20569,39150,4966,1404,545,1031,1986,13127,2107,1258,3129,6633,22369,4068,2154,5079,11068,23058,4160,2073,5080,11744,15002,2935,2022,4305,5740,2841,695,467,881,797,296,97,31,41,126
,,Preta,25983,11974,4259,6623,3127,1348,725,171,280,172,2376,1251,401,395,329,5479,2460,942,1421,657,6850,2895,1031,1987,937,6874,3137,1232,1730,775,2028,1025,284,524,195,80,8,71,-,1
,,Amarela,364,61,-,85,217,78,23,-,32,23,75,12,-,15,49,122,-,-,20,101,44,-,-,-,44,45,26,-,19,-,-,-,-,-,-,-,-,-,-,-
,,Parda,55655,23762,8549,14371,8973,3198,1555,425,819,399,7462,3347,970,1867,1279,12681,5446,1993,3029,2214,14061,5437,1845,3980,2799,12778,5413,2345,3483,1537,3733,1738,672,856,467,161,112,22,27,-
,,Indígena,288,109,20,77,83,41,19,-,-,21,64,32,-,32,-,42,16,-,23,3,44,-,-,22,22,57,20,-,-,37,21,21,-,-,-,-,-,-,-,-
Volta Redonda - Barra Mansa,Total,Total,364930,63856,54271,163474,83329,27437,4443,4145,11536,7313,79192,12495,10905,33529,22262,129231,24222,19431,58030,27549,88754,16227,13810,42426,16291,30992,5154,4788,13931,7119,4818,508,613,2142,1556,1733,215,192,758,568
,,Branca,159810,20125,19080,68502,52103,14022,1550,1766,5535,5171,38213,4171,4429,14933,14680,55056,7619,6262,24383,16792,34996,4744,4587,16302,9363,12906,1577,1589,5452,4289,2229,126,202,947,954,930,83,81,394,372
,,Preta,67508,15383,11982,30662,9481,3879,867,666,1791,555,11878,2578,1879,5319,2102,24159,5966,4648,10435,3110,19483,4331,3284,9577,2292,6590,1361,1255,2928,1046,902,108,149,412,233,243,68,67,64,44
,,Amarela,661,69,74,249,270,67,12,3,19,33,221,30,2,111,78,195,19,40,61,75,138,-,18,57,64,29,8,-,-,21,10,-,10,-,-,-,-,-,-,-
,,Parda,136677,28209,23069,64008,21391,9417,1988,1700,4185,1544,28821,5696,4583,13150,5392,49744,10609,8457,23138,7540,34081,7140,5899,16490,4552,11456,2208,1944,5541,1763,1669,274,252,774,369,549,64,43,300,142
,,Indígena,274,70,67,53,84,53,27,10,6,9,58,20,11,16,11,77,10,23,12,32,56,13,22,-,21,10,-,-,10,-,9,-,-,9,-,11,-,-,-,11
,10 a 17 anos,Total,3092,1050,1969,73,-,460,200,260,-,-,820,264,534,21,-,1080,387,684,9,-,473,119,331,23,-,225,69,136,20,-,-,-,-,-,-,-,-,-,-,-
,,Branca,1178,342,813,23,-,200,68,132,-,-,332,89,231,11,-,380,134,246,-,-,187,31,144,12,-,79,19,60,-,-,-,-,-,-,-,-,-,-,-,-
,,Preta,524,241,277,5,-,83,46,37,-,-,142,69,72,-,-,166,70,96,-,-,90,35,50,5,-,33,10,23,-,-,-,-,-,-,-,-,-,-,-,-
,,Amarela,14,12,2,-,-,12,12,-,-,-,2,-,2,-,-,-,-,-,-,-,-,-,-,-,-,-,-,-,-,-,-,-,-,-,-,-,-,-,-,-
,,Parda,1376,455,877,45,-,165,74,92,-,-,344,105,229,10,-,534,183,343,9,-,196,53,137,6,-,113,40,54,20,-,-,-,-,-,-,-,-,-,-,-
,,Indígena,-,-,-,-,-,-,-,-,-,-,-,-,-,-,-,-,-,-,-,-,-,-,-,-,-,-,-,-,-,-,-,-,-,-,-,-,-,-,-,-
,18 a 64 anos,Total,349481,57705,50761,160554,80460,25516,3632,3685,11308,6891,75245,11153,10137,32649,21305,124300,22154,18249,57047,26849,85981,15048,13092,41961,15879,29664,4642,4457,13682,6884,4679,449,601,2090,1539,1636,163,192,749,533
,,Branca,151956,17770,17504,66796,49887,12880,1200,1519,5358,4803,36042,3665,4101,14293,13982,52849,6828,5768,23966,16287,33584,4327,4229,16019,9010,12251,1403,1445,5308,4095,2173,104,202,930,938,891,53,81,394,362
,,Preta,65146,14054,11491,30326,9274,3652,717,614,1791,530,11380,2281,1773,5300,2026,23290,5521,4460,10252,3058,19028,4075,3188,9494,2271,6371,1247,1205,2896,1022,857,82,149,392,233,233,58,67,64,44
,,Amarela,626,57,72,239,258,55,-,3,19,33,207,30,-,111,66,195,19,40,61,75,129,-,18,47,64,29,8,-,-,21,10,-,10,-,-,-,-,-,-,-
,,Parda,131479,25754,21627,63140,20958,8875,1688,1538,4134,1516,27557,5158,4251,12928,5220,47888,9777,7958,22755,7398,33184,6633,5635,16401,4515,11002,1984,1806,5467,1745,1631,262,240,759,369,502,51,43,291,117
,,Indígena,274,70,67,53,84,53,27,10,6,9,58,20,11,16,11,77,10,23,12,32,56,13,22,-,21,10,-,-,10,-,9,-,-,9,-,11,-,-,-,11
,65 anos ou mais,Total,12357,5101,1541,2847,2868,1462,612,200,228,421,3127,1078,233,859,957,3851,1681,497,973,700,2301,1060,387,441,412,1102,443,195,229,235,139,59,12,52,17,97,52,-,9,35
,,Branca,6676,2014,763,1683,2216,942,281,115,177,368,1839,417,96,628,697,1827,657,248,417,505,1225,386,215,271,353,576,155,84,143,194,56,22,-,17,17,40,30,-,-,10
,,Preta,1838,1087,214,331,206,144,104,15,-,25,356,228,34,19,76,703,375,92,183,53,365,221,46,77,21,186,104,27,32,23,45,25,-,20,-,10,10,-,-,-
,,Amarela,22,-,-,10,12,-,-,-,-,-,12,-,-,-,12,-,-,-,-,-,10,-,-,10,-,-,-,-,-,-,-,-,-,-,-,-,-,-,-,-
,,Parda,3822,2001,564,823,433,376,227,70,51,28,920,433,103,212,172,1322,649,157,374,141,701,454,126,83,38,341,184,85,53,18,38,11,12,15,-,46,12,-,9,25
,,Indígena,-,-,-,-,-,-,-,-,-,-,-,-,-,-,-,-,-,-,-,-,-,-,-,-,-,-,-,-,-,-,-,-,-,-,-,-,-,-,-,-
Petrópolis,Total,Total,352298,87741,58685,135347,70526,33388,8274,5420,12496,7197,80970,18151,11777,31649,19394,122261,30905,20954,47464,22937,80894,21830,15270,31284,12510,27154,7032,4230,9633,6259,3324,592,427,1210,1095,1412,335,245,550,281
,,Branca,199244,39839,28296,77685,53424,21249,4384,2909,8275,5681,49595,8912,6176,19452,15055,67229,13336,10129,26455,17309,41544,9258,6709,16670,8908,15075,3207,1878,5240,4750,2024,270,227,702,825,704,144,121,262,177
,,Preta,52858,18196,10421,19334,4907,3719,1257,800,1230,433,10188,3579,1807,3680,1122,19170,6588,3753,7234,1596,14447,5026,2964,5289,1169,4405,1505,889,1580,432,413,150,85,102,75,232,51,50,84,47
,,Amarela,439,30,37,167,205,42,-,-,9,32,117,5,7,37,68,145,10,13,85,36,82,15,11,21,35,37,-,-,15,22,-,-,-,-,-,-,-,-,-,-
,,Parda,99572,29637,19916,38055,11965,8357,2634,1711,2961,1051,21036,5647,3781,8459,3149,35634,10950,7050,13637,3997,24796,7521,5587,9295,2394,7616,2320,1463,2798,1035,888,172,115,406,195,475,139,74,204,57
,,Indígena,185,38,15,106,26,21,-,-,21,-,34,8,5,21,-,84,20,10,54,-,26,10,-,10,5,21,-,-,-,21,-,-,-,-,-,-,-,-,-,-
,10 a 17 anos,Total,2983,1013,1864,107,-,391,142,245,5,-,692,333,347,12,-,1080,307,726,48,-,630,154,434,42,-,161,62,99,-,-,8,8,-,-,-,13,-,13,-,-
,,Branca,1546,487,1014,44,-,173,48,120,5,-,404,174,218,12,-,538,154,367,17,-,323,49,264,11,-,108,62,46,-,-,-,-,-,-,-,-,-,-,-,-
,,Preta,358,190,156,12,-,45,29,17,-,-,35,32,3,-,-,183,95,88,-,-,69,26,31,12,-,18,-,18,-,-,8,8,-,-,-,-,-,-,-,-
,,Amarela,-,-,-,-,-,-,-,-,-,-,-,-,-,-,-,-,-,-,-,-,-,-,-,-,-,-,-,-,-,-,-,-,-,-,-,-,-,-,-,-
,,Parda,1079,335,693,51,-,173,65,109,-,-,253,127,126,-,-,359,57,271,31,-,238,80,139,20,-,35,-,35,-,-,-,-,-,-,-,13,-,13,-,-
,,Indígena,-,-,-,-,-,-,-,-,-,-,-,-,-,-,-,-,-,-,-,-,-,-,-,-,-,-,-,-,-,-,-,-,-,-,-,-,-,-,-,-
,18 a 64 anos,Total,334736,79621,55215,132575,67325,31484,7470,4950,12137,6927,76811,16248,11099,30842,18621,116316,28240,19732,46579,21765,77159,19932,14471,30795,11959,25803,6385,3989,9471,5958,3119,509,397,1180,1034,1355,319,232,545,259
,,Branca,188500,35826,26211,75727,50737,20065,3949,2637,8051,5429,46814,7946,5700,18789,14378,63731,12063,9451,25835,16381,39310,8342,6166,16364,8438,14295,2891,1783,5124,4498,1918,238,206,686,788,676,139,121,262,155
,,Preta,50531,16622,10033,19118,4759,3540,1130,772,1214,424,9778,3265,1770,3660,1083,18329,6042,3587,7161,1539,13861,4608,2896,5219,1138,4187,1395,817,1542,432,348,107,76,102,62,222,41,50,84,47
,,Amarela,400,20,37,149,195,32,-,-,-,32,117,5,7,37,68,125,-,13,76,36,82,15,11,21,35,27,-,-,15,12,-,-,-,-,-,-,-,-,-,-
,,Parda,95140,27125,18920,37486,11609,7826,2390,1542,2852,1042,20068,5024,3617,8335,3092,34057,10125,6670,13454,3809,23891,6958,5399,9191,2343,7274,2099,1389,2790,995,853,163,115,391,184,457,139,61,199,57
,,Indígena,165,28,15,96,26,21,-,-,21,-,34,8,5,21,-,74,10,10,54,-,15,10,-,-,5,21,-,-,-,21,-,-,-,-,-,-,-,-,-,-
,65 anos ou mais,Total,14579,7107,1606,2665,3201,1512,663,224,354,271,3468,1571,330,794,773,4865,2359,496,838,1172,3106,1743,365,446,551,1190,584,142,162,302,197,75,30,31,61,43,16,-,5,22
,,Branca,9198,3526,1071,1914,2687,1011,386,153,219,252,2378,792,259,650,676,2960,1119,310,603,927,1911,868,278,295,470,672,254,49,116,252,106,32,21,16,37,28,5,-,-,22
,,Preta,1968,1384,232,204,148,134,98,11,16,9,375,282,33,20,39,658,451,78,73,56,518,392,37,58,31,200,109,54,37,-,57,35,9,-,13,10,10,-,-,-
,,Amarela,39,10,-,19,10,9,-,-,9,-,-,-,-,-,-,20,10,-,9,-,-,-,-,-,-,10,-,-,-,10,-,-,-,-,-,-,-,-,-,-
,,Parda,3354,2176,304,518,356,358,179,60,110,9,715,497,38,124,57,1218,768,108,153,188,667,483,50,83,50,308,220,39,9,39,34,8,-,15,11,5,-,-,5,-
,,Indígena,20,10,-,10,-,-,-,-,-,-,-,-,-,-,-,10,10,-,-,-,10,-,-,10,-,-,-,-,-,-,-,-,-,-,-,-,-,-,-,-
Campos dos Goytacazes,Total,Total,312011,72751,45787,133898,59574,35001,7252,4965,15200,7584,80890,16968,11319,33728,18875,102450,26275,15478,43586,17112,59349,15497,9393,24952,9507,22903,4846,3122,10290,4645,4755,683,580,2583,908,3903,443,499,2360,600
,,Branca,138323,24098,16483,59966,37775,17964,2942,2075,7659,5289,38881,5996,4607,16119,12158,43514,8290,5419,19018,10787,23591,4749,2883,10278,5681,9474,1353,871,4467,2783,1979,232,245,1008,494,1762,168,190,1011,393
,,Preta,55350,16826,9583,23510,5432,4713,1418,805,1999,491,11960,3211,2094,5144,1510,19302,6211,3271,8135,1685,12351,4281,2320,4805,944,4939,1393,755,2123,668,738,96,128,450,63,665,66,102,472,24
,,Amarela,196,30,26,90,50,57,4,14,39,-,54,11,-,23,20,52,14,12,-,25,28,-,-,28,-,5,-,-,-,5,-,-,-,-,-,-,-,-,-,-
,,Parda,117969,31767,19651,50270,16282,12266,2887,2071,5503,1805,29959,7724,4618,12441,5176,39503,11754,6776,16379,4594,23354,6466,4167,9842,2878,8453,2100,1473,3692,1188,2038,355,207,1125,351,1477,209,207,877,183
,,Indígena,173,31,45,62,36,-,-,-,-,-,37,26,-,-,11,80,5,-,54,21,26,-,22,-,4,31,-,23,8,-,-,-,-,-,-,-,-,-,-,-
,10 a 17 anos,Total,2945,927,1956,62,-,680,243,424,13,-,809,286,523,-,-,972,240,684,48,-,384,143,240,1,-,63,-,63,-,-,-,-,-,-,-,-,-,-,-,-
,,Branca,1107,240,859,8,-,367,114,250,3,-,251,46,205,-,-,322,44,272,5,-,144,35,109,-,-,-,-,-,-,-,-,-,-,-,-,-,-,-,-,-
,,Preta,550,222,328,-,-,111,50,61,-,-,170,69,100,-,-,160,61,100,-,-,66,42,25,-,-,42,-,42,-,-,-,-,-,-,-,-,-,-,-,-
,,Amarela,-,-,-,-,-,-,-,-,-,-,-,-,-,-,-,-,-,-,-,-,-,-,-,-,-,-,-,-,-,-,-,-,-,-,-,-,-,-,-,-
,,Parda,1278,454,770,54,-,202,79,113,10,-,377,159,218,-,-,490,135,312,43,-,173,66,106,1,-,21,-,21,-,-,-,-,-,-,-,-,-,-,-,-
,,Indígena,11,11,-,-,-,-,-,-,-,-,11,11,-,-,-,-,-,-,-,-,-,-,-,-,-,-,-,-,-,-,-,-,-,-,-,-,-,-,-,-
,18 a 64 anos,Total,298294,66617,42697,131248,57732,32834,6276,4464,14759,7335,77036,15429,10489,32984,18134,98195,24374,14490,42701,16630,57164,14471,8875,24563,9255,22137,4395,3004,10185,4552,4664,618,570,2578,898,3831,418,452,2360,600
,,Branca,131505,21778,15055,58263,36409,16765,2505,1777,7355,5128,36797,5366,4232,15603,11596,41471,7625,4956,18494,10397,22623,4420,2690,10015,5499,9130,1160,856,4381,2733,1959,232,235,1008,484,1710,143,163,1011,393
,,Preta,53229,15701,9072,23207,5249,4460,1279,744,1970,467,11460,2960,1974,5081,1446,18648,5837,3144,8008,1659,11905,4063,2180,4751,911,4726,1277,694,2123,632,733,96,128,445,63,665,66,102,472,24
,,Amarela,191,25,26,90,50,53,-,14,39,-,54,11,-,23,20,52,14,12,-,25,28,-,-,28,-,5,-,-,-,5,-,-,-,-,-,-,-,-,-,-
,,Parda,113206,29092,18500,49626,15988,11556,2491,1929,5395,1740,28699,7077,4283,12278,5061,37944,10893,6378,16145,4528,22582,5989,3984,9769,2840,8244,1958,1431,3673,1182,1973,290,207,1125,351,1456,209,187,877,183
,,Indígena,162,20,45,62,36,-,-,-,-,-,26,15,-,-,11,80,5,-,54,21,26,-,22,-,4,31,-,23,8,-,-,-,-,-,-,-,-,-,-,-
,65 anos ou mais,Total,10772,5208,1133,2588,1843,1487,733,77,428,249,3045,1254,307,744,741,3283,1661,304,836,482,1802,883,278,388,252,703,450,55,105,93,90,65,10,5,10,72,25,47,-,-
,,Branca,5710,2080,570,1695,1365,832,323,48,301,161,1832,584,169,517,562,1721,621,191,518,390,823,295,84,263,182,344,193,15,86,50,20,-,10,-,10,52,25,27,-,-
,,Preta,1571,903,182,303,183,141,88,-,29,24,330,182,20,64,64,493,313,27,127,26,380,177,116,54,33,171,115,19,-,36,5,-,-,5,-,-,-,-,-,-
,,Amarela,4,4,-,-,-,4,4,-,-,-,-,-,-,-,-,-,-,-,-,-,-,-,-,-,-,-,-,-,-,-,-,-,-,-,-,-,-,-,-,-
,,Parda,3486,2221,381,590,294,509,317,29,98,65,883,488,117,163,115,1069,727,86,191,65,599,412,77,72,38,188,142,21,19,7,65,65,-,-,-,21,-,21,-,-
,,Indígena,-,-,-,-,-,-,-,-,-,-,-,-,-,-,-,-,-,-,-,-,-,-,-,-,-,-,-,-,-,-,-,-,-,-,-,-,-,-,-,-
Macaé - Rio das Ostras - Cabo Frio,Total,Total,374684,72435,56103,172272,73874,33048,5775,4875,15013,7385,84779,14142,11830,38235,20571,129039,28414,20283,57590,22752,81391,16780,12730,38500,13381,32409,5908,4704,15446,6350,8180,701,802,4727,1950,2025,107,235,1182,501
,,Branca,144219,19809,16343,66675,41392,13957,1725,1568,6360,4303,35945,4374,3767,15640,12164,48998,7816,6029,22260,12893,28307,4180,3196,14233,6698,11553,1306,1270,5520,3457,3036,208,281,1537,1010,734,27,26,416,265
,,Preta,66532,17134,12542,28591,8265,4698,1048,858,1966,826,12801,2929,2393,5592,1887,22895,6592,4423,9312,2568,16994,4582,3208,7426,1778,6437,1656,1256,2794,731,1648,206,137,1060,245,510,31,113,275,91
,,Amarela,423,45,21,212,145,21,-,-,11,10,101,21,-,54,26,132,22,-,56,54,84,2,10,55,18,52,-,-,21,32,21,-,11,5,5,-,-,-,-,-
,,Parda,162899,35311,27100,76544,23945,14318,2988,2433,6660,2237,35774,6800,5645,16867,6461,56781,13911,9773,25895,7201,35896,8007,6315,16729,4846,14334,2932,2178,7100,2124,3466,277,373,2125,690,781,49,96,491,145
,,Indígena,610,136,98,249,128,54,14,15,16,9,156,17,24,82,34,233,73,57,67,36,110,9,1,58,42,32,14,-,11,6,10,10,-,-,-,-,-,-,-,-
,10 a 17 anos,Total,3345,1079,2145,120,-,540,210,330,-,-,1067,245,769,53,-,1118,415,679,25,-,408,132,247,30,-,110,29,69,12,-,11,-,11,-,-,-,-,-,-,-
,,Branca,1035,345,658,33,-,193,60,133,-,-,364,84,280,-,-,348,152,195,-,-,65,24,20,20,-,31,13,6,12,-,11,-,11,-,-,-,-,-,-,-
,,Preta,574,250,315,8,-,57,40,17,-,-,165,67,95,3,-,230,101,124,5,-,92,22,70,-,-,-,-,-,-,-,-,-,-,-,-,-,-,-,-,-
,,Amarela,-,-,-,-,-,-,-,-,-,-,-,-,-,-,-,-,-,-,-,-,-,-,-,-,-,-,-,-,-,-,-,-,-,-,-,-,-,-,-,-
,,Parda,1736,484,1173,79,-,290,111,179,-,-,539,94,395,50,-,541,161,359,20,-,251,85,156,9,-,79,16,63,-,-,-,-,-,-,-,-,-,-,-,-
,,Indígena,-,-,-,-,-,-,-,-,-,-,-,-,-,-,-,-,-,-,-,-,-,-,-,-,-,-,-,-,-,-,-,-,-,-,-,-,-,-,-,-
,18 a 64 anos,Total,360021,66791,52678,169055,71497,31229,5123,4375,14621,7111,80861,12834,10803,37451,19772,124146,26224,19093,56734,22096,79155,15865,12253,37940,13097,31415,5559,4552,15112,6192,7826,620,786,4605,1816,1985,104,235,1146,501
,,Branca,137824,17911,15101,65013,39798,13220,1561,1364,6176,4119,34114,3826,3367,15284,11637,46880,7088,5567,21791,12434,27473,3901,3116,13911,6544,11097,1184,1213,5368,3332,2853,188,265,1474,926,709,24,26,394,265
,,Preta,64326,16075,12051,28212,7988,4497,945,831,1954,767,12198,2665,2250,5493,1790,22119,6167,4242,9232,2478,16610,4410,3106,7337,1757,6307,1602,1240,2744,721,1599,187,137,1031,245,510,31,113,275,91
,,Amarela,422,44,21,212,145,21,-,-,11,10,101,21,-,54,26,132,22,-,56,54,83,-,10,55,18,52,-,-,21,32,21,-,11,5,5,-,-,-,-,-
,,Parda,156872,32636,25418,75380,23438,13448,2603,2177,6463,2206,34302,6305,5162,16551,6285,54793,12886,9227,25587,7094,34879,7545,6020,16579,4736,13927,2758,2098,6968,2102,3343,235,373,2095,640,766,49,96,476,145
,,Indígena,576,125,86,238,128,43,14,4,16,9,145,17,24,70,34,222,62,57,67,36,110,9,1,58,42,32,14,-,11,6,10,10,-,-,-,-,-,-,-,-
,65 anos ou mais,Total,11318,4565,1279,3096,2378,1279,442,170,392,275,2851,1064,258,730,799,3774,1776,511,832,656,1829,783,231,530,284,883,320,84,322,158,343,81,5,122,135,40,3,-,37,-
,,Branca,5360,1553,584,1629,1594,543,104,71,184,185,1468,465,120,356,527,1770,576,267,468,459,768,254,59,302,154,425,109,51,140,125,172,20,5,63,84,25,3,-,22,-
,,Preta,1632,809,175,371,277,144,63,11,12,59,438,198,48,95,97,546,324,57,75,90,292,150,32,89,21,130,54,16,50,10,48,19,-,29,-,-,-,-,-,-
,,Amarela,2,2,-,-,-,-,-,-,-,-,-,-,-,-,-,-,-,-,-,-,2,2,-,-,-,-,-,-,-,-,-,-,-,-,-,-,-,-,-,-
,,Parda,4291,2190,509,1085,507,580,275,77,196,31,933,401,89,267,176,1447,865,186,289,107,767,378,139,140,110,328,158,17,132,22,123,42,-,30,51,15,-,-,15,-
,,Indígena,34,11,12,11,-,12,-,12,-,-,11,-,-,11,-,11,11,-,-,-,-,-,-,-,-,-,-,-,-,-,-,-,-,-,-,-,-,-,-,-
São Paulo,Total,Total,8437576,1131400,1151307,3708347,2446522,342515,51162,52787,146903,91664,1075736,122779,136492,455883,360582,2092907,269015,276032,907050,640810,2603819,322745,338786,1163738,778549,1958495,293446,287272,886276,491500,257730,54964,45448,107679,49639,12004,2791,2168,3779,3266
,,Branca,4275406,418934,457587,1742148,1656737,185631,21775,23412,74768,65676,607383,51317,61070,235263,259732,1109199,103705,111613,443108,450774,1318752,115582,134484,543719,524967,892269,100450,105250,382044,304525,104401,18800,15696,42375,27530,5962,1147,765,1833,2216
,,Preta,986788,165600,158031,466046,197110,33815,5907,6411,16094,5402,102087,15574,15599,47853,23061,218674,37250,34474,102158,44791,309459,49290,47698,148111,64360,269907,46755,43750,128752,50651,41086,8599,8100,18174,6213,1302,288,300,518,196
,,Amarela,118216,4834,6083,33454,73844,5430,339,457,1665,2970,18977,1039,1078,5920,10941,34408,1269,1944,9549,21646,39062,1104,1567,10146,26245,17013,846,806,5126,10236,1385,93,93,424,774,195,9,-,138,48
,,Parda,3045062,540144,527881,1461351,515687,116959,22937,22492,54088,17443,345875,54635,58645,166047,66548,727552,126209,127577,350924,122842,932968,156397,154428,460287,161856,776536,145023,136960,369194,125358,110533,27368,21545,46525,15094,4499,1336,1091,1267,806
,,Indígena,12077,1888,1724,5348,3118,680,205,14,288,172,1414,214,99,800,300,3074,582,424,1312,756,3550,372,609,1475,1094,2770,373,507,1160,730,326,104,13,181,29,46,11,12,23,-
,10 a 17 anos,Total,89626,15956,64325,9345,-,7464,2089,5040,335,-,16144,3179,11699,1267,-,24546,4380,17709,2457,-,23199,3168,16922,3109,-,15137,2317,10998,1822,-,1663,182,1199,282,-,144,87,33,24,-
,,Branca,39543,6621,28198,4724,-,3471,977,2268,227,-,7893,1361,5841,692,-,10444,1822,7376,1245,-,10022,1246,7104,1672,-,6251,838,4669,744,-,650,85,469,96,-,23,-,23,-,-
,,Preta,10598,2028,7640,930,-,833,257,543,34,-,1488,402,961,126,-,2737,422,1989,326,-,3081,574,2264,243,-,2007,267,1564,175,-,254,24,206,23,-,-,-,-,-,-
,,Amarela,300,24,219,58,-,22,-,22,-,-,88,-,41,47,-,72,24,49,-,-,72,-,72,-,-,46,-,35,12,-,-,-,-,-,-,-,-,-,-,-
,,Parda,39132,7282,28217,3633,-,3137,855,2207,75,-,6674,1417,4855,402,-,11291,2111,8294,886,-,9977,1349,7435,1193,-,6831,1212,4728,891,-,759,73,523,163,-,121,87,10,24,-
,,Indígena,53,1,52,-,-,-,-,-,-,-,1,-,1,-,-,2,1,1,-,-,48,-,48,-,-,2,-,2,-,-,-,-,-,-,-,-,-,-,-,-
,18 a 64 anos,Total,8071447,1025655,1051050,3635933,2358809,317614,43497,45125,142321,86671,1011696,107680,119160,443370,341487,1996153,242286,249873,888569,615425,2504024,295766,312147,1142683,753428,1895384,271800,268865,873638,481081,249188,50794,43321,106215,48859,10999,2517,2022,3552,2909
,,Branca,4059147,370186,408933,1696313,1583714,170372,17787,19569,71568,61448,565101,43555,51806,226202,243538,1051488,91311,99402,431527,429247,1259937,103281,121618,530608,504430,859548,91515,96769,375023,296241,100453,17054,14829,41663,26906,5359,1065,682,1681,1931
,,Preta,952389,151928,146805,459682,193975,31787,5130,5662,15717,5278,98066,13974,14238,47260,22594,210146,33992,31809,100382,43963,299598,45535,44449,146251,63363,262036,43541,41193,127306,49997,39837,7985,7686,17971,6195,1260,277,300,486,196
,,Amarela,107676,3861,4852,30607,68356,4746,239,412,1455,2640,16872,823,778,5374,9896,31418,945,1508,8821,20144,36112,929,1395,9242,24545,15782,765,639,4838,9540,1115,91,45,323,656,160,-,-,138,23
,,Parda,2940638,498000,488858,1444050,509730,110054,20136,19468,53292,17158,330355,49177,52251,163755,65171,700155,115523,116765,346553,121314,904957,145685,144147,455107,160018,755274,135607,129759,365311,124597,107484,25587,20747,46076,15073,4185,1175,1028,1224,758
,,Indígena,11571,1680,1602,5281,3007,654,205,14,288,147,1302,150,87,778,288,2946,514,389,1287,756,3393,336,538,1475,1045,2744,373,505,1160,707,299,76,13,181,29,35,-,12,23,-
,65 anos ou mais,Total,276503,89789,35932,63069,87713,17437,5576,2621,4247,4993,47895,11920,5633,11247,19095,72208,22350,8449,16025,25385,76595,23811,9717,17947,25121,47974,19329,7409,10816,10419,6879,3988,928,1182,781,861,187,114,203,357
,,Branca,176717,42127,20457,41111,73022,11788,3011,1575,2973,4229,34388,6401,3424,8369,16195,47267,10572,4834,10335,21526,48793,11055,5762,11439,20537,26471,8096,3812,6278,8285,3297,1660,398,615,624,580,83,60,152,285
,,Preta,23801,11644,3586,5435,3135,1194,520,207,344,124,2532,1198,400,467,466,5792,2837,676,1451,828,6780,3181,985,1617,997,5865,2947,993,1271,654,994,590,208,179,18,42,11,-,32,-
,,Amarela,10239,950,1013,2789,5488,662,99,23,210,330,2017,215,258,499,1045,2918,301,386,728,1502,2878,175,100,904,1700,1184,80,132,276,696,269,2,47,101,119,34,9,-,-,25
,,Parda,65293,34862,10807,13668,5956,3767,1946,816,720,284,8846,4041,1539,1889,1377,16106,8574,2518,3485,1528,18035,9363,2846,3987,1838,14430,8205,2472,2992,761,2291,1708,275,287,21,193,73,53,19,47
,,Indígena,453,206,70,66,111,26,-,-,-,26,111,65,12,22,13,126,66,35,25,-,109,36,23,-,49,23,-,-,-,23,28,28,-,-,-,11,11,-,-,-
Sorocaba,Total,Total,1179182,206297,178327,547950,246609,114634,17141,15670,52168,29655,335167,49750,47097,155735,82586,403285,76335,64098,190246,72606,229586,44248,36109,108816,40414,78618,15036,12632,33734,17217,7037,1444,1036,2684,1873,2369,567,416,1028,357
,,Branca,746410,110376,99676,343587,192771,78094,9665,9325,34989,24115,223769,27792,27874,101822,66282,249029,40366,34611,118156,55896,136752,22548,19454,64565,30185,47170,7892,6781,19380,13117,4495,765,655,1699,1375,1442,299,250,619,274
,,Preta,70846,13857,12545,34934,9510,5342,815,992,2475,1061,17264,2854,2728,8839,2844,25033,5355,4637,12277,2763,15987,3478,2764,7928,1817,6092,1092,1169,3025,805,487,82,122,182,101,77,34,5,29,9
,,Amarela,9583,599,813,4205,3966,1408,98,128,574,607,3147,191,236,1427,1292,2885,198,295,1238,1155,1269,72,118,581,498,677,36,26,315,301,106,-,-,23,83,18,-,-,18,-
,,Parda,351075,81088,65087,164809,40090,29600,6505,5217,14043,3835,90739,18860,16203,43552,12124,125909,30271,24500,58437,12702,75309,18079,13712,35673,7845,24564,5970,4631,10993,2970,1935,592,258,776,309,832,234,161,363,74
,,Indígena,1268,377,206,415,271,190,58,7,88,37,249,53,56,96,44,429,145,56,139,90,270,71,60,68,70,115,45,26,20,24,14,4,-,4,5,-,-,-,-,-
,10 a 17 anos,Total,17476,2809,12917,1749,-,2375,502,1707,166,-,5565,930,4085,550,-,6170,866,4592,711,-,2303,309,1714,281,-,914,185,687,42,-,39,-,39,-,-,3,3,-,-,-
,,Branca,10411,1692,7724,996,-,1430,248,1075,107,-,3430,561,2579,289,-,3662,585,2657,420,-,1216,157,903,156,-,560,125,410,24,-,39,-,39,-,-,-,-,-,-,-
,,Preta,899,82,741,76,-,154,10,106,37,-,178,24,155,-,-,382,42,306,34,-,137,3,128,5,-,36,3,34,-,-,-,-,-,-,-,-,-,-,-,-
,,Amarela,62,34,26,3,-,-,-,-,-,-,6,6,-,-,-,18,-,15,3,-,11,-,11,-,-,28,28,-,-,-,-,-,-,-,-,-,-,-,-,-
,,Parda,6044,986,4395,663,-,787,243,523,21,-,1951,339,1351,261,-,2084,229,1600,254,-,909,142,658,109,-,290,30,243,17,-,-,-,-,-,-,3,3,-,-,-
,,Indígena,59,17,31,11,-,4,1,3,-,-,-,-,-,-,-,24,10,14,-,-,30,6,14,11,-,-,-,-,-,-,-,-,-,-,-,-,-,-,-,-
,18 a 64 anos,Total,1131798,189835,161582,540007,240374,108396,15023,13383,51286,28704,320887,45173,42032,153288,80393,387767,70797,58335,187742,70893,222167,41536,33630,107319,39682,75805,14002,11688,33338,16776,6764,1311,997,2616,1840,2309,557,384,1011,357
,,Branca,714890,100375,89345,337835,187335,73717,8425,7768,34287,23236,213982,24984,24576,100107,64315,238897,36832,31238,116307,54520,132351,21119,18101,63572,29559,45230,7244,6182,19078,12726,4300,701,617,1642,1342,1392,299,217,602,274
,,Preta,68279,12756,11533,34618,9372,5078,727,873,2419,1059,16724,2593,2556,8774,2801,24024,4941,4210,12156,2717,15422,3229,2532,7880,1781,5929,1014,1119,3003,793,475,71,122,182,101,77,34,5,29,9
,,Amarela,8892,414,705,3990,3784,1318,62,128,550,578,2917,152,184,1353,1228,2664,143,250,1155,1116,1217,48,107,581,480,587,5,26,281,276,106,-,-,23,83,18,-,-,18,-
,,Parda,338574,75956,59826,163160,39632,28105,5756,4609,13942,3798,87020,17392,14659,42958,12009,121812,28768,22597,57986,12461,72938,17075,12843,35228,7791,23943,5694,4336,10956,2957,1868,535,258,766,309,822,224,161,363,74
,,Indígena,1163,334,173,404,251,178,53,4,88,34,245,53,56,96,40,370,113,40,139,79,239,65,46,58,70,115,45,26,20,24,14,4,-,4,5,-,-,-,-,-
,65 anos ou mais,Total,29909,13653,3827,6194,6235,3863,1616,580,716,951,8716,3646,980,1897,2193,9348,4672,1171,1793,1712,5116,2403,765,1216,732,1900,849,257,354,440,234,133,-,68,34,57,8,33,17,-
,,Branca,21109,8309,2608,4756,5436,2947,992,482,594,879,6357,2246,719,1425,1967,6470,2949,715,1429,1376,3184,1272,450,837,625,1380,523,188,278,390,156,65,-,58,34,50,-,33,17,-
,,Preta,1668,1020,270,240,138,111,77,12,19,2,361,238,17,65,43,626,372,121,88,46,428,246,103,43,36,127,76,17,22,12,11,11,-,-,-,-,-,-,-,-
,,Amarela,629,152,82,212,183,90,36,-,24,29,224,34,52,74,64,204,55,30,80,39,41,24,-,-,17,62,3,-,34,25,-,-,-,-,-,-,-,-,-,-
,,Parda,6456,4146,866,986,458,708,507,85,79,37,1768,1128,192,333,115,2014,1274,303,196,240,1462,861,212,336,54,331,246,52,20,13,67,57,-,10,-,8,8,-,-,-
,,Indígena,47,26,1,-,20,8,4,-,-,4,5,-,-,-,5,34,22,1,-,11,-,-,-,-,-,-,-,-,-,-,-,-,-,-,-,-,-,-,-,-
Bauru,Total,Total,562440,96494,92718,243903,129324,62911,7852,8295,26077,20687,196006,26492,28185,85326,56003,192539,36515,34680,84835,36509,83920,18896,16206,37134,11684,19698,5195,4210,7806,2486,2232,545,348,648,692,1227,202,187,422,415
,,Branca,358762,49463,51365,153106,104828,45468,4427,5046,18356,17639,134782,14971,16852,56757,46202,116754,18110,18610,51374,28659,46469,8984,8164,20615,8704,10542,2145,2108,4261,2028,1439,305,177,395,562,772,102,91,227,352
,,Preta,40299,9052,7944,18316,4987,3140,564,528,1426,622,11772,2098,2176,5675,1823,15100,3667,2976,6779,1678,8005,2004,1787,3528,686,1720,602,351,668,99,186,49,38,74,26,143,26,37,68,11
,,Amarela,3729,289,266,1511,1663,492,50,69,186,187,1344,109,61,569,605,1281,75,77,497,631,447,34,48,162,202,104,20,12,72,-,23,-,-,-,23,-,-,-,-,-
,,Parda,158842,37503,33034,70598,17707,13685,2780,2648,6058,2199,47907,9268,9081,22215,7344,59171,14639,12980,26058,5495,28818,7824,6170,12758,2067,7269,2390,1726,2795,359,582,191,133,176,82,312,74,59,127,52
,,Indígena,808,187,109,372,140,126,30,5,51,40,201,46,16,110,29,234,24,36,127,47,182,49,37,71,25,62,37,14,10,-,2,-,-,2,-,-,-,-,-,-
,10 a 17 anos,Total,8592,1124,6862,606,-,749,123,545,82,-,2505,421,1957,127,-,3510,362,2923,225,-,1573,181,1237,155,-,228,33,177,18,-,4,4,-,-,-,-,-,-,-,-
,,Branca,4881,620,3864,397,-,462,62,335,65,-,1564,235,1230,99,-,1893,185,1561,147,-,802,112,623,68,-,161,28,115,18,-,-,-,-,-,-,-,-,-,-,-
,,Preta,602,68,518,16,-,51,14,37,-,-,139,5,129,4,-,265,31,222,12,-,144,16,128,-,-,4,2,2,-,-,-,-,-,-,-,-,-,-,-,-
,,Amarela,15,-,15,-,-,3,-,3,-,-,12,-,12,-,-,-,-,-,-,-,-,-,-,-,-,-,-,-,-,-,-,-,-,-,-,-,-,-,-,-
,,Parda,3087,435,2458,193,-,233,47,169,17,-,784,180,580,24,-,1351,146,1139,66,-,628,54,487,87,-,64,4,60,-,-,4,4,-,-,-,-,-,-,-,-
,,Indígena,7,-,7,-,-,-,-,-,-,-,6,-,6,-,-,1,-,1,-,-,-,-,-,-,-,-,-,-,-,-,-,-,-,-,-,-,-,-,-,-
,18 a 64 anos,Total,535750,87185,83532,239665,125368,59465,6579,7465,25419,20002,186758,23582,25365,83749,54062,183209,33345,30930,83472,35462,80347,17502,14718,36663,11464,18945,4800,3970,7708,2468,2177,499,348,648,684,1204,180,187,422,415
,,Branca,340583,43669,45819,149803,101292,42931,3598,4496,17847,16990,127895,12993,14954,55456,44493,110706,16200,16453,50333,27721,44460,8225,7408,20315,8512,10109,1963,1960,4169,2016,1400,266,177,395,562,756,86,91,227,352
,,Preta,38732,8382,7278,18167,4904,2994,491,480,1406,617,11328,1954,1980,5636,1759,14533,3422,2717,6730,1664,7670,1854,1637,3493,686,1651,552,338,662,99,186,49,38,74,26,136,20,37,68,11
,,Amarela,3439,231,235,1401,1572,416,20,65,144,187,1222,81,43,526,572,1213,75,66,473,597,423,34,48,162,178,104,20,12,72,-,23,-,-,-,23,-,-,-,-,-
,,Parda,152223,34738,30098,69923,17464,12999,2441,2419,5971,2168,46127,8517,8378,22022,7209,56532,13625,11659,25810,5438,27614,7340,5589,12621,2064,7029,2237,1645,2795,352,566,184,133,176,73,312,74,59,127,52
,,Indígena,773,164,102,371,136,124,28,5,51,40,186,37,10,110,29,225,22,35,126,42,182,49,37,71,25,53,28,14,10,-,2,-,-,2,-,-,-,-,-,-
,65 anos ou mais,Total,18098,8186,2324,3632,3956,2697,1151,285,577,685,6744,2490,863,1450,1941,5820,2809,826,1138,1047,1999,1212,250,317,220,524,361,64,80,19,51,42,-,-,9,22,22,-,-,-
,,Branca,13297,5174,1682,2906,3536,2075,767,215,444,649,5323,1743,668,1202,1709,4155,1726,597,894,938,1207,648,134,233,192,273,154,32,75,12,39,39,-,-,-,16,16,-,-,-
,,Preta,966,602,148,133,83,95,60,11,20,5,305,139,67,35,64,302,213,38,37,14,191,134,22,35,-,65,49,11,6,-,-,-,-,-,-,6,6,-,-,-
,,Amarela,275,58,17,109,90,73,30,-,42,-,110,28,6,43,33,68,-,11,24,33,24,-,-,-,24,-,-,-,-,-,-,-,-,-,-,-,-,-,-,-
,,Parda,3532,2330,478,482,243,453,292,60,70,31,997,570,122,170,135,1288,868,181,182,57,577,430,94,50,3,177,149,21,-,7,12,3,-,-,9,-,-,-,-,-
,,Indígena,28,23,-,1,4,2,2,-,-,-,9,9,-,-,-,7,2,-,1,4,-,-,-,-,-,9,9,-,-,-,-,-,-,-,-,-,-,-,-,-
Marília,Total,Total,407799,67599,64051,180956,95193,52687,6220,6423,23103,16941,152671,19723,20554,69390,43004,132500,25853,23695,58869,24082,51533,11242,9898,22357,8035,12675,3196,2582,5010,1887,1372,354,264,462,292,1550,325,189,647,389
,,Branca,247593,33269,34181,107695,72448,36136,3322,4006,15114,13694,97991,10517,11677,42766,33031,75913,12294,12138,33931,17549,27642,5136,4768,11805,5933,6402,1327,1136,2698,1240,835,152,153,267,263,974,189,63,386,336
,,Preta,24489,5582,4755,10951,3202,2407,554,331,1081,442,7831,1459,1328,3765,1278,8555,1987,1793,3772,1004,4088,1023,888,1857,320,1124,375,322,314,113,135,46,13,76,-,104,33,24,25,23
,,Amarela,4961,254,350,1677,2680,1016,48,37,436,494,2207,90,155,673,1289,1161,97,95,433,535,349,3,48,111,187,110,-,-,-,110,29,-,2,14,13,9,-,3,-,6
,,Parda,130347,28406,24709,60461,16770,13080,2293,2036,6455,2296,44487,7650,7392,22107,7338,46744,11423,9650,20687,4984,19375,5053,4171,8556,1595,5040,1493,1124,1998,424,373,156,96,105,16,463,103,100,235,25
,,Indígena,409,88,56,172,94,48,3,13,17,15,156,6,1,80,69,127,53,18,47,9,79,26,23,29,1,-,-,-,-,-,-,-,-,-,-,-,-,-,-,-
,10 a 17 anos,Total,5362,740,4255,367,-,780,135,608,37,-,1879,336,1371,171,-,1737,176,1459,103,-,770,65,663,42,-,154,27,112,15,-,-,-,-,-,-,-,-,-,-,-
,,Branca,2984,341,2471,173,-,494,83,391,20,-,1090,182,825,83,-,893,51,805,37,-,432,19,383,30,-,45,5,38,2,-,-,-,-,-,-,-,-,-,-,-
,,Preta,296,29,229,39,-,25,11,14,-,-,124,7,94,23,-,100,9,75,15,-,29,1,28,-,-,18,-,18,-,-,-,-,-,-,-,-,-,-,-,-
,,Amarela,20,-,20,-,-,-,-,-,-,-,4,-,4,-,-,16,-,16,-,-,-,-,-,-,-,-,-,-,-,-,-,-,-,-,-,-,-,-,-,-
,,Parda,2060,370,1534,156,-,260,40,203,17,-,660,147,449,64,-,727,116,561,50,-,309,45,251,12,-,90,21,56,13,-,-,-,-,-,-,-,-,-,-,-
,,Indígena,1,-,1,-,-,-,-,-,-,-,-,-,-,-,-,1,-,1,-,-,-,-,-,-,-,-,-,-,-,-,-,-,-,-,-,-,-,-,-,-
,18 a 64 anos,Total,388268,59934,58223,177830,92281,49763,5312,5574,22603,16275,145571,17204,18638,68144,41585,126593,23380,21813,57943,23457,49036,10082,8982,22062,7911,12057,2872,2391,4943,1851,1294,285,261,457,292,1491,291,181,630,389
,,Branca,235073,28936,30680,105473,69984,34083,2795,3431,14722,13135,93165,9052,10458,41876,31779,72545,11004,11092,33372,17078,26112,4479,4254,11557,5822,6001,1095,1047,2648,1211,802,119,153,267,263,936,176,55,369,336
,,Preta,23465,5099,4421,10811,3134,2269,468,310,1071,420,7432,1274,1202,3707,1249,8277,1882,1671,3735,988,3930,947,842,1821,320,1085,356,302,314,113,135,46,13,76,-,104,33,24,25,23
,,Amarela,4559,173,286,1551,2549,967,35,37,432,463,2028,43,122,605,1258,1014,77,79,377,481,320,3,33,111,173,110,-,-,-,110,29,-,2,14,13,9,-,3,-,6
,,Parda,124778,25639,22782,59822,16535,12396,2011,1782,6360,2242,42807,6829,6855,21876,7247,44631,10364,8953,20412,4901,18595,4626,3830,8544,1595,4860,1421,1042,1981,417,329,120,93,100,16,442,82,100,235,25
,,Indígena,393,88,55,172,78,48,3,13,17,15,140,6,1,80,53,126,53,17,47,9,79,26,23,29,1,-,-,-,-,-,-,-,-,-,-,-,-,-,-,-
,65 anos ou mais,Total,14169,6924,1573,2759,2913,2144,773,242,463,666,5221,2182,545,1075,1419,4169,2297,424,823,625,1727,1096,253,253,125,465,297,80,52,36,78,69,4,6,-,59,34,8,17,-
,,Branca,9536,3992,1031,2050,2464,1559,443,184,372,559,3736,1283,395,807,1252,2474,1239,242,522,472,1098,638,131,218,110,355,227,52,48,29,33,33,-,-,-,38,13,8,17,-
,,Preta,727,454,106,101,67,113,75,7,10,22,275,178,33,35,29,179,95,46,21,16,129,75,18,35,-,21,19,2,-,-,-,-,-,-,-,-,-,-,-,-
,,Amarela,382,81,43,126,131,48,14,-,4,31,175,47,29,67,31,130,20,-,55,54,29,-,14,-,14,-,-,-,-,-,-,-,-,-,-,-,-,-,-,-
,,Parda,3508,2398,393,482,235,424,241,51,78,53,1020,674,88,166,91,1386,943,135,225,83,471,382,89,-,-,89,51,26,4,8,45,35,4,6,-,21,21,-,-,-
,,Indígena,16,-,-,-,16,-,-,-,-,-,16,-,-,-,16,-,-,-,-,-,-,-,-,-,-,-,-,-,-,-,-,-,-,-,-,-,-,-,-,-
Presidente Prudente,Total,Total,331045,54874,48555,148510,79106,48332,5567,5304,21356,16106,116891,15862,14985,53861,32184,101261,19368,17410,44497,19986,44964,9844,7674,20145,7301,13357,2993,2239,5892,2234,1591,374,229,690,298,2365,378,311,1121,554
,,Branca,182662,23306,21893,81008,56454,30067,2610,2601,12909,11947,68518,7206,6934,30742,23636,52215,7955,7756,23021,13484,22167,3902,3238,10035,4992,6549,1129,997,2913,1510,716,115,85,342,174,1199,148,139,530,381
,,Preta,21119,4868,3998,9327,2926,2452,477,434,999,542,6290,1078,1113,3063,1036,7511,1915,1405,3220,972,3368,903,741,1458,267,1071,356,231,401,82,146,45,9,76,17,153,29,35,88,-
,,Amarela,4457,163,248,1516,2530,912,48,78,303,484,1788,43,88,642,1015,1159,47,73,351,689,363,25,3,117,218,116,-,-,59,57,6,-,-,2,5,58,-,-,13,45
,,Parda,122466,26456,22360,56490,17161,14852,2432,2181,7117,3122,40252,7532,6840,19383,6497,40222,9412,8156,17838,4817,19018,4999,3681,8513,1824,5583,1484,1011,2505,584,723,214,135,270,103,949,200,137,485,127
,,Indígena,341,81,56,170,35,49,-,10,29,10,43,3,10,30,-,152,39,20,69,25,48,15,11,22,-,38,24,-,14,-,-,-,-,-,-,6,-,-,6,-
,10 a 17 anos,Total,3655,509,2803,343,-,575,133,384,58,-,1365,160,1071,134,-,1239,161,979,99,-,336,28,260,49,-,107,6,102,-,-,8,-,8,-,-,-,-,-,-,-
,,Branca,1806,179,1435,192,-,344,64,235,45,-,607,66,496,44,-,630,43,535,51,-,163,-,115,49,-,51,6,45,-,-,8,-,8,-,-,-,-,-,-,-
,,Preta,250,30,207,13,-,16,-,14,3,-,72,-,62,10,-,122,30,92,-,-,30,-,30,-,-,10,-,10,-,-,-,-,-,-,-,-,-,-,-,-
,,Amarela,6,2,4,-,-,2,2,-,-,-,4,-,4,-,-,-,-,-,-,-,-,-,-,-,-,-,-,-,-,-,-,-,-,-,-,-,-,-,-,-
,,Parda,1593,298,1157,138,-,212,67,135,11,-,682,93,509,80,-,487,87,351,48,-,143,28,115,-,-,47,-,47,-,-,-,-,-,-,-,-,-,-,-,-
,,Indígena,-,-,-,-,-,-,-,-,-,-,-,-,-,-,-,-,-,-,-,-,-,-,-,-,-,-,-,-,-,-,-,-,-,-,-,-,-,-,-,-
,18 a 64 anos,Total,316198,49266,44247,145944,76741,45779,4650,4735,20888,15506,111473,14007,13380,52877,31209,96727,17647,15877,43760,19443,43528,9185,7235,19946,7162,12800,2717,2113,5810,2159,1504,347,205,654,298,2252,298,311,1094,549
,,Branca,173618,20447,19413,79235,54523,28279,2100,2209,12519,11451,65173,6176,6066,30136,22794,49613,7183,6862,22520,13049,21377,3594,3009,9875,4899,6216,951,931,2866,1467,651,111,61,306,174,1139,104,139,515,381
,,Preta,20229,4387,3721,9228,2894,2357,407,415,993,542,6055,987,1043,3001,1024,7217,1743,1296,3217,962,3212,831,670,1444,267,997,315,222,388,72,129,28,9,76,17,153,29,35,88,-
,,Amarela,4094,99,217,1438,2340,839,35,78,287,440,1674,3,73,633,965,1017,36,63,299,620,351,25,3,117,206,106,-,-,59,47,6,-,-,2,5,58,-,-,13,45
,,Parda,117926,24263,20841,55872,16949,14255,2108,2023,7061,3063,38532,6841,6187,19077,6426,38734,8655,7636,17656,4787,18539,4719,3543,8487,1790,5442,1426,960,2483,572,717,208,135,270,103,896,165,137,473,122
,,Indígena,331,70,56,170,35,49,-,10,29,10,40,-,10,30,-,144,31,20,69,25,48,15,11,22,-,38,24,-,14,-,-,-,-,-,-,6,-,-,6,-
,65 anos ou mais,Total,11192,5099,1505,2223,2364,1978,784,185,410,599,4053,1695,533,850,975,3295,1561,554,638,543,1099,632,178,151,139,450,270,24,81,75,78,27,15,36,-,113,80,-,27,5
,,Branca,7238,2680,1046,1581,1931,1443,446,157,345,496,2738,963,372,562,842,1971,729,358,449,435,627,308,115,111,94,282,172,20,47,43,56,4,15,36,-,60,45,-,15,-
,,Preta,640,451,70,86,32,79,70,5,4,-,163,91,7,52,12,172,142,17,3,10,125,71,40,14,-,64,41,-,13,10,17,17,-,-,-,-,-,-,-,-
,,Amarela,357,62,28,77,190,71,11,-,16,44,110,40,11,10,49,142,11,10,52,69,11,-,-,-,11,10,-,-,-,10,-,-,-,-,-,-,-,-,-,-
,,Parda,2946,1894,362,479,212,385,258,23,45,59,1039,597,143,226,72,1001,670,168,134,30,335,252,23,26,34,94,57,4,21,12,6,6,-,-,-,53,36,-,12,5
,,Indígena,11,11,-,-,-,-,-,-,-,-,3,3,-,-,-,8,8,-,-,-,-,-,-,-,-,-,-,-,-,-,-,-,-,-,-,-,-,-,-,-
Araçatuba,Total,Total,306610,51438,49569,136162,69441,44435,5212,5566,19779,13878,120515,16909,17386,54792,31428,92385,18175,17116,40856,16239,34813,7572,6709,15244,5288,9960,2590,1897,3876,1597,1061,196,243,408,214,1684,345,371,549,419
,,Branca,170068,22549,23384,74227,49908,28202,2653,3012,12051,10486,70363,8072,8445,31337,22509,47948,7585,7912,20884,11567,16411,2857,2705,7321,3529,4663,943,850,1794,1077,560,57,132,222,149,908,158,206,251,293
,,Preta,20758,4531,3981,9318,2928,2234,296,397,1015,527,7537,1439,1332,3392,1374,6789,1622,1292,3296,578,2960,783,679,1155,342,938,324,221,307,87,69,21,11,35,1,154,28,32,86,8
,,Amarela,4010,194,375,1519,1922,769,36,34,269,430,1776,73,141,690,872,881,39,120,301,422,397,45,18,186,147,93,-,11,44,39,13,-,9,4,-,22,-,10,-,12
,,Parda,111516,24124,21773,50978,14641,13204,2222,2122,6434,2426,40732,7318,7435,19324,6655,36682,8909,7781,16330,3662,15007,3877,3295,6568,1267,4261,1324,815,1730,392,418,118,91,146,63,600,159,122,212,107
,,Indígena,259,40,57,120,42,25,5,1,11,9,107,7,33,49,18,85,19,11,45,10,38,9,12,13,3,4,-,-,1,3,-,-,-,-,-,-,-,-,-,-
,10 a 17 anos,Total,3785,682,2869,234,-,692,126,521,45,-,1555,282,1149,123,-,1209,227,916,66,-,253,37,216,-,-,63,11,52,-,-,14,-,14,-,-,-,-,-,-,-
,,Branca,1706,279,1330,98,-,335,59,256,20,-,668,131,498,40,-,555,78,439,38,-,108,10,98,-,-,25,-,25,-,-,14,-,14,-,-,-,-,-,-,-
,,Preta,228,41,176,11,-,30,-,30,-,-,90,18,61,11,-,72,21,51,-,-,34,-,34,-,-,2,2,-,-,-,-,-,-,-,-,-,-,-,-,-
,,Amarela,-,-,-,-,-,-,-,-,-,-,-,-,-,-,-,-,-,-,-,-,-,-,-,-,-,-,-,-,-,-,-,-,-,-,-,-,-,-,-,-
,,Parda,1839,362,1352,125,-,327,66,235,25,-,785,133,580,72,-,581,128,426,27,-,112,27,85,-,-,35,8,26,-,-,-,-,-,-,-,-,-,-,-,-
,,Indígena,12,-,11,1,-,-,-,-,-,-,11,-,11,-,-,1,-,-,1,-,-,-,-,-,-,-,-,-,-,-,-,-,-,-,-,-,-,-,-,-
,18 a 64 anos,Total,292624,46249,45343,133730,67302,41857,4397,4854,19299,13307,115084,15068,15705,53794,30517,88276,16518,15769,40166,15823,33770,7089,6375,15122,5184,9432,2355,1769,3790,1519,992,178,230,381,202,1608,310,360,535,403
,,Branca,161787,19756,21355,72558,48118,26543,2187,2632,11724,9999,67051,6950,7726,30637,21738,45661,6799,7226,20405,11231,15884,2628,2546,7250,3459,4352,817,789,1737,1009,506,50,118,201,137,868,146,196,248,278
,,Preta,20004,4172,3733,9182,2918,2109,251,343,989,527,7302,1334,1255,3339,1374,6556,1481,1238,3258,578,2852,736,636,1147,333,910,315,201,307,87,59,10,11,35,1,141,27,32,75,8
,,Amarela,3718,134,329,1448,1807,702,28,24,253,398,1674,52,129,656,837,808,12,109,301,386,370,42,16,176,137,72,-,-,33,39,13,-,9,4,-,21,-,10,-,10
,,Parda,106868,22148,19880,50423,14417,12478,1926,1855,6323,2374,38961,6724,6574,19113,6549,35167,8206,7184,16158,3619,14626,3674,3165,6535,1253,4095,1223,778,1713,382,414,118,91,141,63,578,137,122,212,107
,,Indígena,247,40,46,119,42,25,5,1,11,9,96,7,22,49,18,84,19,11,44,10,38,9,12,13,3,4,-,-,1,3,-,-,-,-,-,-,-,-,-,-
,65 anos ou mais,Total,10201,4507,1357,2198,2139,1886,690,190,435,571,3876,1559,531,875,911,2900,1430,431,624,416,790,446,118,122,104,465,225,76,85,78,55,17,-,27,12,77,35,11,14,16
,,Branca,6575,2515,699,1571,1789,1324,407,123,307,487,2644,991,222,660,771,1732,707,247,441,337,419,218,61,70,69,286,126,35,57,68,40,7,-,22,12,41,12,11,3,14
,,Preta,525,318,72,125,10,95,45,24,26,-,144,87,16,42,-,161,121,3,38,-,74,47,9,8,10,26,6,20,-,-,11,11,-,-,-,13,2,-,11,-
,,Amarela,292,60,46,71,115,67,9,10,16,32,102,21,12,34,35,73,26,11,-,36,26,4,2,10,10,21,-,11,10,-,-,-,-,-,-,2,-,-,-,2
,,Parda,2810,1614,540,431,225,400,229,32,86,52,986,461,281,139,105,934,575,171,145,43,270,177,45,33,14,131,93,10,18,10,5,-,-,5,-,21,21,-,-,-
,,Indígena,-,-,-,-,-,-,-,-,-,-,-,-,-,-,-,-,-,-,-,-,-,-,-,-,-,-,-,-,-,-,-,-,-,-,-,-,-,-,-,-
São José do Rio Preto,Total,Total,675147,125877,104872,283909,160489,90152,12780,11253,37484,28634,236721,36619,32789,102110,65202,220899,45509,37390,91902,46099,92202,21923,17178,38551,14549,27414,7192,5224,10953,4045,2112,567,374,628,543,2005,422,206,857,521
,,Branca,438177,67093,57789,183003,130293,64309,7673,6845,25960,23831,163081,21166,19013,69109,53793,138546,23364,20463,57977,36743,52125,10471,8283,22065,11306,15246,3418,2558,6123,3148,1366,338,197,375,456,1271,213,142,543,373
,,Preta,42376,10804,8701,18025,4846,4225,941,735,1858,690,12181,2721,2367,5464,1629,14659,3812,2995,6196,1656,8137,2241,1984,3287,624,2620,911,563,989,156,128,60,13,33,22,138,41,3,66,28
,,Amarela,3720,259,275,1467,1719,645,47,59,280,258,1596,99,71,688,737,900,58,92,299,451,336,22,20,120,174,156,33,28,31,64,-,-,-,-,-,45,-,-,32,12
,,Parda,190395,47575,37969,81328,23524,20918,4102,3610,9380,3826,59675,12596,11286,26807,8986,66690,18238,13806,27399,7247,31518,9160,6862,13071,2425,9373,2827,2058,3810,678,610,161,164,220,65,544,160,61,215,108
,,Indígena,479,147,138,87,108,56,18,4,6,29,188,37,52,42,58,105,37,36,31,2,85,28,30,7,19,20,3,17,-,-,8,8,-,-,-,7,7,-,-,-
,10 a 17 anos,Total,8839,1535,6654,650,-,1287,277,867,143,-,3321,557,2494,270,-,2681,426,2078,177,-,1085,199,850,35,-,415,63,326,25,-,19,-,19,-,-,2,2,-,-,-
,,Branca,5038,746,3852,440,-,763,150,514,99,-,1988,309,1483,197,-,1428,159,1149,120,-,600,99,487,14,-,233,28,195,10,-,10,-,10,-,-,2,2,-,-,-
,,Preta,588,95,449,44,-,106,37,53,16,-,232,36,190,6,-,102,8,82,12,-,108,11,86,10,-,40,3,38,-,-,-,-,-,-,-,-,-,-,-,-
,,Amarela,35,15,20,-,-,13,3,10,-,-,-,-,-,-,-,10,-,10,-,-,-,-,-,-,-,12,12,-,-,-,-,-,-,-,-,-,-,-,-,-
,,Parda,3168,679,2324,165,-,401,88,286,27,-,1100,212,821,67,-,1137,259,833,45,-,375,89,275,11,-,130,21,93,15,-,10,-,10,-,-,-,-,-,-,-
,,Indígena,10,-,10,-,-,4,-,4,-,-,-,-,-,-,-,4,-,4,-,-,2,-,2,-,-,-,-,-,-,-,-,-,-,-,-,-,-,-,-,-
,18 a 64 anos,Total,643844,113228,95467,278865,156285,85362,10955,9916,36566,27925,225605,32537,29454,100211,63403,211128,41357,34440,90405,44927,88383,20100,15998,38092,14193,26143,6681,4729,10798,3935,1977,480,347,612,538,1868,377,188,820,483
,,Branca,416195,58666,51825,179075,126629,60705,6329,5958,25216,23202,155111,18470,16834,67566,52241,131794,20668,18643,56804,35679,49620,9258,7585,21746,11032,14478,3126,2260,6032,3060,1263,267,180,365,451,1169,190,124,520,335
,,Preta,40758,9954,8185,17832,4788,3966,811,672,1820,664,11676,2502,2161,5396,1618,14223,3506,2899,6173,1645,7838,2113,1873,3237,614,2499,845,522,976,156,128,60,13,33,22,138,41,3,66,28
,,Amarela,3480,200,210,1424,1645,594,44,34,257,258,1522,74,71,673,704,837,48,64,299,426,312,13,20,116,163,127,21,16,31,59,-,-,-,-,-,45,-,-,32,12
,,Parda,182960,44269,35119,80457,23115,20045,3754,3252,9266,3773,57123,11459,10337,26544,8783,64174,17099,12803,27098,7174,30530,8687,6492,12985,2365,9023,2689,1915,3759,660,577,145,154,213,65,509,139,61,201,108
,,Indígena,451,139,128,77,108,52,18,-,6,29,173,32,52,32,58,101,37,31,31,2,83,28,28,7,19,17,-,17,-,-,8,8,-,-,-,7,7,-,-,-
,65 anos ou mais,Total,22464,11114,2751,4394,4205,3503,1548,470,776,709,7795,3525,841,1630,1799,7090,3725,873,1321,1172,2734,1624,330,425,356,856,447,169,130,110,116,87,8,17,5,135,43,17,37,38
,,Branca,16944,7680,2112,3488,3663,2841,1194,373,644,629,5982,2388,697,1346,1552,5324,2536,671,1053,1064,1905,1115,211,305,275,536,264,103,81,88,93,71,8,9,5,99,21,17,23,38
,,Preta,1030,755,68,149,59,153,93,11,22,27,272,183,16,62,11,334,298,14,11,11,191,117,24,40,10,80,64,3,13,-,-,-,-,-,-,-,-,-,-,-
,,Amarela,206,44,45,42,74,38,-,15,23,-,74,25,-,15,34,53,11,18,-,24,24,9,-,4,11,17,-,12,-,5,-,-,-,-,-,-,-,-,-,-
,,Parda,4267,2627,526,706,408,472,260,72,86,53,1452,925,128,196,203,1379,880,170,257,73,614,384,94,75,60,221,118,50,35,17,23,16,-,7,-,36,22,-,14,-
,,Indígena,18,8,-,10,-,-,-,-,-,-,15,5,-,10,-,-,-,-,-,-,-,-,-,-,-,3,3,-,-,-,-,-,-,-,-,-,-,-,-,-
Ribeirão Preto,Total,Total,1036595,186759,170758,439364,239714,103081,13553,13504,42921,33104,339247,45941,49113,146817,97376,368295,71404,66092,157161,73638,163090,39502,29905,68458,25224,49309,13176,9669,19338,7126,4563,1096,839,1669,960,2923,700,389,838,995
,,Branca,600457,82385,80248,250186,187638,69491,7096,7336,27612,27447,214092,22913,25264,88752,77162,203929,30664,30168,86403,56695,81483,15715,12096,35060,18611,23382,4584,4209,9388,5202,2545,473,378,1037,656,1830,313,181,535,801
,,Preta,94434,22981,19850,40442,11161,6077,1182,1164,2773,959,24679,4397,4528,11572,4182,36338,9195,7932,15469,3742,19435,5503,4416,7873,1644,6611,2298,1496,2332,486,474,153,101,152,68,256,84,56,89,27
,,Amarela,4671,351,395,1452,2472,614,17,18,223,356,1693,115,183,540,855,1712,91,164,540,918,540,95,14,143,288,68,29,17,-,22,28,-,-,-,28,11,-,-,7,4
,,Parda,336130,80853,70059,146963,38255,26812,5227,4976,12267,4342,98640,18459,19099,45928,15154,126000,31441,27775,54589,12194,61398,18133,13315,25311,4640,19156,6235,3941,7600,1380,1484,470,327,479,208,826,304,152,207,162
,,Indígena,903,189,205,321,188,87,31,10,47,-,143,57,39,25,23,315,14,53,160,89,233,56,65,71,41,92,31,6,18,36,33,-,33,-,-,-,-,-,-,-
,10 a 17 anos,Total,14660,2683,10957,1020,-,1885,437,1318,129,-,5033,828,3874,330,-,5221,945,3955,322,-,1871,346,1378,147,-,491,103,319,69,-,57,9,25,23,-,-,-,-,-,-
,,Branca,7060,1016,5492,552,-,1087,233,793,61,-,2561,337,2001,224,-,2293,316,1853,124,-,787,122,570,95,-,238,4,210,25,-,23,-,-,23,-,-,-,-,-,-
,,Preta,1464,271,1131,62,-,137,59,63,15,-,426,75,351,-,-,583,101,435,47,-,261,36,225,-,-,52,-,52,-,-,-,-,-,-,-,-,-,-,-,-
,,Amarela,27,-,3,24,-,-,-,-,-,-,-,-,-,-,-,27,-,3,24,-,-,-,-,-,-,-,-,-,-,-,-,-,-,-,-,-,-,-,-,-
,,Parda,6084,1371,4331,382,-,661,145,463,53,-,2045,417,1522,106,-,2305,514,1664,127,-,823,188,583,52,-,189,88,57,44,-,34,9,25,-,-,-,-,-,-,-
,,Indígena,25,25,-,-,-,-,-,-,-,-,-,-,-,-,-,14,14,-,-,-,-,-,-,-,-,12,12,-,-,-,-,-,-,-,-,-,-,-,-,-
,18 a 64 anos,Total,988121,168798,155264,431699,232360,96711,11473,11733,41822,31682,322985,40678,43669,144144,94495,352095,65253,60596,154601,71645,156663,36529,27889,67645,24599,47189,12181,9133,18980,6895,4265,978,803,1575,909,2802,663,389,808,941
,,Branca,569571,72384,71651,244460,181075,64923,5858,6183,26659,26223,202994,19699,22191,86615,74491,194268,27440,27291,84607,54931,77968,14132,11105,34626,18105,22077,4094,3856,9132,4994,2341,412,368,956,605,1746,313,181,505,747
,,Preta,90835,21323,18430,40040,11042,5755,999,1086,2757,913,23724,4024,4049,11493,4158,35010,8637,7400,15250,3723,18678,5118,4153,7783,1623,6433,2181,1444,2332,476,465,144,101,152,68,256,84,56,89,27
,,Amarela,4354,266,378,1392,2318,552,12,6,210,324,1601,92,180,516,813,1582,67,161,516,839,518,73,14,143,288,60,21,17,-,22,28,-,-,-,28,11,-,-,7,4
,,Parda,322484,74662,64600,145487,37735,25394,4574,4448,12150,4222,94522,16806,17211,45495,15011,120933,29109,25691,54068,12065,59266,17150,12554,25022,4542,18539,5867,3809,7497,1366,1398,422,301,467,208,789,267,152,207,162
,,Indígena,878,163,205,321,188,87,31,10,47,-,143,57,39,25,23,301,-,53,160,89,233,56,65,71,41,80,19,6,18,36,33,-,33,-,-,-,-,-,-,-
,65 anos ou mais,Total,33814,15278,4536,6645,7355,4486,1642,453,969,1422,11229,4435,1570,2343,2882,10979,5206,1541,2238,1993,4556,2626,638,666,625,1629,892,217,289,232,242,110,10,71,51,121,37,-,31,54
,,Branca,23826,8986,3105,5174,6562,3481,1005,360,892,1225,8536,2878,1073,1914,2672,7368,2908,1024,1672,1764,2727,1461,422,339,506,1067,486,143,230,208,181,61,10,59,51,85,-,-,31,54
,,Preta,2136,1387,290,340,119,186,124,16,-,46,529,298,128,79,24,745,457,97,172,20,497,349,39,89,21,127,117,-,-,10,8,8,-,-,-,-,-,-,-,-
,,Amarela,290,85,14,37,154,61,5,11,13,32,91,22,3,24,43,103,23,-,-,80,22,22,-,-,-,8,8,-,-,-,-,-,-,-,-,-,-,-,-,-
,,Parda,7562,4821,1127,1095,519,757,508,65,65,120,2073,1237,366,327,144,2762,1818,420,394,129,1309,795,178,238,98,428,280,74,59,14,52,40,-,12,-,37,37,-,-,-
,,Indígena,-,-,-,-,-,-,-,-,-,-,-,-,-,-,-,-,-,-,-,-,-,-,-,-,-,-,-,-,-,-,-,-,-,-,-,-,-,-,-,-
Araraquara,Total,Total,452570,74680,68987,204853,104050,49904,6024,6473,21202,16206,165453,19965,22621,75955,46912,145946,26719,23848,68164,27214,65960,15084,11773,29665,9438,18855,5427,3432,7300,2696,1856,395,229,737,494,1122,301,110,445,266
,,Branca,282573,36197,37092,124701,84583,35856,3546,4013,14385,13912,111899,10709,13048,49494,38647,85507,12488,12152,39572,21294,34437,6203,5581,15451,7203,10475,2492,1759,4060,2165,1211,153,172,472,414,798,168,64,334,233
,,Preta,35565,7457,6395,17589,4124,2504,411,481,1186,425,10257,1566,1708,5394,1589,13191,2737,2402,6651,1401,7227,1899,1352,3419,557,1940,657,394,802,87,151,81,16,34,21,64,26,8,18,12
,,Amarela,2177,172,68,761,1175,365,29,13,145,178,1055,82,37,377,559,455,30,18,129,278,187,7,-,80,99,64,14,-,11,39,20,-,-,20,-,10,10,-,-,-
,,Parda,131856,30770,25376,61581,14130,11162,2027,1966,5484,1686,42146,7570,7828,20643,6105,46615,11451,9237,21697,4230,24023,6952,4823,10678,1570,6366,2265,1279,2418,405,474,161,42,212,59,238,98,38,82,20
,,Indígena,398,84,56,221,37,18,10,-,2,5,95,37,-,47,11,179,12,40,116,11,86,23,17,36,10,9,-,-,9,-,-,-,-,-,-,11,-,-,11,-
,10 a 17 anos,Total,4773,721,3591,461,-,576,148,403,25,-,1633,177,1338,119,-,1460,229,1036,196,-,811,47,676,88,-,264,108,122,34,-,-,-,-,-,-,12,12,-,-,-
,,Branca,2557,349,1914,294,-,344,82,237,25,-,981,70,797,114,-,766,94,556,116,-,297,19,250,28,-,162,85,66,11,-,-,-,-,-,-,-,-,-,-,-
,,Preta,331,13,297,21,-,13,-,13,-,-,85,-,85,-,-,94,-,73,21,-,104,-,104,-,-,33,13,21,-,-,-,-,-,-,-,-,-,-,-,-
,,Amarela,23,23,-,-,-,12,12,-,-,-,-,-,-,-,-,11,11,-,-,-,-,-,-,-,-,-,-,-,-,-,-,-,-,-,-,-,-,-,-,-
,,Parda,1863,336,1380,147,-,206,53,153,-,-,566,107,455,4,-,589,124,406,59,-,410,28,322,60,-,69,10,35,23,-,-,-,-,-,-,12,12,-,-,-
,,Indígena,-,-,-,-,-,-,-,-,-,-,-,-,-,-,-,-,-,-,-,-,-,-,-,-,-,-,-,-,-,-,-,-,-,-,-,-,-,-,-,-
,18 a 64 anos,Total,431541,66733,63350,201272,100186,47023,5014,5744,20749,15516,157753,17438,20552,74622,45141,139507,24162,22180,66902,26263,63172,13888,10852,29271,9161,18102,5000,3241,7241,2621,1781,383,219,703,477,1022,249,110,408,255
,,Branca,267716,31153,33660,121921,80983,33631,2903,3493,13987,13248,106162,9029,11687,48393,37054,81155,10985,11152,38634,20384,32773,5454,5185,15190,6944,9994,2212,1643,4049,2091,1140,144,161,438,397,721,128,64,306,222
,,Preta,34277,6870,5928,17391,4088,2390,326,457,1182,425,9899,1395,1592,5340,1572,12759,2568,2271,6529,1391,6908,1781,1176,3402,549,1885,622,373,802,87,151,81,16,34,21,64,26,8,18,12
,,Amarela,2030,108,68,737,1116,340,5,13,145,178,972,72,37,352,510,415,-,18,129,268,187,7,-,80,99,64,14,-,11,39,20,-,-,20,-,10,10,-,-,-
,,Parda,127133,28532,23638,61002,13962,10644,1771,1780,5433,1660,40639,6919,7236,20491,5994,45000,10597,8700,21494,4209,23219,6623,4475,10563,1559,6151,2152,1224,2370,405,470,158,42,212,59,215,85,38,72,20
,,Indígena,385,70,56,221,37,18,10,-,2,5,82,24,-,47,11,179,12,40,116,11,86,23,17,36,10,9,-,-,9,-,-,-,-,-,-,11,-,-,11,-
,65 anos ou mais,Total,16256,7227,2046,3120,3863,2305,862,326,428,690,6066,2350,731,1214,1771,4978,2328,632,1067,951,1977,1149,245,306,277,488,320,68,25,75,75,13,11,34,18,88,39,-,38,11
,,Branca,12299,4695,1518,2486,3600,1881,561,282,373,664,4756,1611,564,988,1593,3585,1409,444,822,910,1368,730,146,234,258,319,196,49,-,75,72,9,11,34,18,78,39,-,28,11
,,Preta,958,575,170,177,36,100,85,10,4,-,273,172,30,54,17,338,169,57,101,10,215,118,72,17,9,22,22,-,-,-,-,-,-,-,-,-,-,-,-,-
,,Amarela,125,41,-,24,59,12,12,-,-,-,83,10,-,24,49,29,19,-,-,10,-,-,-,-,-,-,-,-,-,-,-,-,-,-,-,-,-,-,-,-
,,Parda,2860,1902,358,432,168,312,203,33,51,26,940,544,138,148,111,1026,731,131,143,21,393,301,27,55,10,147,102,19,25,-,4,4,-,-,-,10,-,-,10,-
,,Indígena,14,14,-,-,-,-,-,-,-,-,14,14,-,-,-,-,-,-,-,-,-,-,-,-,-,-,-,-,-,-,-,-,-,-,-,-,-,-,-,-
Campinas,Total,Total,2869352,437011,409258,1304914,718169,233002,30319,30015,104184,68483,810126,99074,105198,370639,235214,1019813,165948,150824,471043,231998,565923,97308,87535,257832,123247,201095,36957,30325,86735,47078,14504,2958,2141,5279,4126,4585,1029,680,1693,1183
,,Branca,1764571,214348,210078,774815,565330,161501,17184,17859,69559,56900,543236,53557,59395,238570,191714,615368,81162,76667,277259,180280,313042,43483,39981,137527,92051,107222,15375,13287,43555,35004,7870,1271,987,2602,3010,2688,491,306,909,982
,,Preta,226262,43167,38967,110447,33680,13115,2095,2214,6328,2478,49533,8067,7895,24460,9111,80918,16229,14277,39415,10996,57121,11203,9872,28392,7653,22364,4836,4151,10613,2764,1617,371,228,675,343,265,34,75,103,53
,,Amarela,17306,816,1123,5483,9884,1792,191,140,592,870,5302,142,416,1861,2882,5263,232,344,1619,3068,3118,192,162,893,1872,1314,39,31,355,890,158,11,-,35,112,53,-,9,20,24
,,Parda,858894,178114,158637,413212,108931,56367,10800,9793,27550,8224,211439,37203,37378,105483,31376,317456,68084,59341,152492,37540,192230,42347,37407,90884,21592,69954,16622,12835,32078,8420,4860,1305,926,1966,662,1579,504,291,660,124
,,Indígena,2319,566,453,956,344,226,50,11,154,11,616,105,115,265,130,808,241,195,257,114,412,83,113,136,80,240,86,20,134,-,-,-,-,-,-,-,-,-,-,-
,10 a 17 anos,Total,34344,4706,26459,3179,-,3303,717,2287,300,-,9961,1352,7745,863,-,12357,1638,9624,1095,-,6280,705,4937,639,-,2096,198,1639,259,-,33,-,33,-,-,48,31,18,-,-
,,Branca,18699,2334,14495,1869,-,2123,452,1520,151,-,5793,628,4632,533,-,6522,784,5060,677,-,3106,306,2456,344,-,911,97,662,152,-,-,-,-,-,-,15,15,-,-,-
,,Preta,2680,390,2146,144,-,284,20,240,23,-,663,138,489,36,-,976,167,746,63,-,523,42,459,22,-,220,23,197,-,-,2,-,2,-,-,-,-,-,-,-
,,Amarela,183,10,127,46,-,10,10,-,-,-,31,-,31,-,-,93,-,58,35,-,49,-,39,11,-,-,-,-,-,-,-,-,-,-,-,-,-,-,-,-
,,Parda,12740,1960,9659,1120,-,886,234,527,125,-,3474,586,2593,295,-,4745,676,3749,319,-,2580,356,1961,262,-,966,79,779,108,-,31,-,31,-,-,33,16,18,-,-
,,Indígena,43,11,32,-,-,-,-,-,-,-,-,-,-,-,-,21,11,10,-,-,22,-,22,-,-,-,-,-,-,-,-,-,-,-,-,-,-,-,-,-
,18 a 64 anos,Total,2748130,396262,371725,1282892,697251,219767,25934,26526,101527,65779,773794,88481,94181,363668,227464,978778,151203,137538,464132,225904,545327,89926,80577,254201,120623,193537,34503,27989,85327,45717,13938,2773,2061,5146,3959,4255,869,628,1646,1111
,,Branca,1682082,189330,188053,758073,546626,151259,14139,15404,67373,54343,517305,46847,52388,233285,184785,587924,72133,69076,271880,174833,300597,39366,36447,134949,89835,102620,14010,12204,42591,33814,7431,1124,951,2506,2850,2486,427,271,877,910
,,Preta,218832,40080,36085,109533,33134,12453,1856,1901,6254,2442,47706,7365,7239,24224,8877,78227,14999,13287,39092,10850,55585,10572,9261,28201,7551,21725,4599,3854,10534,2738,1592,359,226,664,343,255,24,75,103,53
,,Amarela,15827,604,882,4919,9422,1652,141,135,517,859,4839,112,327,1664,2736,4878,146,259,1494,2979,2754,156,100,784,1714,1246,39,31,344,832,143,11,-,21,112,38,-,9,6,24
,,Parda,829197,165767,146294,409411,107725,54186,9757,9076,27228,8124,203330,34051,34113,104230,30936,307009,63731,54741,151409,37128,186003,39752,34678,90129,21443,67732,15795,11880,31724,8333,4772,1279,884,1956,653,1475,418,273,660,124
,,Indígena,2192,481,411,956,344,218,41,11,154,11,616,105,115,265,130,740,195,174,257,114,387,79,92,136,80,215,61,20,134,-,-,-,-,-,-,-,-,-,-,-
,65 anos ou mais,Total,86879,36043,11074,18844,20918,9931,3668,1202,2357,2704,26370,9241,3272,6108,7749,28679,13107,3662,5816,6094,14316,6678,2022,2992,2624,5462,2255,697,1149,1361,533,186,47,132,168,282,129,34,47,72
,,Branca,63790,22683,7529,14873,18704,8120,2593,935,2035,2557,20139,6082,2375,4753,6929,20923,8244,2530,4701,5447,9339,3811,1079,2233,2215,3691,1267,421,813,1190,438,147,36,96,160,187,49,34,32,72
,,Preta,4750,2698,736,771,546,378,219,73,51,36,1164,563,167,200,234,1715,1063,244,261,147,1012,589,152,169,103,420,214,100,79,26,23,12,-,11,-,10,10,-,-,-
,,Amarela,1296,202,114,519,461,130,39,4,75,11,432,30,59,197,146,292,86,27,90,88,315,36,24,98,158,69,-,-,11,58,15,-,-,15,-,15,-,-,15,-
,,Parda,16958,10386,2684,2681,1206,1295,808,190,197,100,4636,2566,672,958,440,5703,3677,850,764,412,3646,2239,767,492,149,1256,748,175,246,87,56,26,11,10,8,71,71,-,-,-
,,Indígena,84,74,11,-,-,8,8,-,-,-,-,-,-,-,-,47,36,11,-,-,3,3,-,-,-,26,26,-,-,-,-,-,-,-,-,-,-,-,-,-
São José dos Campos,Total,Total,974965,140236,130189,459834,244706,79957,10623,10429,36286,22618,268666,30311,31120,124144,83091,361465,56155,49955,174402,80954,192561,31994,28433,93036,39097,56893,9069,8454,25535,13835,6031,646,801,2510,2074,2186,318,238,766,863
,,Branca,604078,68956,70051,279049,186021,52180,5771,6258,22810,17340,176549,15485,17291,78337,65436,219739,27250,26382,105381,60726,113105,15203,14814,54303,28785,32595,4133,4355,14252,9855,3576,277,385,1377,1536,1576,171,168,485,752
,,Preta,72602,13496,11003,35895,12207,5190,816,771,2626,977,17416,2614,2579,8766,3457,26433,5431,3999,13034,3970,16786,3293,2593,8356,2543,5511,1062,870,2607,972,592,141,107,255,89,143,48,19,77,-
,,Amarela,6947,340,424,2332,3851,760,49,69,318,324,2539,109,148,640,1643,2302,65,137,870,1230,765,85,23,289,369,349,33,25,142,149,122,-,-,28,94,34,-,-,14,19
,,Parda,290306,57202,48533,142050,42522,21733,3959,3314,10493,3967,71902,12055,11076,36233,12539,112658,23290,19361,55012,14995,61644,13388,10944,29924,7389,18364,3830,3204,8505,2825,1741,228,308,850,355,425,92,51,190,92
,,Indígena,1031,241,179,508,104,94,27,17,40,10,260,49,27,168,17,333,120,76,104,33,261,26,59,165,11,74,11,-,30,33,-,-,-,-,-,8,8,-,-,-
,10 a 17 anos,Total,11305,1953,8744,607,-,1397,247,1121,29,-,3426,766,2508,152,-,3940,513,3209,219,-,1889,321,1371,197,-,554,103,440,10,-,20,-,20,-,-,-,-,-,-,-
,,Branca,6726,945,5380,400,-,948,126,806,16,-,1960,366,1526,68,-,2303,265,1846,192,-,1148,145,878,125,-,311,44,268,-,-,20,-,20,-,-,-,-,-,-,-
,,Preta,818,236,527,55,-,32,6,26,-,-,225,109,107,8,-,330,72,251,7,-,125,6,79,39,-,73,42,31,-,-,-,-,-,-,-,-,-,-,-,-
,,Amarela,87,40,35,12,-,11,-,11,-,-,54,18,24,12,-,-,-,-,-,-,22,22,-,-,-,-,-,-,-,-,-,-,-,-,-,-,-,-,-,-
,,Parda,3662,732,2790,140,-,406,115,278,13,-,1185,273,849,64,-,1297,176,1101,20,-,595,148,414,33,-,169,17,142,10,-,-,-,-,-,-,-,-,-,-,-
,,Indígena,13,-,13,-,-,-,-,-,-,-,2,-,2,-,-,11,-,11,-,-,-,-,-,-,-,-,-,-,-,-,-,-,-,-,-,-,-,-,-,-
,18 a 64 anos,Total,934539,126564,117500,452791,237684,75389,9092,8962,35451,21885,256482,26686,27400,122100,80295,347906,51499,45349,172106,78952,185697,29123,26534,91824,38217,54598,8337,7687,25066,13508,5782,614,721,2446,2001,2118,290,238,758,832
,,Branca,578149,61597,62395,274190,179967,49116,4931,5269,22228,16688,168249,13364,15041,76828,63015,211209,24867,23587,103738,59018,108967,13709,13682,53532,28045,31324,3774,3957,14023,9570,3411,265,340,1344,1463,1509,143,168,477,721
,,Preta,69728,12132,10197,35412,11987,5045,749,733,2596,967,16722,2271,2386,8676,3388,25390,4915,3704,12881,3891,16172,2943,2445,8287,2497,5217,980,785,2489,963,578,141,94,255,89,143,48,19,77,-
,,Amarela,6409,227,298,2158,3725,705,26,59,297,324,2349,74,75,590,1610,2126,53,117,787,1169,681,40,23,270,348,338,33,25,142,138,122,-,-,28,94,34,-,-,14,19
,,Parda,279259,52378,44444,140535,41901,20429,3359,2884,10291,3895,68914,10938,9873,35839,12265,108859,21544,17877,54598,14840,59629,12405,10325,29583,7316,17645,3540,2919,8382,2804,1670,208,287,820,355,425,92,51,190,92
,,Indígena,995,230,166,495,104,94,27,17,40,10,248,38,25,168,17,322,120,65,104,33,247,26,59,152,11,74,11,-,30,33,-,-,-,-,-,8,8,-,-,-
,65 anos ou mais,Total,29121,11719,3945,6435,7022,3170,1284,347,805,734,8758,2859,1212,1891,2796,9619,4143,1397,2077,2002,4974,2550,528,1015,881,1742,629,327,459,327,229,32,60,64,73,68,28,-,8,31
,,Branca,19203,6414,2276,4458,6054,2115,715,183,565,653,6340,1755,723,1441,2421,6227,2118,950,1452,1707,2990,1349,254,646,740,960,315,130,229,285,144,13,25,34,73,68,28,-,8,31
,,Preta,2056,1129,279,428,220,113,62,12,30,9,469,234,85,82,68,714,444,45,146,78,489,344,69,30,46,222,40,54,118,9,14,-,14,-,-,-,-,-,-,-
,,Amarela,452,73,90,162,126,44,23,-,21,-,135,16,48,38,33,177,11,20,83,62,63,23,-,19,21,11,-,-,-,11,-,-,-,-,-,-,-,-,-,-
,,Parda,7386,4092,1299,1374,621,897,485,152,189,72,1803,844,354,330,274,2502,1569,382,395,155,1420,834,205,307,74,549,273,142,112,21,71,19,21,30,-,-,-,-,-,-
,,Indígena,24,10,-,13,-,-,-,-,-,-,10,10,-,-,-,-,-,-,-,-,13,-,-,13,-,-,-,-,-,-,-,-,-,-,-,-,-,-,-,-
Curitiba,Total,Total,1629801,250672,235635,698986,444508,127487,17839,18380,53141,38127,373937,48657,49974,156378,118928,519305,78507,71472,218909,150417,398719,62059,59669,176163,100828,181034,37727,31578,82373,29356,10877,2847,2212,4485,1332,3790,875,485,1485,946
,,Branca,1081633,135564,137540,454864,353664,89653,10334,11563,36556,31199,258651,27487,30077,105204,95882,349200,42044,41680,144220,121256,256258,32700,34370,110601,78588,108587,19518,17241,50441,21387,6750,1678,1261,2775,1036,2346,500,286,898,663
,,Preta,85195,16333,14014,39037,15810,5371,964,855,2482,1070,16003,2731,2463,7182,3627,24719,4765,3730,11266,4958,24068,4368,3950,11582,4168,13149,3099,2626,5795,1629,751,221,180,229,121,288,68,44,135,41
,,Amarela,10986,526,488,3147,6825,897,49,-,270,578,3046,78,221,842,1905,3599,162,89,981,2367,2570,116,100,785,1569,629,89,78,176,286,21,11,-,10,-,11,-,-,11,-
,,Parda,450147,97767,83369,201201,67809,31349,6446,5928,13739,5236,95916,18235,17136,43089,17456,141206,31431,25900,62203,21672,115406,24734,21222,53009,16441,58409,14971,11620,25825,5992,3335,929,771,1472,162,1145,307,155,442,242
,,Indígena,1841,482,223,737,399,217,47,33,94,43,322,127,76,61,57,581,105,73,240,163,416,142,27,185,62,261,49,13,136,62,20,8,-,-,12,-,-,-,-,-
,10 a 17 anos,Total,22304,3720,15276,3309,-,2586,624,1629,334,-,6039,996,4134,908,-,6402,956,4573,873,-,4966,847,3276,843,-,2084,283,1487,314,-,144,2,105,36,-,-,-,-,-,-
,,Branca,13874,2017,9816,2042,-,1710,389,1098,223,-,3747,537,2643,568,-,4218,528,3080,609,-,2842,376,1957,508,-,1245,176,939,130,-,72,-,70,3,-,-,-,-,-,-
,,Preta,734,133,392,209,-,81,4,51,26,-,189,51,84,54,-,152,68,45,38,-,135,9,91,35,-,139,-,90,49,-,16,-,10,6,-,-,-,-,-,-
,,Amarela,67,20,46,-,-,20,20,-,-,-,17,-,17,-,-,13,-,13,-,-,17,-,17,-,-,-,-,-,-,-,-,-,-,-,-,-,-,-,-,-
,,Parda,7604,1550,5021,1033,-,775,210,480,84,-,2085,409,1390,286,-,2020,360,1435,225,-,1972,462,1211,300,-,676,107,458,111,-,55,2,26,27,-,-,-,-,-,-
,,Indígena,24,-,-,24,-,-,-,-,-,-,-,-,-,-,-,-,-,-,-,-,-,-,-,-,-,24,-,-,24,-,-,-,-,-,-,-,-,-,-,-
,18 a 64 anos,Total,1563360,230691,214841,685785,432044,119951,15487,16116,51682,36667,357657,44452,44521,153058,115627,499328,72861,65394,215071,146002,384280,57302,55113,173158,98708,174644,35376,29556,81172,28541,10295,2619,2043,4373,1260,3688,859,475,1477,877
,,Branca,1035653,123856,123742,445378,342677,84310,8896,9980,35455,29979,247306,24917,26592,102839,92958,334892,38682,37500,141373,117337,246581,29977,31428,108480,76696,104590,18344,15925,49678,20643,6301,1482,1137,2718,965,2291,500,276,893,622
,,Preta,82472,15103,13399,38373,15596,5093,891,797,2365,1039,15345,2436,2291,7053,3564,24032,4434,3614,11122,4861,23542,4094,3849,11441,4158,12640,2849,2496,5677,1617,735,221,170,222,121,288,68,44,135,41
,,Amarela,10082,390,347,2935,6410,789,8,-,270,511,2747,52,140,760,1794,3300,92,66,935,2207,2414,116,83,701,1514,608,89,57,176,286,21,11,-,10,-,11,-,-,11,-
,,Parda,433426,90902,77157,198385,66981,29567,5644,5331,13497,5095,91938,16920,15421,42345,17252,136532,29557,24140,61401,21434,111361,22987,19726,52351,16297,56591,14065,11064,25529,5932,3218,896,736,1424,162,1098,291,155,438,214
,,Indígena,1728,439,197,713,379,192,47,8,94,43,321,126,76,61,57,572,96,73,240,163,382,128,27,185,42,216,29,13,112,62,20,8,-,-,12,-,-,-,-,-
,65 anos ou mais,Total,44137,16262,5519,9893,12464,4949,1729,635,1125,1461,10242,3208,1319,2412,3302,13575,4689,1506,2965,4415,9472,3910,1279,2162,2120,4305,2068,535,887,815,438,227,64,76,72,102,16,10,8,69
,,Branca,32105,9691,3983,7444,10987,3632,1049,486,877,1221,7597,2033,842,1798,2924,10090,2834,1100,2237,3920,6835,2347,984,1613,1892,2753,998,377,633,744,376,196,55,54,72,55,-,10,5,41
,,Preta,1989,1097,224,455,214,196,68,6,91,31,469,244,88,75,63,535,263,70,105,97,391,265,9,106,10,370,250,40,68,12,-,-,-,-,-,-,-,-,-,-
,,Amarela,837,115,95,212,415,88,20,-,-,68,282,25,64,82,111,287,70,10,46,161,139,-,-,84,55,21,-,21,-,-,-,-,-,-,-,-,-,-,-,-
,,Parda,9116,5315,1191,1782,828,1007,592,117,157,141,1892,906,325,458,204,2654,1514,326,577,238,2073,1286,286,359,143,1142,800,97,186,59,62,31,9,22,-,47,16,-,3,28
,,Indígena,89,43,26,-,20,26,-,26,-,-,1,1,-,-,-,9,9,-,-,-,34,14,-,-,20,20,20,-,-,-,-,-,-,-,-,-,-,-,-,-
Guarapuava,Total,Total,146869,38856,25008,52397,30608,24283,3826,3152,9164,8141,52775,11405,8168,20253,12949,43872,14145,8318,15349,6060,16934,6013,3427,5043,2451,4975,1962,982,1339,692,1475,547,338,489,102,1451,616,444,330,61
,,Branca,93653,19583,14068,35100,24902,17514,2212,1971,6468,6863,34766,5927,4756,13539,10543,26643,7090,4543,10227,4783,9764,2788,1765,3276,1934,2741,871,493,846,531,791,259,170,276,87,759,268,280,174,36
,,Preta,4655,1745,978,1362,570,489,95,124,193,78,1574,485,275,589,225,1520,573,355,367,224,671,356,152,144,19,252,179,34,23,14,65,33,16,16,-,56,21,19,15,-
,,Amarela,343,76,34,84,149,69,16,-,20,34,97,21,22,20,34,56,18,2,11,25,88,11,10,33,35,-,-,-,-,-,12,-,-,-,12,10,-,-,-,10
,,Parda,48033,17339,9903,15809,4982,6169,1492,1051,2463,1164,16315,4961,3112,6096,2147,15594,6420,3410,4735,1028,6408,2857,1499,1589,464,1927,864,449,467,147,607,254,152,198,3,626,327,144,141,15
,,Indígena,185,112,26,43,4,41,11,7,20,3,24,10,4,9,1,60,43,8,9,-,3,1,1,1,-,55,47,5,3,-,-,-,-,-,-,-,-,-,-,-
,10 a 17 anos,Total,3075,605,2198,272,-,484,108,306,69,-,1328,211,970,146,-,863,175,649,39,-,332,98,223,11,-,42,2,33,7,-,5,1,4,-,-,10,6,4,-,-
,,Branca,1803,322,1288,193,-,337,74,202,60,-,726,103,529,94,-,521,88,412,22,-,179,52,116,11,-,30,-,23,7,-,1,1,-,-,-,-,-,-,-,-
,,Preta,100,42,48,10,-,4,-,4,-,-,66,28,28,10,-,20,14,6,-,-,11,-,11,-,-,-,-,-,-,-,-,-,-,-,-,-,-,-,-,-
,,Amarela,8,-,8,-,-,-,-,-,-,-,8,-,8,-,-,-,-,-,-,-,-,-,-,-,-,-,-,-,-,-,-,-,-,-,-,-,-,-,-,-
,,Parda,1155,234,853,68,-,144,34,100,10,-,523,76,406,42,-,319,72,230,16,-,141,46,95,-,-,10,-,10,-,-,4,-,4,-,-,10,6,4,-,-
,,Indígena,9,7,1,1,-,-,-,-,-,-,4,4,-,-,-,3,1,1,1,-,-,-,-,-,-,2,2,-,-,-,-,-,-,-,-,-,-,-,-,-
,18 a 64 anos,Total,140383,36245,22482,51485,30171,23090,3391,2765,8887,8047,50432,10616,7129,19940,12748,42026,13300,7549,15187,5989,16195,5653,3154,4948,2440,4742,1819,949,1301,673,1452,533,334,483,102,1436,605,440,330,61
,,Branca,89469,18031,12570,34389,24479,16644,1928,1708,6239,6769,33319,5492,4184,13291,10352,25486,6591,4068,10113,4715,9281,2542,1615,3201,1923,2587,788,470,817,512,784,258,170,270,87,759,268,280,174,36
,,Preta,4428,1611,918,1332,567,462,71,120,193,78,1450,420,236,569,225,1485,547,349,367,221,649,355,141,135,19,233,161,34,23,14,65,33,16,16,-,56,21,19,15,-
,,Amarela,313,54,26,84,149,58,4,-,20,34,79,11,14,20,34,56,18,2,11,25,88,11,10,33,35,-,-,-,-,-,12,-,-,-,12,10,-,-,-,10
,,Parda,46000,16447,8942,15639,4972,5885,1376,930,2415,1164,15566,4688,2691,6051,2136,14943,6104,3123,4687,1028,6173,2744,1387,1578,464,1869,825,440,457,147,591,242,148,198,3,611,316,140,141,15
,,Indígena,173,102,25,42,4,41,11,7,20,3,18,4,4,9,1,56,41,7,8,-,3,1,1,1,-,53,45,5,3,-,-,-,-,-,-,-,-,-,-,-
,65 anos ou mais,Total,3411,2005,329,640,437,709,326,81,207,94,1016,578,69,167,201,983,670,119,123,71,407,261,50,84,11,191,141,-,31,19,19,13,-,6,-,4,4,-,-,-
,,Branca,2381,1230,210,518,423,533,209,61,169,94,720,332,44,154,191,636,412,63,92,68,303,194,34,65,11,124,83,-,22,19,6,-,-,6,-,-,-,-,-,-
,,Preta,127,93,11,20,3,24,24,-,-,-,58,37,11,10,-,15,12,-,-,3,11,1,-,10,-,19,19,-,-,-,-,-,-,-,-,-,-,-,-,-
,,Amarela,22,22,-,-,-,11,11,-,-,-,10,10,-,-,-,-,-,-,-,-,-,-,-,-,-,-,-,-,-,-,-,-,-,-,-,-,-,-,-,-
,,Parda,878,658,107,103,11,140,82,20,38,-,225,197,14,3,11,332,244,56,31,-,93,67,17,10,-,48,39,-,10,-,13,13,-,-,-,4,4,-,-,-
,,Indígena,3,3,-,-,-,-,-,-,-,-,2,2,-,-,-,1,1,-,-,-,-,-,-,-,-,-,-,-,-,-,-,-,-,-,-,-,-,-,-,-
Cascavel,Total,Total,880321,171262,152179,345679,211201,156438,20777,22013,60632,53016,344019,56649,56180,139472,91719,253444,59765,47910,99226,46542,88812,23331,18442,33722,13317,25747,7443,5369,8656,4279,2652,887,627,745,393,3148,759,597,1139,653
,,Branca,548149,84642,82304,216755,164448,110348,11773,13254,41942,43380,224328,30161,32157,90160,71850,145677,27886,24575,58435,34780,47591,10178,8692,19007,9715,13327,3068,2364,4785,3110,1425,406,355,393,270,1786,372,322,666,427
,,Preta,37256,10199,7136,14360,5562,4587,975,694,2013,906,12631,2909,2178,5031,2513,12578,3773,2495,4803,1508,5235,1825,1216,1782,411,1577,535,394,495,153,96,29,-,55,12,205,56,57,67,24
,,Amarela,3172,285,306,1069,1512,581,52,17,217,295,1096,69,90,332,604,1078,108,150,343,476,328,56,28,145,100,27,-,20,8,-,-,-,-,-,-,22,-,-,22,-
,,Parda,289682,75432,62037,112765,39447,40734,7946,8001,16397,8390,105410,23390,21647,43713,16660,93638,27816,20608,35492,9721,35074,11017,8388,12587,3083,10631,3755,2559,3301,1016,1104,438,272,298,97,1100,317,210,374,200
,,Indígena,2062,704,396,730,232,188,32,47,63,46,554,121,106,236,91,473,182,82,152,57,584,255,119,201,8,185,86,32,67,-,26,14,-,-,12,36,14,9,11,2
,10 a 17 anos,Total,21867,3712,15259,2896,-,3822,774,2637,410,-,9036,1487,6244,1305,-,6107,983,4320,804,-,2246,332,1650,264,-,484,79,303,102,-,27,13,14,-,-,14,10,4,-,-
,,Branca,12730,1834,9101,1795,-,2315,377,1678,260,-,5595,804,3953,838,-,3276,410,2384,482,-,1233,181,900,152,-,222,38,132,52,-,14,-,14,-,-,11,10,1,-,-
,,Preta,704,132,499,73,-,49,11,31,7,-,212,11,155,46,-,329,85,224,20,-,61,20,41,-,-,36,-,36,-,-,-,-,-,-,-,-,-,-,-,-
,,Amarela,37,-,37,-,-,8,-,8,-,-,8,-,8,-,-,20,-,20,-,-,-,-,-,-,-,-,-,-,-,-,-,-,-,-,-,-,-,-,-,-
,,Parda,8344,1732,5595,1016,-,1448,386,918,143,-,3189,669,2108,411,-,2465,477,1687,300,-,949,129,708,112,-,225,41,134,50,-,13,13,-,-,-,3,-,3,-,-
,,Indígena,52,14,27,12,-,2,-,2,-,-,32,2,19,11,-,17,10,5,1,-,2,2,-,-,-,-,-,-,-,-,-,-,-,-,-,-,-,-,-,-
,18 a 64 anos,Total,838008,156876,134288,338836,208008,148277,18174,18918,59158,52027,327640,51623,48892,136647,90479,241697,55498,42804,97518,45876,84670,21714,16624,33148,13186,24592,6948,4967,8487,4190,2502,803,585,722,393,3022,709,580,1103,629
,,Branca,520439,75771,71194,211780,161694,104387,9975,11180,40765,42467,213090,26862,27379,88083,70765,138697,25547,21641,57262,34247,45146,9241,7664,18621,9621,12699,2786,2183,4672,3058,1340,360,329,381,270,1685,325,308,649,403
,,Preta,35776,9552,6562,14150,5512,4401,900,660,1958,884,12279,2824,2001,4968,2486,11933,3442,2241,4742,1508,5034,1692,1169,1762,411,1509,516,345,495,153,85,29,-,44,12,205,56,57,67,24
,,Amarela,2904,208,243,1012,1441,523,43,9,194,278,1027,69,75,322,562,965,60,121,319,465,309,37,28,145,100,19,-,11,8,-,-,-,-,-,-,22,-,-,22,-
,,Parda,276883,70660,55919,111175,39129,38780,7225,7024,16178,8354,100722,21749,19350,43049,16574,89647,26279,18725,35044,9599,33601,10493,7644,12419,3046,10181,3561,2396,3245,979,1050,399,256,298,97,1075,313,207,355,200
,,Indígena,2005,685,370,719,232,185,31,45,63,46,522,118,87,225,91,455,171,77,151,57,580,251,119,201,8,185,86,32,67,-,26,14,-,-,12,36,14,9,11,2
,65 anos ou mais,Total,20446,10673,2632,3948,3193,4340,1829,458,1065,988,7344,3540,1044,1519,1240,5640,3284,786,903,667,1896,1286,169,310,131,671,416,99,67,89,122,72,28,23,-,112,40,13,36,24
,,Branca,14980,7037,2008,3180,2755,3645,1420,396,917,913,5644,2494,826,1239,1085,3704,1929,551,691,534,1212,757,128,234,94,406,244,49,61,52,70,46,12,12,-,90,37,13,17,24
,,Preta,776,515,75,137,49,137,64,4,48,22,141,73,22,18,27,316,245,31,40,-,140,113,6,20,-,32,19,13,-,-,11,-,-,11,-,-,-,-,-,-
,,Amarela,231,77,25,58,71,50,9,-,24,17,60,-,7,10,43,93,49,10,24,11,19,19,-,-,-,8,-,8,-,-,-,-,-,-,-,-,-,-,-,-
,,Parda,4455,3040,523,573,318,506,335,59,76,36,1498,971,189,253,86,1526,1060,195,148,122,523,395,35,56,37,225,153,29,6,37,41,25,16,-,-,22,3,-,19,-
,,Indígena,5,5,-,-,-,1,1,-,-,-,1,1,-,-,-,1,1,-,-,-,2,2,-,-,-,-,-,-,-,-,-,-,-,-,-,-,-,-,-,-
Maringá,Total,Total,811446,170413,139033,318232,183769,122368,17515,17309,48896,38649,294679,52024,45778,118920,77956,251244,60965,46285,97405,46588,99829,27604,20572,37183,14470,32728,9209,6955,12219,4346,2929,907,652,980,390,2940,817,720,976,427
,,Branca,450793,74519,65081,179133,132061,75489,8601,9075,29186,28627,171577,24066,22215,68554,56743,132653,25775,20787,53430,32662,49113,10951,9090,19246,9826,15886,3598,2797,6546,2944,1468,381,274,540,273,1808,396,415,665,332
,,Preta,49287,14272,9927,18720,6368,5714,1229,1079,2225,1180,15177,3692,2749,6308,2429,17240,5460,3527,6369,1884,7991,2796,1663,2825,707,2521,797,782,792,150,226,126,24,70,5,173,76,57,39,2
,,Amarela,11310,460,1080,4310,5460,2049,89,210,728,1022,4426,108,361,1713,2244,3289,200,390,1242,1457,1053,53,34,466,500,317,10,60,127,120,35,-,12,4,19,30,-,-,14,16
,,Parda,299548,81004,62831,115861,39852,39055,7569,6939,16735,7812,103376,24145,20402,42290,16540,97915,29480,21559,36313,10563,41511,13742,9765,14567,3437,13984,4799,3301,4754,1131,1201,399,342,366,93,928,344,248,259,77
,,Indígena,509,158,113,208,30,60,25,5,22,8,122,14,52,56,-,147,50,23,51,22,160,63,19,79,-,20,6,15,-,-,-,-,-,-,-,-,-,-,-,-
,10 a 17 anos,Total,13442,2489,9090,1864,-,2510,483,1681,347,-,4924,807,3402,715,-,4101,894,2740,466,-,1355,193,953,209,-,467,84,267,116,-,33,16,17,-,-,16,5,6,5,-
,,Branca,7135,1221,4905,1009,-,1370,252,929,189,-,2726,398,1885,443,-,2108,421,1445,242,-,696,106,503,87,-,199,40,114,44,-,8,3,5,-,-,5,-,-,5,-
,,Preta,649,195,376,79,-,82,29,44,9,-,248,54,162,32,-,243,82,139,22,-,42,17,10,16,-,21,-,21,-,-,13,13,-,-,-,-,-,-,-,-
,,Amarela,94,9,79,6,-,29,9,20,-,-,27,-,21,6,-,26,-,26,-,-,-,-,-,-,-,-,-,-,-,-,12,-,12,-,-,-,-,-,-,-
,,Parda,5560,1064,3725,770,-,1024,193,683,149,-,1923,355,1334,234,-,1724,391,1131,202,-,617,70,440,106,-,247,44,132,71,-,-,-,-,-,-,11,5,6,-,-
,,Indígena,5,-,5,-,-,5,-,5,-,-,-,-,-,-,-,-,-,-,-,-,-,-,-,-,-,-,-,-,-,-,-,-,-,-,-,-,-,-,-,-
,18 a 64 anos,Total,772044,154021,126980,311319,179724,115673,15217,15165,47596,37696,281096,46976,41437,116498,76184,238919,55020,42692,95507,45700,95368,25635,19222,36336,14175,31373,8595,6531,11943,4303,2714,773,595,964,383,2640,662,704,890,385
,,Branca,426683,65129,58147,174456,128950,71355,7305,7814,28340,27896,163121,21172,19727,66835,55388,125301,22403,18796,52137,31965,46407,9819,8302,18709,9576,15074,3187,2560,6400,2928,1338,318,228,526,266,1600,324,405,581,290
,,Preta,47161,13150,9391,18349,6272,5440,1107,1005,2173,1156,14514,3381,2546,6199,2388,16417,4994,3314,6254,1855,7772,2669,1637,2759,707,2456,772,762,772,150,186,86,24,70,5,161,64,57,39,2
,,Amarela,10377,313,907,4026,5130,1827,52,179,656,941,4088,83,286,1615,2104,3074,137,364,1175,1398,1008,41,34,443,490,242,-,44,104,94,23,-,-,4,19,30,-,-,14,16
,,Parda,287360,75293,58427,114298,39342,37004,6731,6166,16410,7696,99253,22326,18827,41795,16305,93994,27450,20194,35890,10460,40030,13042,9230,14356,3401,13586,4637,3150,4667,1131,1168,369,342,364,93,849,274,242,255,77
,,Indígena,463,135,109,190,30,46,22,-,16,8,119,14,52,53,-,133,36,23,51,22,151,63,19,69,-,15,-,15,-,-,-,-,-,-,-,-,-,-,-,-
,65 anos ou mais,Total,25960,13903,2963,5049,4046,4185,1815,463,954,953,8659,4241,939,1708,1771,8223,5051,853,1431,888,3106,1776,397,638,296,889,529,157,160,42,182,118,41,16,7,285,150,10,82,42
,,Branca,16976,8168,2029,3668,3111,2764,1045,331,657,731,5730,2496,603,1276,1356,5244,2950,546,1051,696,2011,1025,286,450,250,613,371,124,103,17,121,60,41,13,7,204,73,10,78,42
,,Preta,1476,928,161,292,95,192,94,30,43,24,415,256,41,76,41,580,385,73,92,30,176,110,16,50,-,44,25,-,19,-,27,27,-,-,-,12,12,-,-,-
,,Amarela,839,138,94,278,330,193,29,11,72,81,311,24,54,92,140,189,63,-,67,59,45,12,-,23,10,75,10,15,24,26,-,-,-,-,-,-,-,-,-,-
,,Parda,6628,4647,679,793,510,1027,645,90,176,116,2200,1464,241,261,234,2197,1640,234,221,102,864,629,95,105,36,151,118,18,15,-,33,30,-,3,-,68,65,-,3,-
,,Indígena,41,22,-,19,-,9,3,-,6,-,3,-,-,3,-,14,14,-,-,-,10,-,-,10,-,6,6,-,-,-,-,-,-,-,-,-,-,-,-,-
Londrina,Total,Total,756341,150660,127758,291412,186512,102009,14031,13764,40454,33760,261200,42087,40740,102493,75880,241770,54961,43573,91703,51533,108456,27938,20818,41576,18125,32062,8981,6654,11460,4968,2295,580,415,776,523,2552,680,479,779,614
,,Branca,464150,76392,69549,176552,141656,69341,7958,8434,26534,26414,167789,22321,23040,63900,58528,143023,27427,23179,54311,38105,60215,13476,10464,23124,13150,16964,3860,3135,6148,3821,1396,307,187,442,459,1630,374,298,565,394
,,Preta,46924,12463,9320,18599,6542,4192,848,776,1644,924,13337,2671,2552,5823,2291,16838,5024,3593,6159,2062,8876,2654,1642,3690,891,3000,1033,621,1044,302,190,67,39,75,9,168,88,33,38,9
,,Amarela,13593,717,857,4292,7726,2106,44,116,744,1202,5611,245,346,1593,3426,3937,213,274,1173,2277,1455,163,80,593,620,248,44,21,105,79,46,3,-,22,22,74,5,-,10,58
,,Parda,230578,60808,47811,91543,30416,26218,5151,4421,11459,5187,74196,16802,14746,31063,11586,77570,22193,16444,29898,9035,37741,11567,8603,14128,3441,11770,4031,2850,4132,756,652,202,180,236,34,674,209,148,164,153
,,Indígena,1096,279,221,425,172,152,30,16,72,33,267,48,56,112,50,403,103,83,163,54,169,77,28,41,23,79,12,26,30,11,11,-,10,1,-,6,4,-,2,-
,10 a 17 anos,Total,13086,2447,9266,1373,-,2084,428,1441,215,-,4742,770,3513,459,-,3986,798,2734,455,-,1688,325,1180,183,-,554,124,368,61,-,-,-,-,-,-,3,3,-,-,-
,,Branca,7708,1412,5396,900,-,1361,266,933,162,-,2896,430,2159,307,-,2337,482,1599,256,-,880,203,547,129,-,205,32,128,45,-,-,-,-,-,-,-,-,-,-,-
,,Preta,621,189,365,67,-,93,42,48,3,-,145,30,107,7,-,235,69,119,47,-,74,27,48,-,-,74,20,43,11,-,-,-,-,-,-,-,-,-,-,-
,,Amarela,116,14,86,16,-,30,14,10,6,-,41,-,36,5,-,19,-,19,-,-,26,-,22,5,-,-,-,-,-,-,-,-,-,-,-,-,-,-,-,-
,,Parda,4629,830,3408,390,-,598,105,448,44,-,1655,309,1207,140,-,1394,246,996,152,-,704,95,560,49,-,275,72,197,5,-,-,-,-,-,-,3,3,-,-,-
,,Indígena,12,1,11,-,-,2,-,2,-,-,6,1,5,-,-,-,-,-,-,-,4,-,4,-,-,-,-,-,-,-,-,-,-,-,-,-,-,-,-,-
,18 a 64 anos,Total,717273,135581,115475,285062,181155,96037,12055,11931,39342,32709,247579,37436,36312,100487,73344,230031,49956,39855,89734,50485,103009,25619,19234,40564,17592,30379,8112,6110,11277,4880,2178,516,415,773,474,2422,653,433,751,585
,,Branca,438658,67163,62019,172106,137369,65081,6658,7210,25666,25546,158447,19248,20211,62486,56503,135578,24448,20850,52963,37318,57070,12161,9662,22523,12724,16133,3483,2907,6003,3740,1300,264,187,439,410,1515,353,261,537,365
,,Preta,44938,11372,8843,18292,6432,3923,704,716,1615,889,12939,2511,2408,5758,2262,16151,4640,3422,6051,2038,8455,2385,1583,3617,869,2805,913,578,1012,302,190,67,39,75,9,168,88,33,38,9
,,Amarela,12354,495,719,3895,7245,1928,8,107,695,1117,5117,219,268,1485,3146,3655,138,247,1071,2200,1199,100,58,455,586,220,23,21,105,72,46,3,-,22,22,74,5,-,10,58
,,Parda,220288,56302,43696,90352,29938,24968,4667,3885,11293,5122,70823,15414,13374,30652,11383,74267,20635,15266,29490,8876,36125,10901,7906,13928,3389,11142,3681,2578,4127,756,631,182,180,236,34,659,202,139,164,153
,,Indígena,1035,249,197,417,172,137,18,14,72,33,253,45,51,106,50,379,95,71,160,54,161,72,25,41,23,79,12,26,30,11,11,-,10,1,-,6,4,-,2,-
,65 anos ou mais,Total,25981,12632,3016,4976,5357,3889,1548,392,897,1051,8879,3881,915,1547,2537,7753,4207,984,1514,1048,3759,1994,403,829,533,1130,744,176,122,88,116,64,-,3,49,128,25,46,28,29
,,Branca,17783,7817,2134,3546,4287,2899,1034,292,705,868,6446,2644,670,1107,2025,5107,2497,730,1093,787,2266,1112,255,472,426,626,345,100,100,81,96,43,-,3,49,115,20,37,28,29
,,Preta,1365,903,112,239,110,176,102,13,27,35,254,130,36,58,29,452,315,52,60,25,347,242,11,72,22,121,100,-,22,-,-,-,-,-,-,-,-,-,-,-
,,Amarela,1122,208,51,382,482,148,21,-,43,84,453,26,43,104,280,263,75,9,102,77,230,63,-,133,34,28,22,-,-,7,-,-,-,-,-,-,-,-,-,-
,,Parda,5661,3676,707,801,478,653,378,88,122,64,1718,1079,165,272,202,1909,1311,181,256,160,912,572,137,151,52,354,278,76,-,-,21,21,-,-,-,13,5,9,-,-
,,Indígena,50,29,12,9,-,13,13,-,-,-,8,2,-,6,-,23,9,12,2,-,5,5,-,-,-,-,-,-,-,-,-,-,-,-,-,-,-,-,-,-
Ponta Grossa,Total,Total,357520,77745,62320,147318,70136,44768,7140,6312,17825,13491,111509,20278,17441,46681,27109,116897,27913,21809,48691,18483,60926,15647,11763,25523,7994,18019,5082,3966,6737,2235,1794,625,312,597,260,1176,353,226,402,194
,,Branca,244296,44844,38375,102977,58100,33996,4574,4253,13501,11668,78727,11868,11118,33210,22532,78252,15983,13283,33817,15170,38787,8724,6899,16898,6267,10950,2681,2233,4247,1788,1226,414,184,421,207,740,187,117,267,169
,,Preta,14534,4109,2884,5848,1693,1239,283,153,554,248,3739,973,706,1530,531,4881,1362,1114,1902,502,3350,1058,621,1365,305,1024,318,227,398,81,84,17,-,41,26,74,23,36,16,-
,,Amarela,860,49,85,201,526,95,34,8,16,38,382,-,33,96,253,216,6,12,45,152,143,9,32,32,71,1,-,1,-,-,-,-,-,-,-,-,-,-,-,-
,,Parda,97539,28578,20923,38223,9815,9410,2232,1890,3751,1536,28573,7399,5574,11808,3793,33471,10507,7388,12917,2658,18568,5809,4189,7218,1351,6035,2074,1505,2092,365,483,194,129,133,27,361,143,73,119,25
,,Indígena,291,166,53,70,2,29,17,8,3,1,88,39,11,38,-,77,54,12,10,1,79,47,23,10,-,9,9,-,-,-,1,-,-,1,-,-,-,-,-,-
,10 a 17 anos,Total,5819,950,4252,617,-,946,150,692,104,-,1843,408,1287,148,-,1877,201,1456,220,-,858,138,606,114,-,231,29,171,31,-,7,-,7,-,-,-,-,-,-,-
,,Branca,3684,542,2713,429,-,635,87,481,68,-,1196,266,839,90,-,1197,113,892,192,-,476,52,365,60,-,133,-,114,19,-,-,-,-,-,-,-,-,-,-,-
,,Preta,177,43,134,-,-,17,-,17,-,-,26,8,18,-,-,77,5,73,-,-,50,23,27,-,-,8,8,-,-,-,-,-,-,-,-,-,-,-,-,-
,,Amarela,-,-,-,-,-,-,-,-,-,-,-,-,-,-,-,-,-,-,-,-,-,-,-,-,-,-,-,-,-,-,-,-,-,-,-,-,-,-,-,-
,,Parda,1940,354,1397,189,-,294,63,194,37,-,604,124,422,58,-,602,83,491,27,-,332,63,214,54,-,90,21,57,13,-,7,-,7,-,-,-,-,-,-,-
,,Indígena,18,10,8,-,-,-,-,-,-,-,18,10,8,-,-,-,-,-,-,-,-,-,-,-,-,-,-,-,-,-,-,-,-,-,-,-,-,-,-,-
,18 a 64 anos,Total,343941,72691,57163,145309,68777,42571,6468,5514,17385,13204,107237,18715,15855,46128,26539,112781,26388,20044,48139,18209,58766,14736,11007,25181,7842,17420,4831,3758,6640,2191,1777,615,305,597,260,1119,345,226,375,172
,,Branca,234967,41599,35061,101484,56823,32363,4139,3694,13141,11388,75840,10925,10091,32807,22017,75525,15015,12170,33424,14915,37312,8104,6442,16650,6115,10528,2501,2100,4182,1745,1226,414,184,421,207,691,187,117,240,147
,,Preta,14039,3874,2677,5820,1668,1210,271,136,554,248,3599,910,661,1522,506,4672,1266,1013,1891,502,3245,1002,582,1356,305,1011,310,222,398,81,84,17,-,41,26,74,23,36,16,-
,,Amarela,821,38,84,180,519,84,23,8,16,38,363,-,33,84,246,207,6,12,37,152,143,9,32,32,71,-,-,-,-,-,-,-,-,-,-,-,-,-,-,-
,,Parda,93841,27025,19296,37755,9765,8885,2018,1668,3671,1528,27366,6852,5067,11677,3770,32299,10047,6837,12776,2639,17988,5575,3928,7134,1351,5871,2010,1436,2060,365,467,185,121,133,27,353,135,73,119,25
,,Indígena,273,156,45,70,2,29,17,8,3,1,70,29,3,38,-,77,54,12,10,1,79,47,23,10,-,9,9,-,-,-,1,-,-,1,-,-,-,-,-,-
,65 anos ou mais,Total,7760,4104,905,1392,1360,1251,522,106,335,288,2428,1155,299,404,570,2239,1324,309,332,274,1302,773,149,228,152,368,222,37,65,44,9,9,-,-,-,57,8,-,27,22
,,Branca,5646,2703,600,1065,1277,998,348,78,292,279,1691,677,188,312,515,1531,855,220,200,254,999,568,92,188,152,289,180,19,46,44,-,-,-,-,-,49,-,-,27,22
,,Preta,318,192,72,28,25,13,13,-,-,-,114,55,27,7,25,131,91,29,11,-,55,34,12,10,-,5,-,5,-,-,-,-,-,-,-,-,-,-,-,-
,,Amarela,39,11,1,20,7,11,11,-,-,-,19,-,-,12,7,8,-,-,8,-,-,-,-,-,-,1,-,1,-,-,-,-,-,-,-,-,-,-,-,-
,,Parda,1758,1198,231,279,50,230,151,28,43,8,604,423,85,73,22,569,377,59,113,19,248,171,46,30,-,73,42,12,19,-,9,9,-,-,-,8,8,-,-,-
,,Indígena,-,-,-,-,-,-,-,-,-,-,-,-,-,-,-,-,-,-,-,-,-,-,-,-,-,-,-,-,-,-,-,-,-,-,-,-,-,-,-,-
Florianópolis,Total,Total,528703,68629,77267,222594,160212,50409,6005,6841,21364,16199,138557,15136,19481,57769,46172,183334,25107,27511,77049,53668,109145,14598,16337,46900,31309,37401,6408,5969,15809,9215,2696,554,352,1068,722,1083,200,181,271,431
,,Branca,390491,43773,50577,160453,135688,39552,4159,4986,16533,13873,106414,10373,13231,43040,39771,134500,15693,17618,55357,45832,77511,8807,10031,32552,26122,25229,3850,3872,10438,7069,1940,316,261,776,588,846,130,135,188,392
,,Preta,39145,7266,7820,17789,6270,2475,474,398,1106,497,8973,1403,1826,4136,1608,13634,2744,2863,6079,1949,9613,1625,1982,4547,1458,3736,889,622,1641,584,157,55,10,36,55,90,25,21,21,23
,,Amarela,1708,76,75,580,978,94,-,-,73,21,472,21,-,149,301,609,44,21,184,360,396,11,43,141,202,137,-,11,33,93,-,-,-,-,-,-,-,-,-,-
,,Parda,96252,17330,18558,43341,17023,8134,1329,1424,3592,1790,22291,3252,4328,10305,4406,34311,6587,6943,15319,5462,21420,4141,4244,9569,3467,8243,1667,1464,3667,1445,593,182,76,256,79,147,44,24,62,16
,,Indígena,1107,185,238,432,253,154,43,32,60,18,407,86,96,139,86,280,40,65,110,65,204,16,37,91,60,56,1,1,30,23,5,-,5,-,-,-,-,-,-,-
,10 a 17 anos,Total,6584,1239,4969,376,-,995,178,792,25,-,2096,445,1462,189,-,1994,347,1537,110,-,1157,201,911,46,-,319,56,257,6,-,-,-,-,-,-,12,12,-,-,-
,,Branca,4686,844,3574,268,-,733,110,602,21,-,1529,335,1067,127,-,1434,195,1157,82,-,729,136,559,35,-,238,56,179,3,-,-,-,-,-,-,12,12,-,-,-
,,Preta,513,141,352,20,-,111,46,65,-,-,135,23,91,20,-,154,58,96,-,-,110,13,97,-,-,2,-,2,-,-,-,-,-,-,-,-,-,-,-,-
,,Amarela,-,-,-,-,-,-,-,-,-,-,-,-,-,-,-,-,-,-,-,-,-,-,-,-,-,-,-,-,-,-,-,-,-,-,-,-,-,-,-,-
,,Parda,1380,254,1038,88,-,150,22,125,3,-,432,87,304,41,-,400,94,278,28,-,318,51,255,12,-,79,-,76,3,-,-,-,-,-,-,-,-,-,-,-
,,Indígena,5,-,5,-,-,-,-,-,-,-,-,-,-,-,-,5,-,5,-,-,-,-,-,-,-,-,-,-,-,-,-,-,-,-,-,-,-,-,-,-
,18 a 64 anos,Total,511722,64390,70926,219669,156737,48257,5395,5994,21026,15842,133650,14024,17545,56842,45239,178216,23994,25623,76148,52451,106082,13701,15186,46440,30754,36141,6027,5500,15616,8998,2610,548,352,1039,670,959,177,170,253,358
,,Branca,377041,40549,45884,158000,132608,37791,3693,4329,16253,13516,102460,9523,11797,42231,38909,130283,14851,16141,54520,44772,75353,8158,9293,32228,25673,24295,3547,3534,10322,6892,1877,311,261,747,558,722,108,125,170,319
,,Preta,38143,6904,7394,17649,6195,2314,387,333,1097,497,8712,1327,1695,4105,1585,13459,2675,2767,6068,1949,9369,1540,1884,4487,1458,3618,845,587,1631,555,135,55,10,36,33,90,25,21,21,23
,,Amarela,1658,75,64,569,951,94,-,-,73,21,462,21,-,149,291,579,43,21,173,342,396,11,43,141,202,126,-,-,33,93,-,-,-,-,-,-,-,-,-,-
,,Parda,93803,16692,17361,43020,16730,7904,1272,1299,3543,1790,21634,3083,3967,10217,4368,33620,6385,6635,15277,5323,20759,3977,3929,9493,3360,8047,1634,1378,3600,1435,593,182,76,256,79,147,44,24,62,16
,,Indígena,1076,169,222,432,253,154,43,32,60,18,382,70,86,139,86,275,40,60,110,65,204,16,37,91,60,56,1,1,30,23,5,-,5,-,-,-,-,-,-,-
,65 anos ou mais,Total,10397,3001,1371,2550,3475,1157,432,55,313,357,2810,666,474,738,932,3124,766,350,791,1217,1906,697,240,413,555,941,325,212,187,216,86,5,-,29,52,112,11,10,18,73
,,Branca,8764,2380,1119,2186,3080,1027,357,55,258,357,2425,515,367,681,862,2783,647,320,756,1061,1429,512,179,289,449,696,247,159,113,177,64,5,-,29,30,112,11,10,18,73
,,Preta,489,221,73,120,75,50,41,-,9,-,126,53,40,10,23,20,10,-,10,-,134,72,1,60,-,117,44,33,10,30,22,-,-,-,22,-,-,-,-,-
,,Amarela,50,1,11,11,28,-,-,-,-,-,10,-,-,-,10,30,1,-,11,18,-,-,-,-,-,11,-,11,-,-,-,-,-,-,-,-,-,-,-,-
,,Parda,1068,384,158,234,293,80,35,-,45,-,224,82,58,46,38,291,107,31,14,139,343,113,60,64,106,118,34,11,64,10,-,-,-,-,-,-,-,-,-,-
,,Indígena,26,16,10,-,-,-,-,-,-,-,26,16,10,-,-,-,-,-,-,-,-,-,-,-,-,-,-,-,-,-,-,-,-,-,-,-,-,-,-,-
Criciúma,Total,Total,402509,77249,74848,159529,90883,65546,10266,11016,26018,18246,161506,28835,29301,65847,37524,124579,27060,24501,48173,24845,37429,7903,7392,14179,7954,9383,2288,1860,3695,1540,1087,323,227,336,202,1094,223,231,475,164
,,Branca,331319,59089,57171,132136,82922,56830,8389,8958,22527,16955,134897,22430,22659,55198,34610,100240,20331,18324,39275,22310,28735,5602,5176,10948,7010,7170,1596,1367,2877,1330,923,261,213,278,170,922,161,203,410,147
,,Preta,20672,5152,4910,7904,2705,2046,470,425,740,411,7544,1688,1862,3045,949,7592,2000,1795,2839,958,2639,711,596,1033,299,717,223,209,209,78,39,23,3,3,11,46,28,15,3,-
,,Amarela,215,28,48,75,64,-,-,-,-,-,78,12,23,21,22,114,10,15,47,42,19,5,10,3,-,4,-,-,4,-,-,-,-,-,-,-,-,-,-,-
,,Parda,49965,12884,12618,19296,5167,6571,1363,1629,2707,871,18886,4688,4722,7549,1926,16512,4684,4320,5974,1535,6025,1584,1600,2195,646,1484,470,277,605,132,125,39,11,55,20,126,34,13,62,18
,,Indígena,339,95,101,117,25,99,43,3,44,9,101,17,34,34,16,121,35,47,39,-,11,1,10,-,-,7,-,7,-,-,-,-,-,-,-,-,-,-,-,-
,10 a 17 anos,Total,9058,2104,6610,345,-,1592,356,1188,47,-,3917,877,2905,135,-,2646,688,1847,111,-,752,155,558,39,-,129,22,100,7,-,-,-,-,-,-,-,-,-,-,-
,,Branca,6908,1578,5084,245,-,1317,266,1006,45,-,3067,665,2326,76,-,1929,531,1304,94,-,479,93,363,23,-,100,17,75,7,-,-,-,-,-,-,-,-,-,-,-
,,Preta,594,156,397,41,-,51,26,24,-,-,248,59,168,21,-,219,40,171,8,-,65,30,24,11,-,11,-,11,-,-,-,-,-,-,-,-,-,-,-,-
,,Amarela,-,-,-,-,-,-,-,-,-,-,-,-,-,-,-,-,-,-,-,-,-,-,-,-,-,-,-,-,-,-,-,-,-,-,-,-,-,-,-,-
,,Parda,1542,369,1113,59,-,225,63,158,3,-,602,153,411,38,-,483,116,358,9,-,208,32,171,5,-,19,4,14,-,-,-,-,-,-,-,-,-,-,-,-
,,Indígena,15,-,15,-,-,-,-,-,-,-,-,-,-,-,-,15,-,15,-,-,-,-,-,-,-,-,-,-,-,-,-,-,-,-,-,-,-,-,-,-
,18 a 64 anos,Total,385698,71493,66998,157805,89402,62462,9257,9562,25670,17973,154308,26433,25878,65080,36917,119829,25316,22332,47719,24461,36138,7457,6764,14108,7810,9056,2205,1718,3646,1486,1045,306,223,319,197,1091,220,231,475,164
,,Branca,317532,54426,50994,130600,81512,54146,7571,7707,22186,16682,128840,20397,19880,54518,34044,96527,18926,16759,38891,21950,27823,5320,4744,10893,6866,6902,1542,1251,2828,1280,881,245,209,261,166,918,157,203,410,147
,,Preta,19777,4799,4465,7815,2697,1958,415,397,736,411,7199,1574,1668,3013,945,7264,1903,1607,2796,958,2522,629,572,1022,299,699,219,198,209,74,39,23,3,3,11,46,28,15,3,-
,,Amarela,204,28,48,75,53,-,-,-,-,-,68,12,23,21,12,114,10,15,47,42,19,5,10,3,-,4,-,-,4,-,-,-,-,-,-,-,-,-,-,-
,,Parda,47867,12152,11404,19197,5115,6265,1235,1455,2704,871,18100,4434,4272,7493,1901,15818,4442,3919,5946,1510,5763,1501,1427,2190,646,1444,444,262,605,132,125,39,11,55,20,126,34,13,62,18
,,Indígena,317,89,86,117,25,92,36,3,44,9,101,17,34,34,16,106,35,32,39,-,11,1,10,-,-,7,-,7,-,-,-,-,-,-,-,-,-,-,-,-
,65 anos ou mais,Total,7753,3652,1241,1380,1481,1492,653,265,300,273,3281,1524,518,631,607,2104,1055,322,343,384,538,291,71,32,144,198,61,41,42,54,42,16,4,17,5,4,4,-,-,-
,,Branca,6879,3085,1092,1291,1410,1368,552,245,297,273,2990,1367,453,603,567,1784,873,261,290,360,434,189,69,32,144,169,36,41,42,50,42,16,4,17,5,4,4,-,-,-
,,Preta,301,196,48,48,8,37,29,4,3,-,96,55,27,10,4,109,57,17,34,-,52,52,-,-,-,8,4,-,-,4,-,-,-,-,-,-,-,-,-,-
,,Amarela,10,-,-,-,10,-,-,-,-,-,10,-,-,-,10,-,-,-,-,-,-,-,-,-,-,-,-,-,-,-,-,-,-,-,-,-,-,-,-,-
,,Parda,556,363,100,40,53,80,65,16,-,-,184,102,39,18,25,211,125,43,19,24,53,51,2,-,-,21,21,-,-,-,-,-,-,-,-,-,-,-,-,-
,,Indígena,7,7,-,-,-,7,7,-,-,-,-,-,-,-,-,-,-,-,-,-,-,-,-,-,-,-,-,-,-,-,-,-,-,-,-,-,-,-,-,-
Lages,Total,Total,140154,29145,25346,53601,32062,21322,3010,3117,7820,7375,52517,8912,8783,20821,14001,43462,10655,9123,16795,6889,16153,4458,2943,6037,2715,4371,1435,892,1290,753,654,226,104,220,105,552,139,146,182,85
,,Branca,93614,14874,14818,37374,26549,16076,1727,2058,5859,6432,36796,4828,5372,15004,11592,27166,5301,5137,11253,5475,9585,2006,1457,3985,2137,2568,666,530,733,639,418,99,63,154,102,329,64,84,126,55
,,Preta,6361,2080,1516,2088,677,550,141,126,167,116,2009,521,473,731,284,2462,924,608,736,194,1056,392,259,334,71,218,82,43,92,2,15,13,-,2,-,15,2,-,2,11
,,Amarela,204,6,20,99,79,45,2,3,18,21,90,-,13,40,36,53,2,4,35,12,6,2,-,4,-,9,-,-,-,9,-,-,-,-,-,1,-,-,1,-
,,Parda,39848,12179,8988,13942,4738,4644,1135,925,1777,806,13609,3561,2924,5035,2089,13711,4428,3374,4710,1199,5490,2058,1228,1697,507,1566,687,320,466,93,221,114,41,63,3,208,73,62,53,20
,,Indígena,127,5,4,99,19,7,4,4,-,-,13,2,-,11,-,70,-,-,60,10,16,-,-,16,-,9,-,-,-,9,-,-,-,-,-,-,-,-,-,-
,10 a 17 anos,Total,3158,872,2149,137,-,553,164,384,5,-,1249,276,907,66,-,968,299,618,51,-,309,99,194,16,-,45,11,34,-,-,-,-,-,-,-,-,-,-,-,-
,,Branca,1718,384,1235,99,-,306,61,245,-,-,736,120,572,44,-,524,151,334,39,-,106,19,70,16,-,25,11,13,-,-,-,-,-,-,-,-,-,-,-,-
,,Preta,135,53,80,3,-,29,17,9,3,-,37,-,37,-,-,60,36,24,-,-,10,-,10,-,-,-,-,-,-,-,-,-,-,-,-,-,-,-,-,-
,,Amarela,9,-,9,-,-,-,-,-,-,-,9,-,9,-,-,-,-,-,-,-,-,-,-,-,-,-,-,-,-,-,-,-,-,-,-,-,-,-,-,-
,,Parda,1296,435,825,36,-,219,87,130,2,-,467,157,289,22,-,384,113,260,12,-,193,80,114,-,-,20,-,20,-,-,-,-,-,-,-,-,-,-,-,-
,,Indígena,-,-,-,-,-,-,-,-,-,-,-,-,-,-,-,-,-,-,-,-,-,-,-,-,-,-,-,-,-,-,-,-,-,-,-,-,-,-,-,-
,18 a 64 anos,Total,133559,26302,22818,53012,31427,20128,2555,2656,7737,7181,49950,7932,7701,20578,13739,41628,9783,8418,16629,6798,15443,4103,2722,5973,2646,4181,1328,848,1260,744,629,211,104,220,94,552,139,146,182,85
,,Branca,89433,13273,13296,36885,25979,15270,1474,1766,5787,6243,34976,4170,4667,14782,11358,26149,4918,4730,11117,5384,9231,1833,1363,3945,2091,2460,599,506,716,639,397,89,63,154,91,329,64,84,126,55
,,Preta,6069,1891,1425,2077,677,515,118,117,164,116,1959,508,436,731,284,2276,782,573,728,194,1045,391,249,334,71,217,81,43,92,2,11,8,-,2,-,15,2,-,2,11
,,Amarela,184,4,12,99,69,45,2,3,18,21,81,-,5,40,36,51,-,4,35,12,6,2,-,4,-,-,-,-,-,-,-,-,-,-,-,1,-,-,1,-
,,Parda,37745,11129,8082,13853,4682,4291,957,765,1768,800,12920,3252,2593,5013,2062,13082,4084,3111,4689,1199,5145,1877,1110,1673,484,1494,648,299,453,93,221,114,41,63,3,208,73,62,53,20
,,Indígena,127,5,4,99,19,7,4,4,-,-,13,2,-,11,-,70,-,-,60,10,16,-,-,16,-,9,-,-,-,9,-,-,-,-,-,-,-,-,-,-
,65 anos ou mais,Total,3438,1970,380,452,635,641,290,77,79,195,1318,704,175,177,262,866,572,87,115,91,401,257,27,48,69,145,96,10,30,9,25,14,-,-,10,-,-,-,-,-
,,Branca,2463,1217,287,390,570,500,193,47,72,189,1083,539,133,177,234,493,233,72,97,91,248,154,23,25,46,83,56,10,17,-,20,10,-,-,10,-,-,-,-,-
,,Preta,157,136,12,9,-,6,6,-,-,-,13,13,-,-,-,126,106,12,9,-,1,1,-,-,-,1,1,-,-,-,5,5,-,-,-,-,-,-,-,-
,,Amarela,11,2,-,-,9,-,-,-,-,-,-,-,-,-,-,2,2,-,-,-,-,-,-,-,-,9,-,-,-,9,-,-,-,-,-,-,-,-,-,-
,,Parda,807,615,81,54,57,135,92,30,7,6,222,152,42,-,28,244,231,3,10,-,152,101,4,24,23,51,39,-,13,-,-,-,-,-,-,-,-,-,-,-
,,Indígena,-,-,-,-,-,-,-,-,-,-,-,-,-,-,-,-,-,-,-,-,-,-,-,-,-,-,-,-,-,-,-,-,-,-,-,-,-,-,-,-
Chapecó,Total,Total,494944,90649,87667,193172,123456,97081,12831,13952,37646,32652,202930,33066,34502,82816,52547,132531,29868,26335,50622,25706,44403,10413,8917,16284,8788,13057,3385,2907,4075,2690,1020,164,229,386,242,1251,338,241,382,290
,,Branca,359760,53889,55223,143471,107177,78646,8805,10155,30629,29056,151258,20601,22438,62337,45882,90213,16777,15612,36092,21732,27997,5283,4903,10475,7335,8056,1680,1464,2645,2266,664,93,115,253,203,982,252,168,320,243
,,Preta,19137,6129,4655,6564,1789,2102,516,459,755,372,6390,1856,1602,2294,638,6783,2365,1660,2247,510,2732,909,635,1027,161,901,430,221,175,75,59,8,11,24,17,44,8,24,13,-
,,Amarela,396,51,53,140,153,35,-,-,14,21,192,24,28,83,56,83,13,10,22,38,59,14,10,-,35,28,-,5,20,3,-,-,-,-,-,-,-,-,-,-
,,Parda,113185,29883,26979,42225,14097,16049,3456,3297,6141,3154,44537,10456,10294,17922,5865,34835,10540,8844,12076,3375,13025,4011,3182,4600,1232,3683,1154,1048,1144,338,251,43,93,92,22,217,74,48,47,47
,,Indígena,2467,698,758,772,240,249,53,40,106,50,553,128,140,180,105,618,173,209,185,51,590,197,186,181,26,389,121,169,91,8,46,19,10,17,-,7,4,1,2,-
,10 a 17 anos,Total,12958,2940,9526,492,-,2587,766,1729,92,-,5813,1191,4416,205,-,3331,741,2462,127,-,1006,185,778,43,-,183,43,125,15,-,1,1,-,-,-,3,-,3,-,-
,,Branca,9001,1987,6640,375,-,1971,574,1310,86,-,3940,786,3013,141,-,2308,484,1727,98,-,630,119,483,28,-,116,12,91,13,-,-,-,-,-,-,3,-,3,-,-
,,Preta,279,113,158,8,-,63,21,42,-,-,92,45,42,4,-,99,34,60,4,-,25,12,14,-,-,-,-,-,-,-,-,-,-,-,-,-,-,-,-,-
,,Amarela,-,-,-,-,-,-,-,-,-,-,-,-,-,-,-,-,-,-,-,-,-,-,-,-,-,-,-,-,-,-,-,-,-,-,-,-,-,-,-,-
,,Parda,3649,830,2713,106,-,552,170,376,6,-,1770,355,1354,60,-,916,219,671,26,-,347,54,278,14,-,65,31,34,-,-,-,-,-,-,-,-,-,-,-,-
,,Indígena,29,11,16,2,-,1,-,1,-,-,12,5,7,-,-,9,4,5,-,-,4,1,3,-,-,2,-,-,2,-,1,1,-,-,-,-,-,-,-,-
,18 a 64 anos,Total,472485,82415,77042,190982,122045,92049,10933,11860,37038,32218,193629,30068,29741,81923,51897,126801,27576,23629,50136,25459,42661,9725,8075,16130,8732,12635,3149,2755,4059,2672,1005,153,225,386,242,1195,313,222,370,290
,,Branca,342762,47724,47648,141520,105869,74492,7268,8500,30061,28663,144339,18410,19112,61564,45253,85931,15036,13727,35656,21512,26857,4857,4361,10346,7293,7754,1517,1358,2632,2247,651,83,112,253,203,930,230,149,307,243
,,Preta,18680,5889,4475,6549,1767,2012,476,417,755,364,6245,1777,1548,2285,635,6631,2301,1588,2242,500,2677,867,622,1027,161,886,415,221,175,75,59,8,11,24,17,44,8,24,13,-
,,Amarela,385,51,53,140,142,35,-,-,14,21,192,24,28,83,56,72,13,10,22,27,59,14,10,-,35,28,-,5,20,3,-,-,-,-,-,-,-,-,-,-
,,Parda,108230,28072,24127,42004,14027,15262,3135,2904,6101,3121,42313,9735,8919,17811,5848,33557,10057,8100,12031,3369,12484,3792,2899,4575,1217,3583,1098,1004,1144,338,251,43,93,92,22,213,71,48,47,47
,,Indígena,2429,680,740,769,240,248,53,39,106,50,539,121,133,180,105,610,169,205,185,51,584,194,183,181,26,384,120,167,89,8,45,18,10,17,-,7,4,1,2,-
,65 anos ou mais,Total,9502,5294,1099,1698,1411,2446,1133,363,516,434,3489,1806,344,688,650,2400,1550,243,359,247,735,503,64,112,57,239,193,27,-,18,13,10,4,-,-,52,25,15,12,-
,,Branca,7997,4178,935,1576,1308,2183,963,345,482,394,2979,1405,312,632,629,1974,1257,158,338,220,509,307,59,101,42,186,152,15,-,18,13,10,4,-,-,49,21,15,12,-
,,Preta,178,127,22,7,22,27,19,-,-,8,53,33,11,5,4,53,30,11,2,10,30,30,-,-,-,15,15,-,-,-,-,-,-,-,-,-,-,-,-,-
,,Amarela,11,-,-,-,11,-,-,-,-,-,-,-,-,-,-,11,-,-,-,11,-,-,-,-,-,-,-,-,-,-,-,-,-,-,-,-,-,-,-,-
,,Parda,1307,982,140,115,70,235,151,18,34,32,454,366,21,51,17,362,263,74,19,6,194,164,5,11,15,35,26,10,-,-,-,-,-,-,-,3,3,-,-,-
,,Indígena,9,7,2,-,-,-,-,-,-,-,2,2,-,-,-,-,-,-,-,-,2,2,-,-,-,3,1,2,-,-,-,-,-,-,-,-,-,-,-,-
Caçador,Total,Total,92854,20634,18149,34202,19869,14443,1984,2201,5525,4733,37613,6961,6749,14414,9489,28012,7594,6085,10104,4228,9749,2856,2362,3316,1215,2396,950,618,682,146,199,83,46,35,34,97,41,16,40,-
,,Branca,61333,10758,10632,23398,16546,10693,1161,1439,4071,4022,26191,3900,4128,10204,7958,17555,3880,3566,6606,3502,5352,1336,1102,2019,895,1134,340,306,377,111,114,36,32,11,34,78,38,-,40,-
,,Preta,2750,976,611,863,301,247,40,71,85,52,918,344,141,312,120,1061,381,270,324,86,398,140,114,112,33,92,51,7,24,10,-,-,-,-,-,-,-,-,-,-
,,Amarela,98,13,35,12,37,19,-,10,-,9,31,13,7,-,11,33,-,19,12,3,14,-,-,-,14,-,-,-,-,-,-,-,-,-,-,-,-,-,-,-
,,Parda,28572,8838,6833,9917,2985,3483,783,682,1369,650,10451,2693,2463,3895,1399,9344,3314,2231,3162,637,3986,1381,1146,1185,274,1111,538,277,271,25,85,47,14,24,-,19,3,16,-,-
,,Indígena,100,49,38,12,-,-,-,-,-,-,22,10,10,3,-,19,19,-,-,-,-,-,-,-,-,58,20,29,10,-,-,-,-,-,-,-,-,-,-,-
,10 a 17 anos,Total,2009,513,1419,77,-,277,39,227,11,-,829,172,615,42,-,733,246,462,24,-,118,38,79,-,-,50,17,33,-,-,-,-,-,-,-,2,-,2,-,-
,,Branca,1258,287,917,54,-,215,17,187,11,-,460,95,346,19,-,504,147,333,24,-,71,21,51,-,-,7,7,-,-,-,-,-,-,-,-,-,-,-,-,-
,,Preta,13,5,8,-,-,-,-,-,-,-,11,3,8,-,-,-,-,-,-,-,2,2,-,-,-,-,-,-,-,-,-,-,-,-,-,-,-,-,-,-
,,Amarela,-,-,-,-,-,-,-,-,-,-,-,-,-,-,-,-,-,-,-,-,-,-,-,-,-,-,-,-,-,-,-,-,-,-,-,-,-,-,-,-
,,Parda,719,221,474,23,-,62,23,40,-,-,358,74,261,23,-,229,100,129,-,-,44,15,29,-,-,24,10,14,-,-,-,-,-,-,-,2,-,2,-,-
,,Indígena,19,-,19,-,-,-,-,-,-,-,-,-,-,-,-,-,-,-,-,-,-,-,-,-,-,19,-,19,-,-,-,-,-,-,-,-,-,-,-,-
,18 a 64 anos,Total,89047,19224,16494,33743,19587,13769,1829,1949,5351,4640,36086,6456,6037,14225,9369,26786,7040,5537,10042,4167,9473,2709,2254,3301,1209,2323,913,585,682,144,188,78,46,30,34,95,41,14,40,-
,,Branca,58607,9763,9540,22986,16318,10130,1048,1235,3916,3932,25163,3542,3708,10044,7869,16657,3488,3169,6544,3456,5167,1238,1031,2004,895,1107,315,306,377,109,103,31,32,6,34,78,38,-,40,-
,,Preta,2695,958,594,863,280,238,40,62,85,52,873,329,133,312,99,1061,381,270,324,86,395,137,114,112,33,92,51,7,24,10,-,-,-,-,-,-,-,-,-,-
,,Amarela,98,13,35,12,37,19,-,10,-,9,31,13,7,-,11,33,-,19,12,3,14,-,-,-,14,-,-,-,-,-,-,-,-,-,-,-,-,-,-,-
,,Parda,27567,8440,6306,9869,2952,3382,742,642,1351,647,9996,2562,2180,3865,1389,9015,3152,2080,3162,622,3896,1334,1109,1185,268,1084,525,263,271,25,85,47,14,24,-,17,3,14,-,-
,,Indígena,81,49,19,12,-,-,-,-,-,-,22,10,10,3,-,19,19,-,-,-,-,-,-,-,-,39,20,10,10,-,-,-,-,-,-,-,-,-,-,-
,65 anos ou mais,Total,1798,897,236,382,282,396,115,26,163,93,697,334,96,147,120,493,308,85,38,62,159,109,29,16,6,23,20,-,-,2,11,5,-,5,-,-,-,-,-,-
,,Branca,1468,708,175,358,228,348,96,16,145,90,568,263,74,141,89,394,245,64,38,47,113,78,20,16,-,20,17,-,-,2,11,5,-,5,-,-,-,-,-,-
,,Preta,42,13,9,-,21,9,-,9,-,-,33,13,-,-,21,-,-,-,-,-,-,-,-,-,-,-,-,-,-,-,-,-,-,-,-,-,-,-,-,-
,,Amarela,-,-,-,-,-,-,-,-,-,-,-,-,-,-,-,-,-,-,-,-,-,-,-,-,-,-,-,-,-,-,-,-,-,-,-,-,-,-,-,-
,,Parda,287,177,52,24,34,39,19,-,18,3,96,58,22,6,10,99,63,22,-,15,46,31,9,-,6,3,3,-,-,-,-,-,-,-,-,-,-,-,-,-
,,Indígena,-,-,-,-,-,-,-,-,-,-,-,-,-,-,-,-,-,-,-,-,-,-,-,-,-,-,-,-,-,-,-,-,-,-,-,-,-,-,-,-
Joinville,Total,Total,611475,84489,102093,278822,146071,70895,8277,10906,30755,20957,193233,23195,30161,86265,53612,207763,30136,35838,95340,46449,101342,15911,18143,49737,17552,30893,5675,5711,13815,5693,1477,425,211,413,428,1037,196,263,366,212
,,Branca,450521,53795,68325,202969,125432,56144,5743,7907,24211,18283,147602,15317,20400,65327,46559,150390,18978,24110,67318,39983,70629,9657,11710,34864,14398,20273,3280,3306,9024,4663,1013,229,146,278,361,753,153,175,261,164
,,Preta,26113,5002,5070,12260,3782,1909,349,296,747,517,6844,1155,1394,3005,1290,9032,1755,1830,4500,947,5974,1198,1180,2914,682,2035,490,274,1033,238,112,47,16,6,42,26,-,26,-,-
,,Amarela,1137,54,56,449,579,187,9,5,65,108,410,32,23,170,186,272,10,10,77,175,177,3,18,89,66,70,-,-,27,43,-,-,-,-,-,-,-,-,-,-
,,Parda,132973,25519,28528,62780,16145,12507,2141,2675,5670,2021,38215,6665,8318,17715,5517,47782,9357,9837,23251,5337,24473,5039,5222,11837,2375,8470,1895,2130,3704,741,352,149,49,129,24,258,44,62,105,47
,,Indígena,732,119,114,364,133,147,35,23,61,27,161,26,26,48,61,288,36,51,194,7,90,13,13,33,30,46,10,1,27,8,-,-,-,-,-,-,-,-,-,-
,10 a 17 anos,Total,11284,1907,8666,711,-,1188,302,848,38,-,3543,630,2655,257,-,3735,507,3004,225,-,1951,303,1519,129,-,773,130,581,62,-,32,-,32,-,-,-,-,-,-,-
,,Branca,7684,1311,5855,518,-,931,238,667,26,-,2427,455,1798,175,-,2540,295,2064,181,-,1282,203,984,96,-,473,106,326,41,-,16,-,16,-,-,-,-,-,-,-
,,Preta,283,56,227,-,-,26,21,6,-,-,60,28,33,-,-,42,4,38,-,-,138,3,135,-,-,-,-,-,-,-,16,-,16,-,-,-,-,-,-,-
,,Amarela,8,-,8,-,-,-,-,-,-,-,1,-,1,-,-,-,-,-,-,-,6,-,6,-,-,-,-,-,-,-,-,-,-,-,-,-,-,-,-,-
,,Parda,3298,533,2572,193,-,220,37,172,11,-,1053,147,823,83,-,1153,207,902,44,-,524,98,393,33,-,300,23,255,22,-,-,-,-,-,-,-,-,-,-,-
,,Indígena,12,8,4,-,-,10,6,4,-,-,1,1,-,-,-,-,-,-,-,-,-,-,-,-,-,1,1,-,-,-,-,-,-,-,-,-,-,-,-,-
,18 a 64 anos,Total,588749,77863,91693,275619,143574,67797,7258,9795,30264,20480,186251,21234,27085,85207,52725,200688,28189,32236,94409,45854,97728,14792,16335,49316,17285,29464,5262,5022,13602,5578,1387,425,172,408,381,932,162,252,361,157
,,Branca,433421,49030,60976,200291,123124,53607,5029,6979,23792,17806,142337,13885,18249,64465,45738,145102,17610,21545,66518,39430,67973,8812,10482,34526,14153,19273,2992,2897,8832,4552,939,229,123,273,315,686,124,164,256,143
,,Preta,25550,4749,4796,12228,3777,1827,272,291,747,517,6663,1044,1340,2994,1285,8948,1709,1792,4500,947,5800,1184,1042,2892,682,2009,485,252,1033,238,96,47,-,6,42,26,-,26,-,-
,,Amarela,1109,54,48,429,579,187,9,5,65,108,389,32,21,150,186,272,10,10,77,175,170,3,11,89,66,70,-,-,27,43,-,-,-,-,-,-,-,-,-,-
,,Parda,127977,23919,25768,62307,15983,12039,1920,2501,5598,2021,36701,6249,7448,17550,5454,46082,8824,8842,23121,5295,23716,4780,4787,11774,2375,8068,1776,1872,3682,737,352,149,49,129,24,220,38,62,105,15
,,Indígena,693,111,106,364,112,136,29,19,61,27,160,25,26,48,61,284,36,46,194,7,68,13,13,33,9,45,9,1,27,8,-,-,-,-,-,-,-,-,-,-
,65 anos ou mais,Total,11441,4719,1734,2492,2497,1909,717,263,453,476,3440,1330,421,801,888,3340,1440,598,706,595,1664,815,290,292,267,656,282,108,151,115,58,-,7,5,46,104,34,11,5,54
,,Branca,9416,3454,1495,2159,2308,1605,476,260,392,476,2838,977,353,688,821,2747,1073,501,620,554,1373,642,244,241,245,528,183,83,151,111,58,-,7,5,46,66,29,11,5,22
,,Preta,281,197,46,33,5,56,56,-,-,-,121,83,21,11,5,42,42,-,-,-,36,12,3,21,-,27,5,22,-,-,-,-,-,-,-,-,-,-,-,-
,,Amarela,20,-,-,20,-,-,-,-,-,-,20,-,-,20,-,-,-,-,-,-,-,-,-,-,-,-,-,-,-,-,-,-,-,-,-,-,-,-,-,-
,,Parda,1698,1068,188,280,162,248,184,3,61,-,461,270,47,82,62,547,326,93,86,42,233,161,42,29,-,102,95,3,-,4,-,-,-,-,-,38,5,-,-,33
,,Indígena,26,-,4,-,22,-,-,-,-,-,-,-,-,-,-,4,-,4,-,-,22,-,-,-,22,-,-,-,-,-,-,-,-,-,-,-,-,-,-,-
Blumenau,Total,Total,923659,155667,179192,383829,204969,127937,19223,24070,52444,32199,339209,52491,63787,143558,79374,311673,56497,63811,129784,61581,110414,20504,20579,44882,24449,25462,5349,5313,9506,5295,1818,335,316,649,519,1727,247,329,681,470
,,Branca,682405,104108,121848,280319,176131,101853,14133,17777,41191,28751,256291,36472,44549,106700,68571,221570,36412,41575,91684,51899,77495,12441,13294,31166,20595,18153,3388,3466,6732,4567,1374,199,231,488,457,1375,195,313,501,366
,,Preta,45198,9353,10283,19965,5598,4421,783,1111,1907,620,15046,3026,3230,6897,1893,17026,3433,4079,7487,2027,6842,1656,1444,2919,824,1523,380,356,648,139,68,30,13,18,7,71,5,-,25,41
,,Amarela,1869,135,232,618,883,227,17,26,93,90,648,39,52,265,292,725,52,115,207,351,206,27,29,42,108,31,-,10,11,10,-,-,-,-,-,10,-,-,-,10
,,Parda,192441,41739,46386,82118,22199,21145,4234,5084,9126,2702,66762,12883,15877,29434,8568,71749,16497,17848,30151,7253,25583,6317,5731,10633,2903,5667,1542,1478,2071,577,377,106,72,143,55,270,47,16,155,53
,,Indígena,1746,332,443,810,160,291,56,72,127,36,463,71,80,262,50,602,103,193,254,52,288,63,82,123,20,89,39,3,45,2,-,-,-,-,-,-,-,-,-,-
,10 a 17 anos,Total,19906,3842,15090,975,-,2894,601,2183,111,-,7989,1625,6010,353,-,6274,1130,4740,404,-,2169,405,1657,107,-,468,49,419,-,-,48,-,48,-,-,11,-,11,-,-
,,Branca,14331,2654,10998,679,-,2242,451,1709,82,-,5966,1150,4535,281,-,4293,806,3235,251,-,1432,210,1159,64,-,332,27,304,-,-,22,-,22,-,-,11,-,11,-,-
,,Preta,792,175,584,33,-,82,20,62,-,-,200,51,135,14,-,338,33,291,15,-,132,61,65,5,-,31,-,31,-,-,-,-,-,-,-,-,-,-,-,-
,,Amarela,52,7,34,11,-,18,7,11,-,-,11,-,11,-,-,11,-,-,11,-,12,-,12,-,-,-,-,-,-,-,-,-,-,-,-,-,-,-,-,-
,,Parda,4693,998,3446,249,-,546,117,400,29,-,1794,424,1311,59,-,1624,291,1209,123,-,588,133,416,38,-,106,22,84,-,-,26,-,26,-,-,-,-,-,-,-
,,Indígena,39,7,29,4,-,7,6,1,-,-,18,-,18,-,-,10,-,6,4,-,5,1,4,-,-,-,-,-,-,-,-,-,-,-,-,-,-,-,-,-
,18 a 64 anos,Total,886019,144203,161602,378907,201307,122279,17483,21439,51741,31615,324467,48053,56917,141627,77871,300238,52988,58347,128326,60577,106111,19177,18608,44274,24052,24450,5108,4835,9344,5163,1673,300,237,627,509,1643,210,295,671,467
,,Branca,652547,95128,108592,276155,172672,97058,12676,15625,40568,28189,244335,33015,39209,104998,67114,212955,33729,37722,90509,50995,74225,11437,11895,30680,20213,17339,3198,3102,6593,4446,1265,164,177,477,447,1296,159,278,496,363
,,Preta,43991,8949,9615,19863,5564,4300,750,1049,1881,620,14761,2936,3061,6871,1893,16500,3254,3776,7462,2008,6636,1574,1340,2913,809,1469,370,326,634,139,68,30,13,18,7,66,5,-,20,41
,,Amarela,1776,124,199,599,854,209,10,16,93,90,637,39,41,265,292,673,48,115,188,322,194,27,17,42,108,31,-,10,11,10,-,-,-,-,-,10,-,-,-,10
,,Parda,185999,39677,42783,81483,22057,20427,3997,4678,9072,2680,64290,11992,14544,29232,8522,69517,15853,16546,29917,7200,24773,6077,5277,10516,2903,5523,1501,1395,2062,566,341,106,47,133,55,270,47,16,155,53
,,Indígena,1706,325,415,807,160,284,50,71,127,36,444,70,62,262,50,592,103,187,250,52,283,62,78,123,20,89,39,3,45,2,-,-,-,-,-,-,-,-,-,-
,65 anos ou mais,Total,17734,7623,2500,3948,3663,2764,1140,449,592,584,6753,2814,860,1577,1503,5161,2379,724,1054,1005,2134,922,315,500,397,545,192,60,162,131,97,35,31,21,10,73,36,23,10,3
,,Branca,15527,6325,2258,3484,3459,2553,1006,443,541,562,5990,2307,805,1421,1457,4322,1877,617,924,904,1838,794,240,422,382,482,164,60,139,120,87,35,31,11,10,68,36,23,5,3
,,Preta,414,228,84,68,33,38,12,-,26,-,84,39,33,12,-,189,146,13,11,19,74,21,38,-,15,23,9,-,14,-,-,-,-,-,-,5,-,-,5,-
,,Amarela,42,4,-,9,29,-,-,-,-,-,-,-,-,-,-,42,4,-,9,29,-,-,-,-,-,-,-,-,-,-,-,-,-,-,-,-,-,-,-,-
,,Parda,1750,1064,158,386,142,173,121,6,25,21,678,467,22,144,46,609,352,93,110,53,222,106,37,79,-,39,19,-,9,11,10,-,-,10,-,-,-,-,-,-
,,Indígena,1,1,-,-,-,-,-,-,-,-,1,1,-,-,-,-,-,-,-,-,-,-,-,-,-,-,-,-,-,-,-,-,-,-,-,-,-,-,-,-
Porto Alegre,Total,Total,1843339,328152,334781,764489,415916,168600,27892,29794,70299,40615,485284,80821,82514,201565,120384,573539,107842,105671,232126,127901,413199,70161,74471,177765,90803,174282,34671,37283,72462,29866,9483,2823,1981,3102,1577,3300,796,606,1155,744
,,Branca,1412285,224492,234474,589135,364184,140498,21120,23515,59223,36640,395740,60178,62956,165321,107285,440812,73871,74781,179585,112575,297376,44021,47074,128071,78210,116386,20732,22555,49144,23955,6517,1697,1359,2114,1347,2687,578,417,1036,656
,,Preta,171834,38503,40208,73538,19585,8104,2115,1621,3368,999,29637,6153,6321,12819,4344,50807,12307,11973,20593,5934,52711,10907,12283,24140,5382,27409,6020,7354,11477,2558,1408,555,233,491,129,241,78,97,66,-
,,Amarela,1796,146,218,481,951,217,50,45,54,68,528,21,48,103,356,564,21,58,185,300,342,33,43,99,168,136,21,25,41,49,-,-,-,-,-,10,-,-,-,10
,,Parda,254469,64006,59279,100543,30641,19681,4573,4566,7634,2908,58786,14308,13041,23134,8304,80297,21388,18626,31405,8879,61991,14831,14960,25331,6869,30026,7754,7289,11733,3250,1555,570,389,496,100,340,118,90,53,78
,,Indígena,2912,1005,591,771,545,100,33,47,20,-,572,161,137,189,85,1039,254,234,337,213,778,369,111,124,173,326,144,60,66,55,2,1,1,-,-,23,22,1,-,-
,10 a 17 anos,Total,30748,7149,22393,1206,-,3909,1102,2674,133,-,9785,2190,7228,368,-,9415,2223,6899,292,-,5337,1036,3976,325,-,1995,401,1506,88,-,76,41,35,-,-,35,34,1,-,-
,,Branca,22441,4598,16827,1016,-,3037,771,2163,103,-,7581,1563,5692,326,-,6750,1313,5195,241,-,3609,674,2657,278,-,1293,182,1043,68,-,46,18,28,-,-,32,32,-,-,-
,,Preta,2184,698,1439,48,-,161,77,66,18,-,513,133,380,-,-,790,302,471,17,-,513,88,412,13,-,165,64,102,-,-,8,-,8,-,-,1,1,-,-,-
,,Amarela,10,10,-,-,-,-,-,-,-,-,-,-,-,-,-,-,-,-,-,-,-,-,-,-,-,10,10,-,-,-,-,-,-,-,-,-,-,-,-,-
,,Parda,6088,1819,4126,142,-,711,253,445,13,-,1676,478,1157,41,-,1868,602,1233,34,-,1213,272,907,34,-,527,145,361,20,-,22,22,-,-,-,-,-,-,-,-
,,Indígena,26,25,1,-,-,-,-,-,-,-,16,16,-,-,-,7,7,-,-,-,1,1,-,-,-,-,-,-,-,-,-,-,-,-,-,2,1,1,-,-
,18 a 64 anos,Total,1756314,301236,303715,749834,401530,158314,24516,26119,68724,38955,461218,73878,73386,197781,116173,547238,99407,96274,228079,123478,396332,65497,68664,174199,87972,167172,32087,34690,71301,29094,9025,2586,1865,3059,1515,3068,695,574,1118,681
,,Branca,1343631,204975,211187,576645,350824,131748,18406,20491,57829,35022,375800,54780,55830,161917,103273,420425,67993,67850,176140,108443,284811,40818,43122,125214,75658,111453,19124,20732,48219,23378,6167,1535,1256,2090,1286,2468,489,387,999,593
,,Preta,164812,35633,37552,72494,19133,7728,1908,1543,3278,999,28303,5705,5701,12659,4238,48291,11220,11008,20277,5787,50940,10234,11624,23772,5311,26534,5644,7034,11406,2450,1343,522,220,473,129,240,77,97,66,-
,,Amarela,1761,119,210,481,951,217,50,45,54,68,528,21,48,103,356,555,21,49,185,300,325,15,43,99,168,126,11,25,41,49,-,-,-,-,-,10,-,-,-,10
,,Parda,243381,59632,54183,99423,30142,18522,4119,3994,7543,2866,56031,13226,11660,22914,8232,77012,19965,17152,31121,8774,59509,14091,13765,24990,6663,28783,7199,6839,11569,3176,1513,528,389,496,100,329,108,90,53,78
,,Indígena,2688,877,571,770,470,100,33,47,20,-,536,145,137,189,64,933,208,215,336,174,748,339,111,124,173,276,109,60,66,40,2,1,1,-,-,21,21,-,-,-
,65 anos ou mais,Total,56276,19767,8674,13449,14386,6376,2274,1000,1442,1660,14281,4753,1899,3416,4211,16886,6212,2498,3754,4422,11530,3628,1830,3241,2831,5116,2183,1088,1073,772,382,197,80,43,62,198,67,30,37,63
,,Branca,46213,14919,6459,11475,13360,5713,1943,861,1291,1618,12359,3834,1435,3077,4012,13637,4565,1736,3205,4132,8956,2529,1295,2579,2553,3640,1426,781,857,577,305,143,75,24,62,188,57,30,37,63
,,Preta,4838,2172,1217,997,452,215,130,13,72,-,821,315,240,160,106,1726,786,494,299,147,1258,584,247,355,71,709,313,218,71,107,57,33,5,19,-,-,-,-,-,-
,,Amarela,26,17,9,-,-,-,-,-,-,-,-,-,-,-,-,9,-,9,-,-,17,17,-,-,-,-,-,-,-,-,-,-,-,-,-,-,-,-,-,-
,,Parda,5001,2555,970,977,499,447,201,127,78,42,1080,604,224,179,72,1417,821,241,250,105,1270,468,288,307,207,716,409,89,145,74,20,20,-,-,-,10,10,-,-,-
,,Indígena,199,104,19,1,75,-,-,-,-,-,21,-,-,-,21,99,40,19,1,39,29,29,-,-,-,50,35,-,-,15,-,-,-,-,-,-,-,-,-,-
Pelotas,Total,Total,339332,75222,56202,126447,81461,35404,6151,5619,12957,10677,105920,18334,15905,41027,30654,116052,27483,20697,43641,24232,55348,15147,9076,20358,10767,20684,6003,3894,6625,4162,2173,752,380,573,468,1290,404,235,465,185
,,Branca,253216,49872,38956,94661,69726,28600,4524,4282,10406,9388,83225,12837,11714,31725,26948,84186,17987,13836,32218,20145,38294,9448,5860,14119,8867,14627,3710,2548,4840,3530,1617,486,310,399,422,871,263,156,313,139
,,Preta,39741,11688,7437,15100,5516,2638,673,537,899,529,9694,2329,1787,3876,1702,15154,4510,2892,5844,1908,8374,2683,1492,3265,935,3178,1191,607,997,384,259,143,14,81,21,212,48,61,73,30
,,Amarela,240,49,13,76,101,18,-,-,8,10,56,-,11,29,17,113,25,2,29,56,48,20,-,10,18,5,5,-,-,-,-,-,-,-,-,-,-,-,-,-
,,Parda,45914,13519,9726,16569,6101,4142,954,800,1638,749,12887,3151,2374,5385,1978,16523,4930,3935,5536,2123,8584,2965,1720,2958,941,2851,1084,730,788,248,298,124,56,93,25,207,93,19,78,16
,,Indígena,221,93,70,41,16,6,-,-,6,-,58,17,20,12,9,75,31,32,13,-,48,31,4,6,7,24,14,9,-,-,-,-,-,-,-,-,-,-,-,-
,10 a 17 anos,Total,4391,1165,3085,141,-,498,108,380,11,-,1554,348,1138,67,-,1559,489,1020,51,-,546,137,397,13,-,162,49,114,-,-,41,16,25,-,-,19,8,11,-,-
,,Branca,2873,664,2113,96,-,351,69,282,-,-,1080,253,770,56,-,1019,257,722,40,-,265,34,231,-,-,102,28,75,-,-,26,4,22,-,-,19,8,11,-,-
,,Preta,511,137,354,20,-,75,15,60,-,-,123,23,100,-,-,166,63,96,7,-,112,22,78,13,-,22,2,20,-,-,12,12,-,-,-,-,-,-,-,-
,,Amarela,-,-,-,-,-,-,-,-,-,-,-,-,-,-,-,-,-,-,-,-,-,-,-,-,-,-,-,-,-,-,-,-,-,-,-,-,-,-,-,-
,,Parda,1005,362,618,25,-,72,24,37,11,-,351,72,268,11,-,374,169,202,3,-,167,78,89,-,-,38,19,19,-,-,4,-,4,-,-,-,-,-,-,-
,,Indígena,3,3,-,-,-,-,-,-,-,-,-,-,-,-,-,-,-,-,-,-,3,3,-,-,-,-,-,-,-,-,-,-,-,-,-,-,-,-,-,-
,18 a 64 anos,Total,322695,68319,51722,124127,78527,33539,5569,5009,12637,10325,100288,16283,14319,40176,29510,110605,25002,19255,42983,23365,53143,14108,8508,20076,10451,19679,5574,3690,6438,3977,2023,673,344,573,433,1216,342,224,465,185
,,Branca,240693,45053,35785,92786,67069,27116,4091,3802,10127,9096,78790,11281,10606,31007,25896,80151,16288,12805,31712,19346,36824,8821,5510,13898,8596,13898,3426,2403,4713,3357,1485,421,277,399,387,818,221,144,313,139
,,Preta,38096,10928,6915,14900,5353,2490,631,464,896,499,9287,2163,1647,3815,1662,14621,4234,2749,5774,1865,8022,2540,1368,3219,896,3053,1128,576,977,372,244,128,14,81,21,202,38,61,73,30
,,Amarela,230,40,13,76,101,18,-,-,8,10,56,-,11,29,17,113,25,2,29,56,38,10,-,10,18,5,5,-,-,-,-,-,-,-,-,-,-,-,-,-
,,Parda,43470,12207,8952,16324,5988,3910,847,744,1601,719,12110,2822,2049,5313,1926,15645,4425,3668,5455,2097,8213,2708,1627,2944,934,2699,1001,701,748,248,294,124,53,93,25,196,83,19,78,16
,,Indígena,206,91,57,41,16,6,-,-,6,-,45,17,7,12,9,75,31,32,13,-,45,29,4,6,7,24,14,9,-,-,-,-,-,-,-,-,-,-,-,-
,65 anos ou mais,Total,12246,5738,1395,2180,2933,1367,475,230,310,353,4078,1703,448,783,1144,3888,1992,421,607,867,1658,902,171,269,316,843,381,90,188,185,109,64,11,-,35,54,54,-,-,-
,,Branca,9651,4156,1058,1780,2657,1133,363,198,279,293,3355,1303,338,662,1053,3017,1443,309,466,799,1204,592,120,221,271,627,256,70,128,173,107,61,11,-,35,34,34,-,-,-
,,Preta,1134,623,168,180,163,74,28,13,3,30,283,143,40,60,40,367,213,48,63,43,240,121,46,33,39,103,60,10,20,12,3,3,-,-,-,10,10,-,-,-
,,Amarela,9,9,-,-,-,-,-,-,-,-,-,-,-,-,-,-,-,-,-,-,9,9,-,-,-,-,-,-,-,-,-,-,-,-,-,-,-,-,-,-
,,Parda,1439,950,156,220,113,160,83,19,27,30,427,257,58,61,52,504,336,65,78,25,205,179,4,15,6,113,64,10,40,-,-,-,-,-,-,11,11,-,-,-
,,Indígena,13,-,13,-,-,-,-,-,-,-,13,-,13,-,-,-,-,-,-,-,-,-,-,-,-,-,-,-,-,-,-,-,-,-,-,-,-,-,-,-
Santa Maria,Total,Total,260965,50566,44074,101481,64844,36792,4692,4857,14739,12504,90731,13291,13395,37079,26966,82669,19132,15685,32147,15705,34911,9038,7245,12498,6130,11113,3052,2176,3463,2422,1484,508,188,418,370,1068,291,164,321,291
,,Branca,201600,33164,30873,79957,57606,30696,3549,3808,12130,11209,73151,9158,9843,30097,24053,61540,11990,10602,25043,13906,24353,5533,4758,8826,5236,8029,1991,1321,2555,2162,1166,318,157,346,346,859,229,143,223,264
,,Preta,20033,5854,4398,7585,2196,1889,440,254,866,329,5668,1213,1245,2382,828,7275,2403,1720,2548,604,3687,1189,818,1349,331,1186,458,275,363,90,118,59,16,36,7,53,10,15,23,4
,,Amarela,222,19,21,96,86,66,-,-,22,44,116,16,9,48,43,30,3,12,15,-,11,-,-,11,-,-,-,-,-,-,-,-,-,-,-,-,-,-,-,-
,,Parda,38871,11467,8728,13752,4923,4112,700,796,1695,922,11736,2897,2283,4536,2020,13730,4705,3328,4502,1195,6831,2306,1660,2302,563,1888,599,575,544,170,185,126,16,36,7,157,52,6,75,23
,,Indígena,240,62,54,92,32,30,4,-,26,-,61,7,15,17,22,95,32,24,39,-,29,10,10,9,-,9,4,5,-,-,15,5,-,-,10,-,-,-,-,-
,10 a 17 anos,Total,3792,828,2860,104,-,505,72,424,9,-,1364,284,1052,28,-,1290,340,913,37,-,496,98,369,28,-,103,14,87,2,-,4,4,-,-,-,-,-,-,-,-
,,Branca,2772,509,2174,89,-,406,45,357,4,-,1039,225,796,18,-,907,183,687,37,-,359,28,303,28,-,47,14,31,2,-,4,4,-,-,-,-,-,-,-,-
,,Preta,287,72,215,-,-,10,7,3,-,-,103,1,102,-,-,127,50,77,-,-,15,14,1,-,-,31,-,31,-,-,-,-,-,-,-,-,-,-,-,-
,,Amarela,-,-,-,-,-,-,-,-,-,-,-,-,-,-,-,-,-,-,-,-,-,-,-,-,-,-,-,-,-,-,-,-,-,-,-,-,-,-,-,-
,,Parda,733,247,471,15,-,88,19,64,5,-,221,59,154,9,-,256,107,149,-,-,122,57,65,-,-,25,-,25,-,-,-,-,-,-,-,-,-,-,-,-
,,Indígena,-,-,-,-,-,-,-,-,-,-,-,-,-,-,-,-,-,-,-,-,-,-,-,-,-,-,-,-,-,-,-,-,-,-,-,-,-,-,-,-
,18 a 64 anos,Total,248704,45819,40287,99674,62924,34880,4063,4286,14399,12133,86627,11959,12045,36397,26225,78909,17510,14502,31678,15220,33176,8267,6715,12265,5930,10641,2855,2038,3420,2327,1409,444,188,418,360,1031,254,164,321,291
,,Branca,191687,29674,27945,78323,55745,29064,3051,3323,11836,10853,69720,8122,8789,29480,23329,58630,10904,9681,24596,13448,23031,5007,4356,8632,5036,7658,1826,1252,2513,2067,1100,263,157,346,335,821,192,143,223,264
,,Preta,19357,5495,4171,7508,2183,1794,372,249,845,329,5457,1138,1142,2349,828,7001,2252,1632,2526,592,3632,1134,817,1349,331,1144,447,244,363,90,118,59,16,36,7,53,10,15,23,4
,,Amarela,209,15,21,86,86,66,-,-,22,44,103,13,9,39,43,30,3,12,15,-,11,-,-,11,-,-,-,-,-,-,-,-,-,-,-,-,-,-,-,-
,,Parda,37254,10577,8116,13674,4887,3927,636,714,1670,906,11296,2679,2090,4513,2014,13163,4319,3163,4502,1180,6493,2116,1542,2272,563,1832,581,537,544,170,176,117,16,36,7,157,52,6,75,23
,,Indígena,197,58,35,82,22,30,4,-,26,-,50,7,15,17,12,86,32,14,39,-,10,10,-,-,-,5,-,5,-,-,15,5,-,-,10,-,-,-,-,-
,65 anos ou mais,Total,8469,3919,927,1703,1920,1407,557,147,332,371,2741,1048,298,655,741,2470,1283,270,432,485,1240,673,161,205,200,370,183,51,41,95,71,60,-,-,11,38,38,-,-,-
,,Branca,7141,2981,754,1545,1861,1226,452,127,291,355,2392,811,258,599,724,2003,903,233,410,457,963,499,98,165,200,324,151,38,41,95,62,51,-,-,11,38,38,-,-,-
,,Preta,389,287,13,77,12,85,61,2,22,-,107,74,-,33,-,147,101,11,22,12,40,40,-,-,-,11,11,-,-,-,-,-,-,-,-,-,-,-,-,-
,,Amarela,13,4,-,9,-,-,-,-,-,-,13,4,-,9,-,-,-,-,-,-,-,-,-,-,-,-,-,-,-,-,-,-,-,-,-,-,-,-,-,-
,,Parda,883,643,141,63,36,97,44,18,19,16,219,159,40,14,6,311,279,17,-,15,217,134,53,30,-,31,18,14,-,-,9,9,-,-,-,-,-,-,-,-
,,Indígena,43,4,19,9,10,-,-,-,-,-,10,-,-,-,10,9,-,9,-,-,19,-,10,9,-,4,4,-,-,-,-,-,-,-,-,-,-,-,-,-
Uruguaiana,Total,Total,155435,32519,28968,61246,32702,19553,2609,2739,8004,6202,58406,8799,8873,25033,15701,50279,12080,11104,20157,6937,16943,5644,3943,5106,2250,6564,2344,1398,1708,1114,1191,527,294,264,107,982,217,225,363,177
,,Branca,109789,19520,18736,44221,27312,15132,1782,1756,6221,5374,42875,5549,5788,18500,13038,33594,6737,7076,14051,5731,11328,3482,2638,3314,1895,4492,1396,903,1284,909,722,290,168,177,87,576,107,145,196,128
,,Preta,12024,3587,2762,4370,1306,994,230,247,391,125,3678,845,679,1462,692,4729,1409,1201,1753,365,1730,687,451,535,57,513,256,101,103,53,152,57,50,46,-,102,21,19,59,3
,,Amarela,78,12,3,16,48,20,3,3,14,-,58,9,-,1,48,-,-,-,-,-,-,-,-,-,-,-,-,-,-,-,-,-,-,-,-,-,-,-,-,-
,,Parda,33413,9328,7443,12617,4025,3406,593,734,1377,703,11759,2360,2407,5069,1924,11922,3912,2815,4353,841,3851,1461,854,1250,286,1548,692,383,321,153,317,180,76,41,20,289,89,61,93,46
,,Indígena,130,73,23,23,11,-,-,-,-,-,36,36,-,-,-,34,22,12,-,-,33,14,-,8,11,11,-,11,-,-,-,-,-,-,-,15,-,-,15,-
,10 a 17 anos,Total,2294,584,1584,127,-,321,73,235,13,-,694,225,445,24,-,918,190,650,78,-,277,67,198,12,-,72,16,57,-,-,2,2,-,-,-,-,-,-,-,-
,,Branca,1601,329,1178,95,-,247,52,182,13,-,439,127,301,10,-,638,80,499,60,-,232,53,167,12,-,45,16,29,-,-,-,-,-,-,-,-,-,-,-,-
,,Preta,238,113,116,9,-,14,-,14,-,-,85,46,40,-,-,89,43,37,9,-,39,14,25,-,-,-,-,-,-,-,-,-,-,-,-,-,-,-,-,-
,,Amarela,-,-,-,-,-,-,-,-,-,-,-,-,-,-,-,-,-,-,-,-,-,-,-,-,-,-,-,-,-,-,-,-,-,-,-,-,-,-,-,-
,,Parda,455,142,290,23,-,60,21,39,-,-,169,52,104,13,-,191,67,114,10,-,6,-,6,-,-,27,-,27,-,-,2,2,-,-,-,-,-,-,-,-
,,Indígena,-,-,-,-,-,-,-,-,-,-,-,-,-,-,-,-,-,-,-,-,-,-,-,-,-,-,-,-,-,-,-,-,-,-,-,-,-,-,-,-
,18 a 64 anos,Total,146841,28981,26537,59805,31517,18465,2247,2434,7786,5997,55668,7873,8177,24447,15171,47333,10770,10165,19728,6670,15910,5130,3636,5009,2135,6010,2053,1235,1653,1068,1113,468,294,254,97,950,211,225,348,167
,,Branca,103507,17305,16896,43064,26241,14199,1508,1508,6014,5169,40911,5019,5293,18021,12578,31508,5924,6347,13744,5492,10537,3142,2387,3225,1783,4124,1209,807,1246,862,668,255,168,168,76,561,107,145,181,128
,,Preta,11360,3208,2597,4287,1268,956,216,233,381,125,3485,734,627,1452,673,4509,1287,1154,1721,346,1636,633,410,535,57,445,210,90,92,53,137,42,50,46,-,102,21,19,59,3
,,Amarela,69,3,3,16,48,20,3,3,14,-,49,-,-,1,48,-,-,-,-,-,-,-,-,-,-,-,-,-,-,-,-,-,-,-,-,-,-,-,-,-
,,Parda,31793,8411,7017,12415,3950,3290,520,691,1377,703,11205,2102,2258,4973,1872,11283,3537,2652,4263,832,3703,1341,839,1241,284,1429,634,327,316,153,308,171,76,41,20,272,82,61,93,35
,,Indígena,112,55,23,23,11,-,-,-,-,-,18,18,-,-,-,34,22,12,-,-,33,14,-,8,11,11,-,11,-,-,-,-,-,-,-,15,-,-,15,-
,65 anos ou mais,Total,6300,2955,847,1314,1184,767,288,70,204,205,2044,700,251,563,530,2028,1121,289,351,267,756,447,109,86,114,482,275,105,55,47,76,56,-,9,10,32,7,-,15,10
,,Branca,4682,1886,662,1062,1072,687,221,66,194,205,1525,403,193,469,460,1449,733,230,247,238,559,287,84,77,112,323,172,66,39,47,55,35,-,9,10,15,-,-,15,-
,,Preta,427,266,49,74,38,24,14,-,10,-,107,65,13,11,19,131,79,10,23,19,54,39,15,-,-,68,46,11,11,-,15,15,-,-,-,-,-,-,-,-
,,Amarela,9,9,-,-,-,-,-,-,-,-,9,9,-,-,-,-,-,-,-,-,-,-,-,-,-,-,-,-,-,-,-,-,-,-,-,-,-,-,-,-
,,Parda,1164,775,136,179,75,56,53,4,-,-,385,206,45,83,52,448,308,49,81,10,142,121,10,9,3,91,57,29,5,-,6,6,-,-,-,17,7,-,-,10
,,Indígena,18,18,-,-,-,-,-,-,-,-,18,18,-,-,-,-,-,-,-,-,-,-,-,-,-,-,-,-,-,-,-,-,-,-,-,-,-,-,-,-
Ijuí,Total,Total,276123,53378,48971,108546,65228,56552,7163,7162,22927,19300,117173,19466,19696,48993,29018,72865,18999,15973,26859,11035,20198,5112,4209,6752,4125,5681,1527,1225,1866,1063,973,233,174,284,282,973,317,182,260,213
,,Branca,214984,35346,34693,86547,58397,47503,5191,5446,19345,17521,92583,13094,14404,39241,25844,53485,12345,10732,20606,9802,14669,3058,2834,5067,3711,3957,888,782,1357,930,712,147,109,200,255,667,182,107,211,166
,,Preta,7037,2435,1687,2264,650,1020,312,155,382,171,2659,863,653,931,213,2373,938,555,683,197,708,234,250,188,36,186,64,44,43,34,22,20,-,2,-,38,4,30,4,-
,,Amarela,158,45,21,57,35,44,4,1,27,13,53,12,19,11,11,18,13,-,1,4,39,17,-,14,8,3,-,-,3,-,-,-,-,-,-,-,-,-,-,-
,,Parda,52293,15045,12035,19195,6019,7862,1647,1533,3117,1565,21594,5436,4560,8696,2902,16561,5570,4527,5451,1013,4409,1670,1010,1367,363,1185,438,264,387,96,195,52,41,79,23,235,115,31,42,47
,,Indígena,1651,506,534,484,126,122,9,26,56,30,285,62,60,114,49,429,132,159,118,19,373,134,115,116,8,350,137,135,75,3,45,14,25,2,4,33,15,15,3,-
,10 a 17 anos,Total,5068,1204,3737,128,-,749,208,529,12,-,2230,439,1735,56,-,1624,445,1140,39,-,318,67,245,6,-,113,41,57,15,-,5,1,4,-,-,15,2,13,-,-
,,Branca,3657,758,2816,84,-,587,153,429,5,-,1685,287,1357,40,-,1075,276,781,18,-,191,21,165,6,-,89,20,54,15,-,3,-,3,-,-,13,-,13,-,-
,,Preta,139,79,54,6,-,29,22,7,-,-,41,23,17,-,-,60,25,29,6,-,4,4,-,-,-,5,5,-,-,-,-,-,-,-,-,-,-,-,-,-
,,Amarela,-,-,-,-,-,-,-,-,-,-,-,-,-,-,-,-,-,-,-,-,-,-,-,-,-,-,-,-,-,-,-,-,-,-,-,-,-,-,-,-
,,Parda,1238,350,850,38,-,133,33,93,7,-,494,121,356,16,-,480,142,323,15,-,118,41,77,-,-,13,13,-,-,-,1,-,1,-,-,-,-,-,-,-
,,Indígena,34,17,17,-,-,-,-,-,-,-,11,8,3,-,-,8,1,7,-,-,5,1,4,-,-,6,3,3,-,-,1,1,-,-,-,2,2,-,-,-
,18 a 64 anos,Total,263526,48204,44405,107245,63672,53958,6257,6395,22541,18764,111980,17447,17657,48482,28394,69333,17403,14591,26582,10757,19365,4723,3929,6655,4057,5429,1401,1160,1851,1018,949,216,171,281,282,936,296,167,260,213
,,Branca,205047,31663,31153,85356,56875,45255,4466,4808,18974,17007,88394,11603,12789,38779,25223,50916,11281,9733,20371,9531,14078,2823,2638,4972,3645,3754,805,722,1342,885,696,135,106,200,255,643,174,92,211,166
,,Preta,6724,2203,1624,2249,648,974,276,145,382,171,2580,800,635,931,213,2211,827,520,668,197,692,220,250,188,34,181,59,44,43,34,19,17,-,2,-,38,4,30,4,-
,,Amarela,148,43,18,53,35,44,4,1,27,13,46,12,16,8,11,18,13,-,1,4,36,14,-,14,8,3,-,-,3,-,-,-,-,-,-,-,-,-,-,-
,,Parda,50003,13820,11093,19103,5987,7563,1502,1415,3103,1543,20687,4978,4160,8650,2898,15774,5157,4186,5424,1007,4194,1537,930,1364,363,1153,409,262,387,96,190,52,40,76,23,225,105,31,42,47
,,Indígena,1602,475,517,484,126,122,9,26,56,30,273,54,56,114,49,414,124,152,118,19,365,130,111,116,8,339,128,132,75,3,44,13,25,2,4,31,13,15,3,-
,65 anos ou mais,Total,7529,3970,829,1174,1556,1845,698,238,373,536,2963,1580,305,454,625,1909,1151,242,238,277,515,322,34,91,68,138,85,8,-,45,19,16,-,3,-,22,19,2,-,-
,,Branca,6279,2925,724,1108,1522,1662,571,210,366,514,2504,1204,258,422,621,1493,787,218,217,271,400,214,31,89,66,114,63,6,-,45,13,13,-,-,-,11,8,2,-,-
,,Preta,174,154,10,8,2,17,14,3,-,-,39,39,-,-,-,102,86,7,8,-,13,10,-,-,2,-,-,-,-,-,3,3,-,-,-,-,-,-,-,-
,,Amarela,10,3,3,4,-,-,-,-,-,-,7,-,3,4,-,-,-,-,-,-,3,3,-,-,-,-,-,-,-,-,-,-,-,-,-,-,-,-,-,-
,,Parda,1052,874,92,54,31,166,112,25,7,22,413,337,44,29,4,307,270,18,13,6,97,92,3,2,-,19,17,2,-,-,3,-,-,3,-,11,11,-,-,-
,,Indígena,15,15,-,-,-,-,-,-,-,-,-,-,-,-,-,7,7,-,-,-,3,3,-,-,-,5,5,-,-,-,-,-,-,-,-,-,-,-,-,-
Passo Fundo,Total,Total,482353,97192,86346,183580,115236,92204,12450,12467,36112,31175,189121,33618,31901,74018,49584,134031,33626,27113,50284,23009,43870,11103,9731,15368,7669,17220,4877,3875,5682,2786,1887,531,383,626,346,1481,362,420,478,221
,,Branca,376030,64545,61424,146383,103679,78353,9285,9552,30620,28895,151315,23164,23585,60091,44476,98797,21636,18409,38627,20125,31529,6718,6472,11583,6757,11690,2757,2508,3932,2492,1295,332,225,416,321,1179,256,351,365,208
,,Preta,16918,5933,3638,5661,1686,1842,483,356,745,258,5905,2028,1140,2061,676,6097,2224,1478,1829,565,2057,767,455,707,127,766,310,189,230,37,92,28,19,33,12,72,37,1,24,10
,,Amarela,144,29,23,65,27,30,6,3,8,12,38,6,3,15,14,35,11,12,12,-,20,2,-,17,1,20,3,5,13,-,-,-,-,-,-,-,-,-,-,-
,,Parda,86602,25846,20480,30646,9632,11631,2586,2490,4615,1940,31308,8247,7067,11647,4347,28509,9540,7002,9676,2291,9881,3492,2680,2931,777,4241,1653,1004,1355,230,313,111,73,115,13,197,63,50,82,3
,,Indígena,2636,840,781,814,201,348,90,66,123,69,533,173,107,193,60,594,215,211,140,27,383,124,123,129,7,503,154,169,152,27,186,60,65,61,-,32,6,18,8,-
,10 a 17 anos,Total,11441,2592,8423,426,-,1915,472,1373,70,-,4921,1042,3715,164,-,3433,774,2495,164,-,919,210,680,29,-,195,71,123,-,-,9,8,1,-,-,15,12,3,-,-
,,Branca,8353,1783,6223,346,-,1570,368,1149,53,-,3623,754,2721,147,-,2369,484,1768,117,-,607,112,467,29,-,144,46,97,-,-,8,8,-,-,-,13,11,2,-,-
,,Preta,352,105,241,6,-,18,5,12,-,-,148,45,101,2,-,151,42,106,3,-,34,13,22,-,-,-,-,-,-,-,-,-,-,-,-,-,-,-,-,-
,,Amarela,2,-,2,-,-,-,-,-,-,-,-,-,-,-,-,2,-,2,-,-,-,-,-,-,-,-,-,-,-,-,-,-,-,-,-,-,-,-,-,-
,,Parda,2705,691,1943,72,-,326,98,211,17,-,1143,240,892,11,-,902,244,615,43,-,274,84,190,-,-,48,24,24,-,-,-,-,-,-,-,1,1,-,-,-
,,Indígena,29,12,15,2,-,1,1,-,-,-,8,3,2,2,-,9,4,5,-,-,3,1,2,-,-,3,1,2,-,-,1,-,1,-,-,1,-,1,-,-
,18 a 64 anos,Total,456636,87466,76211,180429,112530,87235,10808,10749,35291,30388,178715,29968,27582,72852,48313,126917,30672,24184,49446,22614,41567,10060,8839,15185,7482,16672,4643,3701,5593,2735,1819,492,362,619,346,1365,311,371,472,212
,,Branca,355644,57125,53814,143581,101123,74016,7918,8093,29853,28153,142946,20268,20365,59056,43257,93497,19509,16310,37919,19760,29823,5971,5846,11422,6584,11284,2594,2383,3857,2451,1244,300,213,410,321,1086,226,303,359,199
,,Preta,16119,5524,3327,5616,1653,1766,451,337,731,247,5590,1863,1024,2046,658,5814,2090,1346,1816,561,1963,717,411,707,127,761,309,189,227,37,92,28,19,33,12,58,23,1,24,10
,,Amarela,139,26,21,65,27,27,3,3,8,12,38,6,3,15,14,34,11,11,12,-,20,2,-,17,1,20,3,5,13,-,-,-,-,-,-,-,-,-,-,-
,,Parda,82106,23965,18282,30345,9515,11079,2348,2250,4575,1906,29594,7660,6086,11534,4314,26989,8853,6312,9560,2265,9381,3247,2461,2909,763,4105,1585,957,1344,220,298,105,65,115,13,190,56,50,82,3
,,Indígena,2605,826,766,812,201,347,89,66,123,69,525,170,105,191,60,583,209,206,140,27,380,123,121,129,7,500,153,167,152,27,185,60,64,61,-,31,6,17,8,-
,65 anos ou mais,Total,14277,7135,1711,2725,2706,3054,1170,345,752,787,5485,2608,604,1002,1271,3682,2179,433,674,395,1385,833,211,154,187,354,163,51,89,51,59,32,20,7,-,101,39,46,6,9
,,Branca,12034,5636,1386,2455,2556,2766,999,310,715,742,4747,2141,499,888,1219,2931,1643,331,591,365,1099,635,159,132,173,262,117,28,75,41,44,25,12,7,-,80,19,46,6,9
,,Preta,447,303,70,40,33,58,27,6,14,11,166,120,15,13,19,132,92,26,10,4,60,37,23,-,-,4,1,-,3,-,-,-,-,-,-,14,14,-,-,-
,,Amarela,3,3,-,-,-,3,3,-,-,-,-,-,-,-,-,-,-,-,-,-,-,-,-,-,-,-,-,-,-,-,-,-,-,-,-,-,-,-,-,-
,,Parda,1791,1190,254,229,117,226,141,29,23,34,572,347,90,101,34,617,443,76,73,26,225,161,29,22,14,88,44,23,11,10,15,7,8,-,-,6,6,-,-,-
,,Indígena,2,2,-,-,-,-,-,-,-,-,-,-,-,-,-,2,2,-,-,-,-,-,-,-,-,-,-,-,-,-,-,-,-,-,-,-,-,-,-,-
Caxias do Sul,Total,Total,539290,94124,102802,223427,118937,74095,11438,11835,29597,21224,188705,28812,32521,79721,47651,176951,34380,35812,72664,34094,74488,13818,16783,32202,11684,19271,4484,4590,7215,2982,1183,337,250,382,214,776,175,220,198,184
,,Branca,420581,65272,71649,176306,107353,62734,8896,9064,24992,19783,153130,21010,23571,64825,43724,133600,23416,24248,55948,29989,52517,8200,10857,23413,10048,13756,2777,2981,5382,2616,982,256,197,321,209,639,145,195,135,165
,,Preta,25340,6090,6492,10267,2490,2251,522,538,887,304,7364,1596,1909,2938,921,9137,2358,2443,3576,759,4994,1224,1147,2283,340,1466,368,403,556,138,28,17,12,-,-,41,-,-,22,19
,,Amarela,327,5,48,155,119,40,2,-,38,-,83,-,-,58,25,131,3,28,27,72,62,-,20,31,10,11,-,-,-,11,-,-,-,-,-,-,-,-,-,-
,,Parda,92419,22544,24416,36509,8950,9023,2017,2222,3652,1132,27988,6169,6992,11845,2981,33895,8562,9061,13016,3256,16779,4341,4688,6463,1286,3937,1260,1184,1277,216,172,65,42,61,5,96,30,25,41,-
,,Indígena,623,213,197,190,24,47,2,12,28,5,139,36,49,54,-,189,42,32,97,18,137,55,71,11,-,101,78,23,-,-,-,-,-,-,-,-,-,-,-,-
,10 a 17 anos,Total,12432,2268,9653,511,-,1810,477,1257,76,-,4248,696,3392,160,-,4216,787,3208,221,-,1732,221,1458,53,-,324,65,259,-,-,10,1,9,-,-,11,-,11,-,-
,,Branca,9485,1645,7436,404,-,1506,340,1089,76,-,3358,471,2770,117,-,3100,589,2354,158,-,1203,171,979,53,-,266,52,214,-,-,10,1,9,-,-,-,-,-,-,-
,,Preta,418,67,349,2,-,68,8,60,-,-,101,18,82,2,-,137,35,101,-,-,101,6,95,-,-,-,-,-,-,-,-,-,-,-,-,-,-,-,-,-
,,Amarela,-,-,-,-,-,-,-,-,-,-,-,-,-,-,-,-,-,-,-,-,-,-,-,-,-,-,-,-,-,-,-,-,-,-,-,-,-,-,-,-
,,Parda,2486,545,1843,98,-,237,129,108,-,-,772,197,534,41,-,972,163,753,56,-,408,43,365,-,-,58,13,45,-,-,-,-,-,-,-,11,-,11,-,-
,,Indígena,43,11,25,7,-,-,-,-,-,-,17,11,6,-,-,7,-,-,7,-,19,-,19,-,-,-,-,-,-,-,-,-,-,-,-,-,-,-,-,-
,18 a 64 anos,Total,510572,84416,90833,219515,115809,68932,9612,10138,28749,20433,178662,25640,28385,78230,46407,168264,31287,31922,71632,33424,70967,12781,15013,31816,11356,18424,4130,4261,7119,2915,1088,263,239,372,214,712,165,189,193,165
,,Branca,396521,57335,62160,172673,104354,58093,7329,7558,24196,19010,144417,18296,20166,63436,42519,126594,20929,21279,54999,29388,49882,7504,9621,23038,9719,13089,2526,2699,5315,2549,890,182,188,310,209,586,134,175,130,146
,,Preta,24526,5748,6067,10248,2463,2139,470,478,887,304,7182,1538,1787,2936,921,8835,2227,2309,3567,732,4838,1163,1052,2283,340,1415,327,400,549,138,28,17,12,-,-,41,-,-,22,19
,,Amarela,327,5,48,155,119,40,2,-,38,-,83,-,-,58,25,131,3,28,27,72,62,-,20,31,10,11,-,-,-,11,-,-,-,-,-,-,-,-,-,-
,,Parda,88640,21147,22386,36256,8850,8613,1810,2090,3600,1114,26857,5781,6389,11745,2941,32523,8086,8274,12950,3213,16088,4081,4267,6453,1286,3809,1199,1139,1255,216,170,65,39,61,5,86,30,14,41,-
,,Indígena,559,180,172,182,24,47,2,12,28,5,123,25,43,54,-,182,42,32,89,18,96,33,52,11,-,101,78,23,-,-,-,-,-,-,-,-,-,-,-,-
,65 anos ou mais,Total,16285,7440,2316,3402,3127,3353,1349,440,772,791,5795,2476,744,1331,1244,4470,2306,682,811,671,1790,816,313,333,328,522,288,71,96,67,85,73,2,10,-,53,10,20,5,18
,,Branca,14575,6292,2053,3230,3000,3136,1227,416,720,773,5356,2244,634,1273,1205,3905,1898,615,792,601,1431,524,256,322,328,402,200,68,67,67,83,73,-,10,-,53,10,20,5,18
,,Preta,395,275,77,17,27,45,45,-,-,-,81,41,41,-,-,165,95,33,10,27,54,54,-,-,-,51,41,3,7,-,-,-,-,-,-,-,-,-,-,-
,,Amarela,-,-,-,-,-,-,-,-,-,-,-,-,-,-,-,-,-,-,-,-,-,-,-,-,-,-,-,-,-,-,-,-,-,-,-,-,-,-,-,-
,,Parda,1293,852,186,155,101,173,78,24,52,18,359,192,69,58,40,400,313,34,10,43,283,216,56,10,-,70,48,-,22,-,2,-,2,-,-,-,-,-,-,-
,,Indígena,22,22,-,-,-,-,-,-,-,-,-,-,-,-,-,-,-,-,-,-,22,22,-,-,-,-,-,-,-,-,-,-,-,-,-,-,-,-,-,-
Santa Cruz do Sul - Lajeado,Total,Total,307510,68498,60746,116276,61989,51071,8401,8355,20610,13705,126530,24393,23836,51134,27167,89266,23742,19294,31758,14471,28280,8348,6501,8966,4465,9453,2751,2156,2944,1602,1148,367,244,337,200,488,192,72,145,80
,,Branca,255474,51365,47477,98843,57789,45295,6983,6988,18474,12851,106994,18966,19046,43763,25219,71358,17215,14600,26017,13525,21870,5710,4687,7319,4154,7581,1922,1658,2514,1487,885,213,192,296,184,391,130,72,113,77
,,Preta,16798,5359,4169,6132,1138,1589,372,429,585,203,5992,1475,1440,2533,544,6081,2145,1488,2152,297,2350,961,627,681,81,618,300,167,151,-,80,49,5,16,10,47,36,-,8,3
,,Amarela,156,32,50,31,43,7,-,-,-,7,55,5,13,15,22,37,8,12,3,14,43,4,26,13,-,15,15,-,-,-,-,-,-,-,-,-,-,-,-,-
,,Parda,34910,11669,8979,11256,3006,4178,1046,936,1551,644,13409,3922,3306,4812,1370,11743,4343,3181,3584,636,3980,1660,1137,954,229,1239,515,331,279,114,179,101,47,25,6,50,26,-,24,-
,,Indígena,171,74,71,14,13,2,-,2,-,-,79,26,30,10,13,48,31,14,3,-,38,14,24,-,-,-,-,-,-,-,4,4,-,-,-,-,-,-,-,-
,10 a 17 anos,Total,6598,1462,4952,184,-,913,168,722,23,-,2563,643,1867,53,-,2243,456,1721,66,-,688,132,518,38,-,170,44,123,4,-,-,-,-,-,-,-,-,-,-,-
,,Branca,5162,1063,3944,155,-,790,138,631,21,-,2081,480,1553,48,-,1667,303,1301,63,-,497,102,373,23,-,116,30,86,-,-,-,-,-,-,-,-,-,-,-,-
,,Preta,351,121,213,18,-,7,-,7,-,-,118,53,65,-,-,115,40,72,3,-,92,18,59,15,-,9,-,9,-,-,-,-,-,-,-,-,-,-,-,-
,,Amarela,-,-,-,-,-,-,-,-,-,-,-,-,-,-,-,-,-,-,-,-,-,-,-,-,-,-,-,-,-,-,-,-,-,-,-,-,-,-,-,-
,,Parda,1084,278,795,11,-,116,30,83,3,-,363,110,249,5,-,461,113,348,-,-,99,12,87,-,-,46,14,28,4,-,-,-,-,-,-,-,-,-,-,-
,,Indígena,-,-,-,-,-,-,-,-,-,-,-,-,-,-,-,-,-,-,-,-,-,-,-,-,-,-,-,-,-,-,-,-,-,-,-,-,-,-,-,-
,18 a 64 anos,Total,292581,62979,54620,114554,60429,48447,7521,7382,20260,13284,120552,22283,21528,50257,26485,84954,22048,17247,31465,14195,26851,7781,5878,8825,4367,9040,2581,2011,2899,1549,1093,332,244,331,185,463,171,67,145,80
,,Branca,242979,46938,42458,97297,56286,42918,6202,6120,18139,12458,101814,17192,17098,42977,24547,67921,15930,12983,25746,13262,20857,5350,4238,7213,4056,7243,1783,1550,2475,1435,842,178,192,296,175,366,109,67,113,77
,,Preta,15987,4899,3909,6051,1128,1533,323,422,585,203,5702,1338,1341,2489,534,5861,2008,1412,2144,297,2144,848,559,656,81,595,286,158,151,-,74,49,5,10,10,47,36,-,8,3
,,Amarela,156,32,50,31,43,7,-,-,-,7,55,5,13,15,22,37,8,12,3,14,43,4,26,13,-,15,15,-,-,-,-,-,-,-,-,-,-,-,-,-
,,Parda,33288,11036,8133,11162,2958,3987,996,838,1536,616,12902,3723,3046,4764,1370,11088,4071,2827,3568,622,3770,1566,1031,944,229,1188,497,303,273,114,173,101,47,25,-,50,26,-,24,-
,,Indígena,171,74,71,14,13,2,-,2,-,-,79,26,30,10,13,48,31,14,3,-,38,14,24,-,-,-,-,-,-,-,4,4,-,-,-,-,-,-,-,-
,65 anos ou mais,Total,8331,4057,1174,1539,1561,1711,712,251,327,421,3415,1467,441,825,682,2069,1239,326,227,277,742,435,105,104,98,242,126,22,41,52,55,35,-,6,15,25,21,5,-,-
,,Branca,7333,3364,1075,1391,1503,1587,643,236,315,393,3099,1294,396,738,672,1769,983,317,207,263,516,259,76,83,98,222,109,22,39,52,43,35,-,-,9,25,21,5,-,-
,,Preta,460,339,48,64,10,49,49,-,-,-,172,85,34,44,10,105,97,4,4,-,114,95,9,10,-,14,14,-,-,-,6,-,-,6,-,-,-,-,-,-
,,Amarela,-,-,-,-,-,-,-,-,-,-,-,-,-,-,-,-,-,-,-,-,-,-,-,-,-,-,-,-,-,-,-,-,-,-,-,-,-,-,-,-
,,Parda,538,354,52,84,48,75,20,15,12,28,144,89,11,43,-,194,159,5,16,14,111,81,20,10,-,6,4,-,2,-,6,-,-,-,6,-,-,-,-,-
,,Indígena,-,-,-,-,-,-,-,-,-,-,-,-,-,-,-,-,-,-,-,-,-,-,-,-,-,-,-,-,-,-,-,-,-,-,-,-,-,-,-,-
Campo Grande,Total,Total,586201,118646,100714,218384,148457,62943,9983,9020,22900,21038,165525,27112,24798,60120,53495,189122,38181,32633,71520,46788,105384,24953,20681,41935,17815,48809,13707,10523,17544,7035,5642,2137,1356,1333,816,2433,985,446,711,291
,,Branca,247000,36530,34141,89967,86362,29891,3388,3482,10332,12690,75957,8928,8749,26394,31886,78571,11787,10620,29217,26947,40679,7489,7072,15997,10121,15904,3453,3123,6032,3297,2104,699,440,473,492,1148,295,265,397,192
,,Preta,52916,13351,10517,20024,9023,4559,1061,759,1556,1184,12597,2824,2090,4615,3068,18004,4324,3803,6876,3001,10493,2799,2328,4502,864,5808,1811,1160,2167,669,697,193,247,119,139,147,53,14,39,41
,,Amarela,4917,310,306,1424,2877,485,9,12,203,262,1978,178,111,470,1219,1633,40,122,438,1033,433,33,40,90,269,268,49,22,129,67,-,-,-,-,-,25,-,-,21,4
,,Parda,275392,66691,54564,104429,49708,27464,5400,4647,10571,6847,73668,14742,13668,28069,17191,89031,21416,17658,34240,15717,52185,14221,10900,20669,6396,26356,8254,6142,9002,2958,2790,1223,668,714,185,1104,635,165,250,54
,,Indígena,5977,1763,1186,2540,487,543,127,121,239,56,1324,440,181,572,132,1883,614,431,748,89,1595,411,341,678,164,474,139,76,215,43,50,22,1,27,-,9,2,2,5,-
,10 a 17 anos,Total,10550,2820,6671,1060,-,1351,484,806,62,-,3336,977,2173,186,-,2778,814,1501,464,-,1879,364,1268,247,-,946,104,740,102,-,139,30,108,-,-,25,18,7,-,-
,,Branca,3913,1018,2451,445,-,507,187,300,20,-,1208,313,787,108,-,1081,303,592,186,-,719,176,458,85,-,306,39,221,46,-,86,-,86,-,-,7,-,7,-,-
,,Preta,608,128,406,73,-,40,4,36,-,-,123,36,76,10,-,243,50,152,41,-,122,28,73,21,-,80,11,70,-,-,-,-,-,-,-,-,-,-,-,-
,,Amarela,34,25,9,-,-,-,-,-,-,-,34,25,9,-,-,-,-,-,-,-,-,-,-,-,-,-,-,-,-,-,-,-,-,-,-,-,-,-,-,-
,,Parda,5954,1643,3769,542,-,803,293,469,42,-,1947,600,1279,68,-,1450,457,756,237,-,1027,161,726,140,-,559,55,449,56,-,53,30,23,-,-,18,18,-,-,-
,,Indígena,42,6,36,-,-,1,-,1,-,-,25,3,22,-,-,4,3,1,-,-,11,-,11,-,-,1,-,1,-,-,-,-,-,-,-,-,-,-,-,-
,18 a 64 anos,Total,557601,107795,91862,213588,144357,59553,8811,8024,22361,20356,157978,24503,22026,59063,52386,180422,34723,30496,69836,45368,100419,23133,18950,41083,17253,46317,12649,9613,17120,6935,5138,1922,1221,1280,716,2180,838,420,650,272
,,Branca,233720,32401,30514,87434,83371,28162,2870,3060,10057,12175,72158,7856,7552,25752,30997,74455,10477,9674,28378,25925,38611,6833,6376,15622,9780,15063,3107,2878,5848,3230,1855,664,354,420,416,985,239,239,335,173
,,Preta,51030,12415,9995,19727,8893,4428,1011,723,1537,1157,12268,2672,1981,4555,3060,17323,3959,3650,6778,2936,10134,2673,2217,4409,836,5561,1684,1069,2140,668,652,148,247,119,139,147,53,14,39,41
,,Amarela,4516,238,298,1324,2655,442,-,12,168,262,1846,134,102,462,1148,1450,22,122,382,925,412,33,40,90,249,268,49,22,129,67,-,-,-,-,-,25,-,-,21,4
,,Parda,262501,61051,49907,102565,48979,25979,4804,4108,10360,6707,70425,13419,12232,27723,17050,85324,19660,16620,33551,15493,49719,13196,9987,20285,6251,24987,7702,5570,8788,2926,2580,1086,619,714,162,1014,545,165,250,54
,,Indígena,5834,1689,1149,2538,459,542,127,120,239,56,1282,421,159,572,130,1870,605,430,746,89,1544,398,330,678,138,439,106,74,215,43,50,22,1,27,-,9,2,2,5,-
,65 anos ou mais,Total,18050,8031,2182,3737,4100,2039,688,191,478,682,4211,1631,599,871,1109,5922,2644,636,1220,1420,3086,1456,464,605,562,1546,954,170,323,100,365,185,27,53,100,229,129,19,62,19
,,Branca,9367,3111,1176,2088,2992,1222,331,121,255,515,2592,759,410,534,889,3034,1006,353,653,1022,1350,480,238,290,341,536,307,24,137,67,164,35,-,53,76,157,57,19,62,19
,,Preta,1278,807,116,225,130,92,46,-,19,27,206,116,33,50,8,438,314,1,57,66,237,98,38,72,29,167,117,22,27,1,45,45,-,-,-,-,-,-,-,-
,,Amarela,368,46,-,100,221,44,9,-,35,-,99,19,-,8,71,183,18,-,57,108,20,-,-,-,20,-,-,-,-,-,-,-,-,-,-,-,-,-,-,-
,,Parda,6937,3997,888,1322,729,681,303,70,169,139,1297,722,156,278,140,2258,1299,282,452,224,1439,865,186,243,145,809,496,122,158,32,156,106,27,-,24,72,72,-,-,-
,,Indígena,101,69,2,2,28,-,-,-,-,-,18,16,-,-,2,9,7,-,2,-,40,13,1,-,26,34,33,1,-,-,-,-,-,-,-,-,-,-,-,-
Dourados,Total,Total,336206,87285,58472,116296,74153,54240,9637,7232,19212,18160,120231,23902,19361,44919,32048,101747,31263,20125,33835,16524,41541,15252,8349,12908,5032,13258,5193,2379,3998,1687,1695,712,336,437,209,1172,474,243,279,176
,,Branca,151558,30004,23279,53175,45099,28504,3951,3232,9889,11433,58345,8804,8469,21183,19890,41982,10089,7514,14682,9698,15653,4802,2807,5349,2696,4981,1687,879,1489,927,697,266,105,151,175,376,115,55,77,130
,,Preta,20879,6666,3709,6991,3512,2686,673,385,862,767,6976,1663,1270,2643,1401,7240,2711,1300,2288,941,2594,1087,513,718,276,916,336,163,323,95,108,44,34,27,3,128,37,15,57,19
,,Amarela,2288,211,164,714,1199,517,39,27,132,319,865,51,41,280,493,640,88,48,253,252,175,32,38,41,64,49,-,11,-,38,10,-,-,10,-,10,-,-,-,10
,,Parda,150612,44809,28919,53187,23697,21874,4747,3435,8171,5521,52248,12731,9249,20241,10027,47732,16210,10339,15765,5418,20212,7664,4271,6338,1939,6511,2644,1182,2069,615,709,296,160,223,31,402,158,115,113,16
,,Indígena,10869,5595,2401,2228,645,659,227,154,159,119,1796,654,331,573,237,4153,2165,925,847,217,2907,1668,721,461,57,801,527,145,116,13,171,106,37,27,1,256,165,58,32,1
,10 a 17 anos,Total,7289,2634,4205,450,-,1381,474,785,122,-,2800,900,1767,133,-,2347,955,1282,110,-,581,239,266,75,-,108,33,74,-,-,21,19,2,-,-,26,5,13,9,-
,,Branca,2832,882,1748,201,-,587,187,336,65,-,1225,262,901,62,-,825,365,422,38,-,170,59,84,27,-,3,-,3,-,-,-,-,-,-,-,11,-,3,9,-
,,Preta,309,113,172,24,-,31,20,12,-,-,122,45,71,6,-,124,43,63,18,-,14,5,9,-,-,2,-,2,-,-,-,-,-,-,-,-,-,-,-,-
,,Amarela,28,11,17,-,-,19,11,8,-,-,9,-,9,-,-,-,-,-,-,-,-,-,-,-,-,-,-,-,-,-,-,-,-,-,-,-,-,-,-,-
,,Parda,3597,1298,2088,211,-,683,225,400,57,-,1353,532,768,53,-,1182,415,713,53,-,303,114,142,47,-,65,5,60,-,-,6,6,-,-,-,5,-,5,-,-
,,Indígena,523,329,180,14,-,60,31,29,-,-,90,60,18,12,-,216,131,84,1,-,94,61,31,1,-,37,28,9,-,-,15,13,2,-,-,10,5,5,-,-
,18 a 64 anos,Total,320915,79935,53459,114693,72827,51327,8415,6320,18831,17760,115133,21793,17361,44419,31560,96762,28628,18522,33359,16252,39927,14282,7992,12709,4944,12841,4928,2283,3981,1649,1629,660,334,437,199,1133,456,230,270,176
,,Branca,144373,26945,21016,52267,44144,27024,3468,2819,9634,11103,55887,7974,7454,20927,19532,39760,8922,6861,14432,9545,14948,4445,2652,5233,2619,4812,1571,854,1476,911,653,233,105,151,164,358,108,52,68,130
,,Preta,20179,6211,3515,6941,3511,2579,610,364,839,767,6723,1494,1193,2637,1400,7033,2589,1232,2271,941,2494,996,504,718,276,906,331,161,319,95,108,44,34,27,3,121,30,15,57,19
,,Amarela,2073,160,133,654,1127,477,23,14,126,314,812,51,32,256,473,561,73,38,221,229,155,13,38,41,64,36,-,11,-,25,10,-,-,10,-,10,-,-,-,10
,,Parda,144073,41470,26580,52624,23399,20650,4120,2999,8073,5457,50028,11701,8369,20039,9919,45548,15076,9557,15595,5321,19542,7248,4109,6256,1929,6324,2528,1122,2069,604,703,289,160,223,31,397,158,110,113,16
,,Indígena,10217,5149,2215,2207,645,598,195,124,159,119,1683,572,313,560,237,3860,1968,835,841,217,2787,1580,689,460,57,763,498,136,116,13,156,93,35,27,1,246,160,53,32,1
,65 anos ou mais,Total,8002,4716,808,1153,1326,1533,748,127,259,399,2298,1209,233,368,488,2638,1680,321,365,272,1033,731,91,123,88,309,232,22,17,39,45,34,-,-,11,13,13,-,-,-
,,Branca,4353,2176,515,707,955,893,295,77,190,330,1233,567,114,194,358,1397,802,231,211,152,535,298,71,88,77,166,116,22,13,16,44,33,-,-,11,7,7,-,-,-
,,Preta,391,343,21,26,1,75,43,9,23,-,132,124,7,-,1,83,78,5,-,-,86,86,-,-,-,8,5,-,3,-,-,-,-,-,-,6,6,-,-,-
,,Amarela,187,40,15,61,71,21,6,5,6,5,44,-,-,24,20,79,15,9,32,23,19,19,-,-,-,13,-,-,-,13,-,-,-,-,-,-,-,-,-,-
,,Parda,2942,2041,251,352,298,542,403,36,40,64,867,498,112,149,109,1002,719,70,116,97,367,301,20,35,11,121,111,-,-,10,-,-,-,-,-,-,-,-,-,-
,,Indígena,129,116,6,7,-,1,1,-,-,-,22,21,-,1,-,77,65,6,6,-,26,26,-,-,-,1,1,-,-,-,1,1,-,-,-,-,-,-,-,-
Corumbá,Total,Total,108161,30052,20327,38037,19745,17345,3468,2451,6200,5226,35707,7698,6237,13898,7874,31916,9741,6458,11305,4411,13843,4940,3087,4373,1443,5394,2135,1190,1512,556,1883,1022,464,322,74,1271,704,285,217,64
,,Branca,34359,7640,5506,12075,9139,7219,1177,966,2325,2750,12115,2035,1630,4682,3769,8654,2408,1529,3145,1573,3855,1053,829,1268,705,1522,561,282,449,230,499,249,109,99,42,270,109,112,14,35
,,Preta,9136,2899,1702,3077,1458,1397,326,214,536,321,2538,649,409,919,561,3032,950,632,1025,425,1377,615,256,388,118,509,179,172,137,22,112,76,1,23,12,128,71,8,49,-
,,Amarela,427,110,51,155,111,110,16,10,17,67,170,33,17,110,10,66,30,1,13,22,57,20,23,15,-,-,-,-,-,-,11,11,-,-,-,-,-,-,-,-
,,Parda,60198,17824,12360,21558,8457,8213,1859,1213,3186,1954,19813,4609,3997,7831,3377,18924,5865,4117,6721,2221,8020,3039,1854,2576,550,3083,1255,684,860,284,1070,578,314,162,16,613,388,102,112,11
,,Indígena,4040,1580,708,1173,580,406,89,48,136,134,1071,373,183,356,158,1240,489,179,401,171,533,214,124,125,70,280,140,52,67,21,190,108,40,38,4,260,137,63,41,19
,10 a 17 anos,Total,2091,651,1252,188,-,344,156,153,35,-,675,197,417,61,-,766,213,482,71,-,197,45,132,21,-,48,11,37,-,-,37,13,24,-,-,9,2,6,1,-
,,Branca,658,146,456,56,-,132,32,76,23,-,208,66,134,9,-,189,32,143,14,-,103,16,78,10,-,19,-,19,-,-,-,-,-,-,-,6,-,6,-,-
,,Preta,137,56,74,7,-,32,23,8,-,-,47,12,35,-,-,24,-,17,7,-,25,11,14,-,-,-,-,-,-,-,10,10,-,-,-,-,-,-,-,-
,,Amarela,4,-,4,-,-,-,-,-,-,-,4,-,4,-,-,-,-,-,-,-,-,-,-,-,-,-,-,-,-,-,-,-,-,-,-,-,-,-,-,-
,,Parda,1232,419,689,125,-,180,100,68,12,-,387,103,232,52,-,537,176,312,50,-,64,16,37,11,-,29,10,19,-,-,22,-,22,-,-,-,-,-,-,-
,,Indígena,60,29,29,1,-,-,-,-,-,-,30,16,13,-,-,16,5,11,-,-,4,1,3,-,-,1,1,-,-,-,5,3,2,-,-,3,2,-,1,-
,18 a 64 anos,Total,102774,27669,18621,37267,19218,16404,3077,2237,5999,5090,34022,7045,5653,13663,7661,30351,9022,5882,11117,4331,13106,4558,2887,4285,1376,5107,1995,1111,1472,529,1821,993,432,322,74,1207,670,266,207,64
,,Branca,32354,6943,4801,11752,8857,6711,1013,842,2199,2658,11486,1816,1399,4601,3670,8276,2274,1361,3095,1547,3513,955,696,1203,659,1399,496,241,448,214,496,246,109,99,42,260,105,106,14,35
,,Preta,8700,2662,1585,3003,1450,1355,303,205,525,321,2367,570,353,891,552,2901,866,604,1006,425,1312,574,232,388,118,492,179,172,120,22,102,66,1,23,12,128,71,8,49,-
,,Amarela,403,100,48,155,101,100,16,10,17,56,166,33,14,110,10,56,20,1,13,22,57,20,23,15,-,-,-,-,-,-,11,11,-,-,-,-,-,-,-,-
,,Parda,57441,16504,11517,21189,8231,7844,1667,1132,3122,1922,19023,4322,3724,7707,3270,17901,5385,3748,6602,2166,7710,2810,1817,2553,529,2944,1188,646,837,273,1027,565,284,162,16,562,360,89,103,11
,,Indígena,3876,1460,670,1168,579,394,78,48,136,133,980,305,163,353,158,1218,477,168,401,171,514,200,119,125,70,272,132,52,67,21,185,105,38,38,4,257,135,63,40,19
,65 anos ou mais,Total,3296,1732,454,582,527,597,235,61,166,136,1010,456,166,174,213,798,506,95,117,81,540,338,68,67,68,239,129,42,40,27,25,17,9,-,-,55,33,13,10,-
,,Branca,1348,550,249,267,282,376,132,48,103,93,421,153,97,72,98,189,102,26,35,26,239,83,55,55,46,105,65,22,1,16,4,4,-,-,-,4,4,-,-,-
,,Preta,299,180,43,67,9,10,-,-,10,-,124,67,21,27,9,107,83,12,12,-,40,30,11,-,-,17,-,-,17,-,-,-,-,-,-,-,-,-,-,-
,,Amarela,21,10,-,-,10,10,-,-,-,10,-,-,-,-,-,10,10,-,-,-,-,-,-,-,-,-,-,-,-,-,-,-,-,-,-,-,-,-,-,-
,,Parda,1524,901,153,244,226,188,92,13,52,32,404,184,41,72,107,486,304,57,69,55,246,212,-,12,21,110,57,20,22,11,22,13,9,-,-,51,28,13,10,-
,,Indígena,105,91,9,4,1,12,11,-,-,1,61,51,7,3,-,6,6,-,-,-,15,13,2,-,-,7,7,-,-,-,-,-,-,-,-,-,-,-,-,-
Cuiabá,Total,Total,561046,103135,97663,217034,143213,51315,7157,7667,19345,17146,142186,20389,22029,55350,44419,192295,36072,33380,73732,49110,111604,23100,21648,44583,22272,50752,12875,10403,19506,7968,5696,1789,1263,1974,670,2233,691,437,577,530
,,Branca,160120,22291,21120,57819,58890,17725,1973,2112,6273,7368,46056,4939,5601,15716,19801,52791,7711,6838,18690,19552,27396,4273,3830,11031,8261,12183,2584,2036,4580,2982,1590,394,303,642,250,590,148,101,173,169
,,Preta,77605,16973,14402,30057,16173,6076,906,884,2465,1822,16570,2893,2581,6577,4519,27159,5920,5125,10377,5737,17972,4245,3750,7262,2714,8124,2358,1712,2887,1167,800,291,204,222,83,366,150,53,85,78
,,Amarela,2105,146,191,422,1346,167,-,-,66,101,558,15,47,49,447,846,62,36,189,559,221,23,54,26,118,213,23,38,57,95,31,3,15,13,-,8,8,-,-,-
,,Parda,319354,63347,61627,127952,66428,27139,4259,4656,10452,7772,78544,12489,13696,32790,19570,110912,22208,21296,44212,23196,65619,14475,13940,26116,11089,30106,7877,6576,11938,3715,3259,1099,737,1090,333,1233,374,282,309,268
,,Indígena,1814,378,324,784,328,208,19,15,90,84,408,54,104,218,32,587,172,85,264,67,397,84,74,148,91,127,33,41,44,9,16,2,4,7,3,37,11,1,10,14
,10 a 17 anos,Total,10704,2746,7208,751,-,1274,448,740,86,-,3277,758,2363,157,-,3401,766,2373,261,-,1829,485,1183,162,-,733,240,419,74,-,75,-,63,12,-,13,6,7,-,-
,,Branca,2543,659,1659,225,-,454,101,303,50,-,829,199,564,66,-,645,133,484,27,-,349,114,175,59,-,242,106,113,23,-,19,-,19,-,-,-,-,-,-,-
,,Preta,1287,267,918,102,-,66,17,49,-,-,343,78,257,7,-,553,78,415,61,-,184,68,113,4,-,107,20,56,31,-,10,-,10,-,-,6,6,-,-,-
,,Amarela,-,-,-,-,-,-,-,-,-,-,-,-,-,-,-,-,-,-,-,-,-,-,-,-,-,-,-,-,-,-,-,-,-,-,-,-,-,-,-,-
,,Parda,6844,1812,4609,423,-,748,328,384,36,-,2103,481,1539,84,-,2186,552,1460,174,-,1295,303,894,98,-,381,112,249,20,-,46,-,34,12,-,7,-,7,-,-
,,Indígena,30,7,22,1,-,5,2,3,-,-,3,-,3,-,-,18,3,14,-,-,1,-,-,1,-,3,2,1,-,-,-,-,-,-,-,-,-,-,-,-
,18 a 64 anos,Total,537348,94583,89016,213744,140005,48946,6263,6894,19008,16780,135939,18523,19456,54531,43429,184492,33600,30475,72595,47823,107186,21220,20036,44017,21914,48527,11710,9810,19170,7837,5447,1670,1185,1922,670,2186,664,422,571,529
,,Branca,152753,20180,18985,56530,57058,16829,1742,1788,6096,7204,44075,4487,4951,15385,19252,50311,7106,6174,18308,18723,26285,3855,3515,10814,8100,11474,2305,1873,4415,2881,1527,364,284,629,250,565,128,101,167,169
,,Preta,74492,15631,13296,29690,15874,5953,867,827,2455,1804,15797,2618,2284,6515,4380,26025,5510,4672,10236,5606,17348,3881,3573,7180,2714,7777,2159,1633,2830,1157,733,248,179,222,83,359,143,53,85,78
,,Amarela,2046,124,183,422,1317,167,-,-,66,101,558,15,47,49,447,787,39,29,189,530,221,23,54,26,118,213,23,38,57,95,31,3,15,13,-,8,8,-,-,-
,,Parda,306275,58301,56250,126323,65400,25796,3639,4267,10302,7588,75060,11350,12073,32368,19269,106820,20777,19529,43597,22917,62959,13399,12820,25849,10891,28938,7192,6226,11825,3696,3140,1053,702,1051,333,1218,374,267,309,268
,,Indígena,1733,346,301,779,307,200,16,11,90,84,400,53,101,213,32,549,168,70,264,47,374,62,74,147,91,124,31,40,44,9,16,2,4,7,3,36,11,1,10,13
,65 anos ou mais,Total,12994,5807,1440,2539,3209,1096,446,33,251,366,2970,1108,210,662,989,4401,1706,532,876,1288,2588,1394,430,405,359,1492,925,174,262,132,174,119,15,41,-,35,20,8,5,1
,,Branca,4824,1451,476,1064,1832,442,130,20,127,164,1152,252,86,264,549,1835,472,180,354,829,762,304,140,158,161,466,173,50,142,102,44,30,-,13,-,25,20,-,5,-
,,Preta,1826,1075,188,264,299,57,22,7,10,18,431,197,40,54,140,581,332,38,81,131,440,296,65,79,-,240,180,23,27,11,58,43,15,-,-,-,-,-,-,-
,,Amarela,59,22,7,-,29,-,-,-,-,-,-,-,-,-,-,59,22,7,-,29,-,-,-,-,-,-,-,-,-,-,-,-,-,-,-,-,-,-,-,-
,,Parda,6235,3234,768,1206,1028,594,292,5,114,184,1381,658,84,338,301,1906,880,306,441,279,1364,773,226,168,198,787,573,101,94,19,73,46,-,27,-,8,-,8,-,-
,,Indígena,51,24,1,5,21,2,1,1,-,-,6,1,-,5,-,20,-,-,-,20,22,22,-,-,-,-,-,-,-,-,-,-,-,-,-,1,-,-,-,1
Cáceres,Total,Total,97719,23699,18242,34524,21254,18213,3144,2720,6419,5930,38771,7492,7075,14667,9537,27208,7809,5651,9610,4137,8050,3068,1737,2290,956,3675,1422,697,1008,548,821,379,135,225,82,398,187,78,90,42
,,Branca,30368,6135,4748,10315,9169,6583,1013,865,2003,2702,12517,1871,2008,4485,4152,7534,1998,1229,2588,1719,2185,778,367,690,350,1000,277,174,334,214,259,88,47,92,33,94,43,18,33,-
,,Preta,11317,3154,2323,3657,2183,2074,420,388,609,657,4362,1053,849,1557,903,3153,971,719,1024,439,943,354,260,241,88,483,199,43,163,78,140,77,12,41,10,72,55,9,-,8
,,Amarela,245,66,28,37,113,65,21,3,8,33,69,10,16,13,30,58,16,-,16,26,52,19,9,-,24,-,-,-,-,-,-,-,-,-,-,-,-,-,-,-
,,Parda,55459,14172,11101,20444,9741,9453,1674,1459,3785,2534,21717,4482,4186,8604,4445,16352,4789,3695,5942,1927,4816,1884,1093,1354,484,2179,936,479,508,256,420,213,77,91,39,224,89,46,56,34
,,Indígena,331,171,42,71,47,38,16,4,13,5,107,75,16,8,7,110,36,8,40,26,54,33,7,5,9,13,10,-,3,-,2,1,-,1,-,7,-,6,1,-
,10 a 17 anos,Total,2635,670,1828,138,-,621,180,423,18,-,1291,300,933,58,-,505,131,331,43,-,131,37,75,19,-,57,-,57,-,-,17,14,3,-,-,-,-,-,-,-
,,Branca,943,185,696,62,-,227,47,175,5,-,538,111,381,46,-,104,20,79,5,-,34,-,29,6,-,33,-,33,-,-,-,-,-,-,-,-,-,-,-,-
,,Preta,263,73,164,26,-,72,27,39,7,-,125,32,88,5,-,47,-,37,11,-,4,-,-,4,-,-,-,-,-,-,14,14,-,-,-,-,-,-,-,-
,,Amarela,-,-,-,-,-,-,-,-,-,-,-,-,-,-,-,-,-,-,-,-,-,-,-,-,-,-,-,-,-,-,-,-,-,-,-,-,-,-,-,-
,,Parda,1417,398,968,51,-,322,107,209,6,-,615,144,463,7,-,353,111,215,27,-,93,37,47,10,-,25,-,25,-,-,3,-,3,-,-,-,-,-,-,-
,,Indígena,13,13,-,-,-,-,-,-,-,-,13,13,-,-,-,-,-,-,-,-,-,-,-,-,-,-,-,-,-,-,-,-,-,-,-,-,-,-,-,-
,18 a 64 anos,Total,93004,21828,16167,34060,20948,17221,2752,2244,6374,5852,36719,6810,6065,14424,9419,26202,7364,5270,9505,4062,7680,2881,1625,2225,949,3502,1348,633,1002,519,796,357,132,225,82,392,181,78,90,42
,,Branca,28591,5537,3936,10105,9013,6209,898,677,1982,2651,11671,1637,1576,4363,4095,7247,1885,1120,2560,1682,2041,717,323,658,344,913,241,135,328,208,256,85,47,92,33,88,37,18,33,-
,,Preta,10763,2910,2105,3605,2142,1953,370,332,597,654,4107,929,754,1537,886,3080,954,678,1014,435,921,343,258,232,88,459,192,43,163,61,121,58,12,41,10,72,55,9,-,8
,,Amarela,229,56,23,37,113,65,21,3,8,33,63,10,10,13,30,58,16,-,16,26,42,9,9,-,24,-,-,-,-,-,-,-,-,-,-,-,-,-,-,-
,,Parda,53120,13184,10063,20241,9632,8956,1446,1227,3774,2509,20801,4189,3708,8503,4401,15706,4473,3464,5876,1893,4622,1780,1028,1330,484,2117,904,455,508,251,417,213,74,91,39,224,89,46,56,34
,,Indígena,301,141,42,71,47,38,16,4,13,5,77,45,16,8,7,110,36,8,40,26,54,33,7,5,9,13,10,-,3,-,2,1,-,1,-,7,-,6,1,-
,65 anos ou mais,Total,2080,1201,247,326,306,371,212,53,27,79,762,382,76,185,118,501,313,51,62,74,239,150,37,46,6,116,75,7,6,29,8,8,-,-,-,6,6,-,-,-
,,Branca,834,413,116,148,156,147,67,14,16,50,308,124,50,76,57,182,92,30,23,36,110,61,15,27,6,54,36,7,6,6,3,3,-,-,-,6,6,-,-,-
,,Preta,292,171,54,26,41,49,23,17,6,3,130,92,6,15,17,26,17,5,-,4,19,11,2,5,-,24,7,-,-,17,5,5,-,-,-,-,-,-,-,-
,,Amarela,16,10,6,-,-,-,-,-,-,-,6,-,6,-,-,-,-,-,-,-,10,10,-,-,-,-,-,-,-,-,-,-,-,-,-,-,-,-,-,-
,,Parda,922,590,71,152,109,175,121,23,6,25,302,150,14,94,44,293,204,16,39,34,100,68,19,14,-,38,32,-,-,6,-,-,-,-,-,-,-,-,-,-
,,Indígena,17,17,-,-,-,-,-,-,-,-,17,17,-,-,-,-,-,-,-,-,-,-,-,-,-,-,-,-,-,-,-,-,-,-,-,-,-,-,-,-
Sinop,Total,Total,393614,96068,81406,143666,72475,67099,10957,11696,25603,18844,161352,32916,31040,63588,33808,107513,31647,25253,37824,12789,34028,11240,8281,10541,3966,14923,5777,3367,3706,2073,3579,1717,687,869,307,1974,825,404,491,253
,,Branca,150018,29336,25500,55087,40095,29438,4111,4262,10618,10447,63534,10085,9754,24742,18954,35907,8745,7248,13233,6682,12411,3400,2648,4050,2313,5489,1831,1047,1465,1146,1245,535,209,299,203,747,252,139,199,158
,,Preta,36882,12082,7948,12256,4596,4962,1028,946,1862,1126,14457,4007,3170,5213,2067,11252,4268,2493,3647,843,3626,1543,786,1033,264,1699,783,374,342,199,360,228,90,31,11,244,135,57,51,2
,,Amarela,1106,190,153,323,440,297,24,45,54,175,495,79,50,195,171,143,21,27,42,52,43,18,13,6,6,68,36,-,13,18,47,12,18,13,5,12,-,-,-,12
,,Parda,204345,54107,47556,75501,27180,32240,5766,6421,12997,7057,82498,18676,17975,33295,12553,59864,18531,15405,20754,5174,17749,6181,4797,5398,1374,7548,3080,1934,1835,699,1874,915,366,507,86,955,437,207,231,80
,,Indígena,1264,354,249,499,163,162,29,22,72,39,367,69,91,144,63,347,82,80,148,38,198,98,37,53,10,119,47,12,50,10,54,27,5,20,2,15,1,1,12,1
,10 a 17 anos,Total,11694,2757,8118,820,-,2330,527,1608,194,-,5001,1076,3625,300,-,3291,850,2219,222,-,683,146,450,88,-,262,115,135,12,-,49,27,21,1,-,33,12,21,-,-
,,Branca,3606,727,2645,234,-,785,175,534,76,-,1734,294,1360,79,-,806,198,552,56,-,165,32,122,11,-,109,20,77,12,-,8,8,-,-,-,-,-,-,-,-
,,Preta,909,241,613,54,-,173,12,141,20,-,336,94,219,22,-,314,79,224,12,-,33,18,15,-,-,42,38,4,-,-,-,-,-,-,-,12,-,12,-,-
,,Amarela,22,-,10,12,-,-,-,-,-,-,22,-,10,12,-,-,-,-,-,-,-,-,-,-,-,-,-,-,-,-,-,-,-,-,-,-,-,-,-,-
,,Parda,7120,1768,4835,516,-,1372,341,934,98,-,2907,687,2033,186,-,2167,572,1442,152,-,469,87,305,77,-,102,51,51,-,-,37,16,21,-,-,22,12,10,-,-
,,Indígena,37,21,14,2,-,-,-,-,-,-,2,-,2,-,-,4,2,1,1,-,16,9,7,-,-,10,6,4,-,-,5,4,-,1,-,-,-,-,-,-
,18 a 64 anos,Total,375277,88847,72601,142075,71755,63804,9890,9978,25283,18653,154013,30305,27204,63012,33492,102423,29463,22852,37416,12691,32582,10606,7740,10362,3874,14153,5285,3160,3659,2050,3411,1621,653,830,307,1897,787,376,480,253
,,Branca,142848,26528,22390,54307,39622,28039,3595,3660,10466,10318,60591,9108,8245,24466,18772,34179,7939,6574,13059,6606,11841,3158,2459,3974,2250,5137,1673,923,1418,1123,1158,492,202,261,203,703,226,131,188,158
,,Preta,35426,11356,7320,12178,4572,4753,1006,806,1839,1101,13983,3777,2948,5190,2067,10678,3942,2270,3623,843,3540,1480,771,1025,264,1604,704,359,342,199,353,222,90,31,11,233,135,46,51,2
,,Amarela,1005,147,134,310,414,291,18,45,54,175,443,75,40,182,145,143,21,27,42,52,34,18,4,6,6,35,4,-,13,18,47,12,18,13,5,12,-,-,-,12
,,Parda,194804,50513,42522,74783,26986,30564,5244,5445,12852,7023,78632,17277,15881,33030,12444,57092,17493,13902,20545,5152,16989,5865,4475,5305,1344,7268,2864,1870,1835,699,1813,881,338,507,86,934,425,198,231,80
,,Indígena,1195,303,235,497,160,158,28,22,72,36,364,68,89,144,63,331,67,79,147,38,177,84,30,53,10,108,40,8,50,10,40,15,5,19,2,15,1,1,12,1
,65 anos ou mais,Total,6643,4464,687,771,720,966,539,110,126,191,2339,1535,212,276,316,1800,1333,182,186,98,763,489,92,90,92,508,377,72,36,23,119,68,13,38,-,44,26,7,11,-
,,Branca,3564,2081,464,546,472,614,341,68,76,129,1210,683,148,197,182,922,608,121,117,76,404,210,66,66,63,243,137,47,36,23,79,35,6,38,-,44,26,7,11,-
,,Preta,547,485,15,23,25,37,9,-,3,25,138,135,3,-,-,259,247,-,12,-,54,45,-,8,-,53,41,12,-,-,7,7,-,-,-,-,-,-,-,-
,,Amarela,78,43,9,-,26,6,6,-,-,-,30,4,-,-,26,-,-,-,-,-,9,-,9,-,-,32,32,-,-,-,-,-,-,-,-,-,-,-,-,-
,,Parda,2421,1826,199,202,194,305,182,42,47,34,960,712,61,79,109,606,466,61,57,22,291,229,17,16,29,178,165,13,-,-,25,18,7,-,-,-,-,-,-,-
,,Indígena,32,29,-,-,3,4,1,-,-,3,1,1,-,-,-,13,13,-,-,-,5,5,-,-,-,1,1,-,-,-,9,9,-,-,-,-,-,-,-,-
Barra do Garças,Total,Total,126850,30071,26166,44515,26098,28036,4638,4882,10245,8271,51504,10319,10249,19485,11451,29965,8686,6949,9808,4522,9980,3511,2387,2907,1176,4156,1629,971,1209,347,1528,659,385,368,116,768,303,140,216,109
,,Branca,39680,7583,6689,14244,11164,9918,1371,1443,3501,3603,16329,2672,2586,6190,4881,8732,2041,1721,3019,1951,2743,819,527,905,491,1101,402,222,339,138,364,136,81,98,49,201,71,42,74,15
,,Preta,13507,4531,2772,4449,1755,2624,590,469,932,632,5136,1322,1021,2027,765,3347,1316,754,1009,268,1452,797,332,284,39,571,279,120,141,32,191,114,49,20,9,87,68,-,16,3
,,Amarela,200,14,34,62,89,77,5,-,45,27,74,9,9,13,43,36,-,13,4,19,-,-,-,-,-,-,-,-,-,-,-,-,-,-,-,-,-,-,-,-
,,Parda,71527,17599,16265,24873,12790,14672,2544,2853,5397,3878,29547,6229,6546,11055,5718,17418,5246,4342,5609,2221,5625,1880,1495,1646,604,2428,941,614,701,172,912,392,243,224,54,425,159,86,98,81
,,Indígena,1937,344,405,888,300,744,128,116,368,131,419,88,88,199,44,432,83,119,167,63,160,14,32,71,42,56,8,15,28,5,60,18,12,26,5,55,5,12,28,10
,10 a 17 anos,Total,4381,1178,2995,208,-,1081,243,825,14,-,2068,552,1380,136,-,962,264,657,41,-,113,49,52,12,-,100,25,75,-,-,15,11,3,-,-,6,-,-,6,-
,,Branca,1109,276,782,51,-,319,55,261,3,-,534,142,365,26,-,230,63,147,21,-,15,8,7,-,-,2,-,2,-,-,9,9,-,-,-,-,-,-,-,-
,,Preta,435,135,296,4,-,92,47,41,4,-,145,33,112,-,-,159,36,124,-,-,26,16,10,-,-,8,-,8,-,-,2,2,-,-,-,-,-,-,-,-
,,Amarela,-,-,-,-,-,-,-,-,-,-,-,-,-,-,-,-,-,-,-,-,-,-,-,-,-,-,-,-,-,-,-,-,-,-,-,-,-,-,-,-
,,Parda,2786,721,1914,151,-,641,112,523,6,-,1375,365,904,107,-,567,161,387,20,-,72,25,35,12,-,88,25,63,-,-,2,-,2,-,-,6,-,-,6,-
,,Indígena,52,46,4,2,-,29,29,-,-,-,14,12,-,2,-,5,5,-,-,-,-,-,-,-,-,3,-,3,-,-,1,-,1,-,-,-,-,-,-,-
,18 a 64 anos,Total,119349,26803,22912,43935,25700,26307,3994,3995,10124,8193,48422,9141,8771,19179,11330,28210,7888,6236,9715,4371,9541,3185,2321,2868,1167,3911,1496,874,1196,344,1418,578,381,368,91,734,287,140,209,98
,,Branca,37258,6519,5769,14024,10946,9289,1147,1137,3451,3554,15368,2266,2190,6102,4811,8189,1811,1544,2967,1867,2590,705,509,885,491,1028,355,208,329,135,324,107,81,98,38,201,71,42,74,15
,,Preta,12695,4105,2425,4442,1723,2489,503,429,925,632,4863,1201,869,2027,765,3059,1191,623,1009,236,1396,751,322,284,39,531,251,109,141,32,189,111,49,20,9,87,68,-,16,3
,,Amarela,184,14,34,53,83,67,5,-,36,27,68,9,9,13,37,36,-,13,4,19,-,-,-,-,-,-,-,-,-,-,-,-,-,-,-,-,-,-,-,-
,,Parda,67349,15887,14282,24533,12647,13754,2248,2313,5344,3849,27723,5594,5617,10839,5673,16504,4813,3937,5568,2186,5395,1715,1457,1628,595,2298,883,545,699,172,849,347,240,224,38,392,143,86,92,70
,,Indígena,1864,278,401,884,300,708,92,116,368,131,401,72,88,197,44,422,73,119,167,63,160,14,32,71,42,53,8,12,28,5,56,14,11,26,5,54,5,12,27,10
,65 anos ou mais,Total,3119,2090,259,372,398,648,401,62,107,78,1014,625,98,170,120,793,534,56,52,151,326,276,14,27,9,145,109,21,13,3,95,70,-,-,26,29,17,-,1,11
,,Branca,1313,787,138,170,218,310,170,44,47,49,427,264,31,61,70,313,167,31,30,85,138,107,11,20,-,72,46,12,10,3,31,21,-,-,10,-,-,-,-,-
,,Preta,377,291,51,3,32,43,40,-,3,-,128,87,41,-,-,129,90,7,-,32,30,30,-,-,-,32,28,3,-,-,-,-,-,-,-,-,-,-,-,-
,,Amarela,16,-,-,10,6,10,-,-,10,-,6,-,-,-,6,-,-,-,-,-,-,-,-,-,-,-,-,-,-,-,-,-,-,-,-,-,-,-,-,-
,,Parda,1393,992,70,189,142,277,184,18,47,29,449,270,26,109,44,347,272,18,22,34,158,140,3,6,9,42,34,6,3,-,60,45,-,-,15,28,17,-,-,11
,,Indígena,21,20,-,1,-,7,7,-,-,-,4,4,-,-,-,5,5,-,-,-,-,-,-,-,-,-,-,-,-,-,4,4,-,-,-,1,-,-,1,-
Rondonópolis,Total,Total,208839,44657,38890,78939,46353,25819,4180,3564,9699,8376,76024,12678,12829,30027,20490,71290,16332,14937,27373,12648,23352,6878,5187,8052,3236,8815,3177,1632,2813,1192,1568,653,298,381,235,901,421,239,185,56
,,Branca,70173,11113,10972,26096,21992,9973,1196,1109,3509,4159,27030,3220,3700,10235,9875,22405,3629,4184,8799,5794,7186,1944,1311,2446,1484,2539,795,479,780,485,422,142,82,95,102,282,110,79,80,13
,,Preta,23216,5939,4826,8657,3794,2407,444,392,950,621,7930,1549,1571,3104,1706,8426,2396,1847,3223,960,3030,930,800,936,364,1012,426,101,363,122,189,84,41,44,21,116,67,37,12,-
,,Amarela,659,63,95,162,339,113,8,7,11,86,266,-,22,102,141,185,21,49,26,90,39,11,6,11,11,45,23,11,-,10,-,-,-,-,-,-,-,-,-,-
,,Parda,114252,27389,22928,43782,20153,13208,2491,2049,5187,3481,40662,7877,7534,16516,8735,40156,10248,8845,15261,5802,12997,3970,3031,4620,1375,5173,1913,1036,1649,574,942,427,173,240,103,497,245,123,87,42
,,Indígena,539,152,70,242,76,118,41,8,41,28,136,31,2,69,34,118,39,13,65,2,101,22,39,39,1,46,19,5,21,1,15,-,3,2,10,6,-,-,6,-
,10 a 17 anos,Total,4105,880,2908,318,-,514,169,316,29,-,1665,291,1248,126,-,1448,301,996,150,-,405,94,299,12,-,45,15,30,-,-,5,-,5,-,-,3,-,3,-,-
,,Branca,1407,274,1065,68,-,153,57,96,-,-,580,68,477,35,-,442,69,351,22,-,198,58,129,11,-,20,12,8,-,-,-,-,-,-,-,3,-,3,-,-
,,Preta,338,34,280,24,-,25,-,25,-,-,114,13,93,8,-,149,14,120,16,-,38,7,31,-,-,-,-,-,-,-,-,-,-,-,-,-,-,-,-,-
,,Amarela,-,-,-,-,-,-,-,-,-,-,-,-,-,-,-,-,-,-,-,-,-,-,-,-,-,-,-,-,-,-,-,-,-,-,-,-,-,-,-,-
,,Parda,2327,541,1562,225,-,303,80,195,29,-,971,211,677,83,-,857,218,525,113,-,168,29,139,-,-,25,4,21,-,-,4,-,4,-,-,-,-,-,-,-
,,Indígena,34,32,1,1,-,32,32,-,-,-,-,-,-,-,-,-,-,-,-,-,1,-,-,1,-,-,-,-,-,-,1,-,1,-,-,-,-,-,-,-
,18 a 64 anos,Total,200659,41643,35528,77769,45719,24789,3780,3185,9589,8235,72920,11712,11459,29547,20203,68552,15372,13741,26970,12469,22528,6480,4859,7953,3236,8506,2966,1583,2771,1186,1505,636,293,361,214,875,408,227,185,56
,,Branca,66863,10044,9672,25551,21596,9561,1061,974,3461,4064,25724,2883,3164,9992,9684,21350,3297,3726,8632,5695,6821,1781,1160,2394,1484,2401,712,460,744,485,401,132,82,95,91,278,110,76,80,13
,,Preta,22563,5714,4500,8598,3750,2357,419,366,950,621,7715,1506,1457,3078,1674,8188,2312,1719,3208,949,2933,881,769,919,364,995,418,92,363,122,189,84,41,44,21,103,63,28,12,-
,,Amarela,648,63,95,162,328,113,8,7,11,86,266,-,22,102,141,174,21,49,26,79,39,11,6,11,11,45,23,11,-,10,-,-,-,-,-,-,-,-,-,-
,,Parda,110101,25711,21192,43227,19970,12674,2283,1829,5126,3436,39079,7291,6813,16305,8670,38741,9712,8234,15050,5745,12636,3785,2885,4590,1375,5019,1794,1015,1643,568,902,421,168,220,93,488,235,123,87,42
,,Indígena,485,111,69,231,75,85,9,8,41,27,136,31,2,69,34,99,30,13,54,2,100,22,39,38,1,46,19,5,21,1,14,-,2,2,10,6,-,-,6,-
,65 anos ou mais,Total,4075,2134,455,852,634,516,231,64,80,141,1440,675,123,354,288,1291,659,200,253,178,420,305,29,86,-,264,196,19,42,6,58,17,-,20,21,22,14,9,-,-
,,Branca,1904,796,236,477,396,259,77,38,48,95,726,269,58,208,191,613,263,106,145,99,167,105,22,40,-,118,71,10,36,-,21,10,-,-,11,-,-,-,-,-
,,Preta,315,192,46,34,44,25,25,-,-,-,101,30,20,18,33,89,70,8,-,11,59,43,-,17,-,17,8,9,-,-,-,-,-,-,-,13,4,9,-,-
,,Amarela,11,-,-,-,11,-,-,-,-,-,-,-,-,-,-,11,-,-,-,11,-,-,-,-,-,-,-,-,-,-,-,-,-,-,-,-,-,-,-,-
,,Parda,1824,1137,174,330,183,231,128,26,32,45,613,376,44,129,65,558,318,86,97,57,194,157,7,30,-,129,116,-,6,6,36,7,-,20,10,10,10,-,-,-
,,Indígena,21,9,-,11,1,1,-,-,-,1,-,-,-,-,-,20,9,-,11,-,-,-,-,-,-,-,-,-,-,-,-,-,-,-,-,-,-,-,-,-
Goiânia,Total,Total,1475978,286456,237994,595701,355827,143176,23806,22657,57426,39287,371000,61470,56067,148335,105128,491542,94900,77789,199517,119336,304938,62752,50060,125089,67038,135720,35424,26665,54612,19019,12854,4098,2396,4313,2047,4138,1145,592,1211,1191
,,Branca,546764,81239,69880,212267,183378,57029,7562,7300,22005,20162,150609,19165,17947,57045,56451,181702,26755,22322,70104,62520,105661,16853,13904,42225,32680,40801,8856,6791,16701,8453,3925,959,662,1398,906,1873,264,260,632,717
,,Preta,147717,37777,27856,58030,24054,11653,2579,2299,4695,2081,31690,7134,5189,12621,6746,48070,12224,9017,18893,7937,34262,8657,6875,13444,5286,18317,5631,3859,7204,1623,2010,917,389,556,148,381,151,58,132,40
,,Amarela,4494,476,726,1653,1640,469,51,89,132,197,1458,112,242,589,515,1469,184,221,465,599,858,85,110,347,317,180,25,46,101,8,22,19,-,-,3,37,-,19,19,-
,,Parda,774568,166247,139140,322851,146331,73778,13502,12945,30550,16781,186699,34929,32602,77874,41293,259431,55482,46078,109692,48177,163693,37023,29080,68926,28665,76158,20825,15930,30510,8893,6895,2203,1344,2358,991,1801,730,255,382,434
,,Indígena,2435,717,392,901,425,247,112,24,44,67,544,130,85,206,123,870,255,151,362,103,463,134,92,148,90,263,87,40,94,42,2,-,1,1,-,46,-,-,46,-
,10 a 17 anos,Total,27297,6951,18628,1718,-,3897,1197,2521,178,-,7831,2062,5351,418,-,8262,2182,5577,503,-,4384,966,3094,324,-,2601,462,1873,266,-,132,32,100,-,-,29,29,-,-,-
,,Branca,8339,1803,5880,656,-,1165,349,773,43,-,2600,549,1863,189,-,2326,497,1666,163,-,1441,243,1033,165,-,684,146,454,85,-,51,20,32,-,-,-,-,-,-,-
,,Preta,2802,752,1924,125,-,414,54,355,5,-,644,211,416,16,-,977,347,539,92,-,402,117,272,13,-,347,23,324,-,-,18,-,18,-,-,-,-,-,-,-
,,Amarela,57,-,57,-,-,12,-,12,-,-,22,-,22,-,-,23,-,23,-,-,-,-,-,-,-,-,-,-,-,-,-,-,-,-,-,-,-,-,-,-
,,Parda,16010,4368,10716,926,-,2283,793,1360,130,-,4542,1300,3029,213,-,4907,1313,3346,248,-,2541,606,1789,146,-,1554,293,1091,171,-,62,12,50,-,-,29,29,-,-,-
,,Indígena,89,27,52,11,-,22,1,21,-,-,24,2,22,-,-,28,24,4,-,-,-,-,-,-,-,15,-,5,11,-,-,-,-,-,-,-,-,-,-,-
,18 a 64 anos,Total,1409691,262465,214840,585480,346906,135102,20845,19763,56421,38073,353106,55456,49529,145581,102540,470450,87030,70704,196298,116417,293375,58379,46146,123246,65603,129762,33319,24343,53603,18497,12264,3838,2257,4212,1957,3849,1041,592,1118,1099
,,Branca,519183,73032,61721,207030,177400,53503,6387,6305,21477,19334,142975,17168,15453,55632,54722,172836,24022,19911,68283,60621,101034,15517,12486,41392,31639,38685,8140,6170,16292,8082,3657,879,601,1321,857,1723,210,260,580,674
,,Preta,141852,35082,25693,57394,23683,10988,2371,1939,4615,2063,30254,6522,4713,12482,6537,46162,11168,8435,18706,7854,33149,8149,6518,13258,5225,17683,5410,3491,7160,1622,1946,871,371,556,148,381,151,58,132,40
,,Amarela,4249,472,659,1596,1522,456,51,77,132,197,1374,112,221,557,485,1346,181,188,465,512,845,85,110,333,317,168,25,46,89,8,22,19,-,-,3,37,-,19,19,-
,,Parda,742125,153236,126436,318572,143881,69934,11928,11439,30154,16412,178000,31544,29079,76704,40673,249277,51442,42024,108484,47328,157898,34495,26951,68115,28337,72994,19672,14601,29979,8742,6637,2069,1284,2334,950,1662,680,255,342,385
,,Indígena,2281,643,330,888,420,221,108,3,43,67,503,111,63,206,123,828,218,146,361,103,448,134,82,148,85,233,72,35,83,42,2,-,1,1,-,46,-,-,46,-
,65 anos ou mais,Total,38990,17041,4526,8503,8921,4176,1764,372,826,1214,10063,3951,1187,2336,2588,12831,5688,1508,2716,2919,7179,3407,819,1519,1435,3357,1643,450,742,522,458,228,39,101,90,260,75,-,93,92
,,Branca,19242,6404,2279,4581,5978,2360,827,221,485,828,5034,1448,632,1225,1729,6540,2236,746,1659,1900,3186,1093,384,668,1041,1433,570,167,325,370,216,60,29,78,49,150,54,-,52,43
,,Preta,3063,1943,238,511,371,251,153,6,75,17,793,401,61,122,209,931,709,43,96,83,711,392,85,173,61,288,198,44,45,1,46,46,-,-,-,-,-,-,-,-
,,Amarela,188,4,10,57,117,-,-,-,-,-,63,-,-,32,31,100,4,10,-,86,14,-,-,14,-,12,-,-,12,-,-,-,-,-,-,-,-,-,-,-
,,Parda,16433,8643,1988,3352,2450,1561,781,145,265,369,4157,2085,495,957,620,5246,2727,709,960,850,3254,1922,340,664,328,1610,860,238,360,151,196,122,10,23,41,110,21,-,40,49
,,Indígena,64,47,10,2,4,4,3,-,1,-,17,17,-,-,-,14,13,-,1,-,14,-,10,-,4,15,15,-,-,-,-,-,-,-,-,-,-,-,-,-
Itumbiara,Total,Total,179085,44610,33124,66897,34455,29122,4997,4599,10964,8562,70992,14789,12575,28029,15600,50970,15796,10485,18398,6291,20642,6604,3986,7275,2778,4956,1557,1078,1398,924,642,238,129,214,61,455,176,63,160,56
,,Branca,75356,15502,11812,28799,19244,14246,2109,1938,5158,5041,30982,5408,4522,12346,8705,19299,4973,3585,7414,3327,7841,2194,1257,2932,1459,1969,476,342,614,537,237,80,36,101,19,207,94,28,65,21
,,Preta,15459,5313,3206,5046,1894,1915,391,364,743,417,5975,1785,1170,2113,907,5096,2102,1101,1539,354,1895,791,427,536,141,445,177,135,79,55,66,27,9,14,16,5,-,-,5,-
,,Amarela,531,83,71,294,84,100,3,-,72,25,223,50,25,99,50,93,2,29,61,-,89,9,8,63,9,27,18,9,-,-,-,-,-,-,-,-,-,-,-,-
,,Parda,87558,23638,17976,32729,13215,12806,2474,2282,4979,3070,33781,7546,6835,13472,5928,26432,8696,5753,9374,2610,10794,3590,2294,3742,1169,2499,875,587,705,331,339,131,84,98,26,243,82,35,90,35
,,Indígena,181,74,59,30,18,57,21,15,12,8,32,-,22,-,9,49,22,17,10,-,23,20,-,3,-,16,11,5,-,-,-,-,-,-,-,-,-,-,-,-
,10 a 17 anos,Total,4190,1225,2732,232,-,810,279,464,67,-,1849,528,1220,102,-,1121,281,787,53,-,355,111,234,10,-,51,26,25,-,-,-,-,-,-,-,-,-,-,-,-
,,Branca,1532,413,1020,99,-,346,109,192,45,-,675,189,445,41,-,387,85,289,13,-,89,11,79,-,-,35,20,15,-,-,-,-,-,-,-,-,-,-,-,-
,,Preta,284,53,219,12,-,31,8,23,-,-,152,28,112,12,-,63,7,56,-,-,38,10,28,-,-,-,-,-,-,-,-,-,-,-,-,-,-,-,-,-
,,Amarela,27,4,2,22,-,-,-,-,-,-,25,4,-,22,-,2,-,2,-,-,-,-,-,-,-,-,-,-,-,-,-,-,-,-,-,-,-,-,-,-
,,Parda,2347,755,1492,100,-,434,162,249,23,-,997,308,662,27,-,669,189,440,40,-,228,90,127,10,-,16,6,10,-,-,-,-,-,-,-,-,-,-,-,-
,,Indígena,-,-,-,-,-,-,-,-,-,-,-,-,-,-,-,-,-,-,-,-,-,-,-,-,-,-,-,-,-,-,-,-,-,-,-,-,-,-,-,-
,18 a 64 anos,Total,169365,39950,29789,65790,33836,27304,4197,4059,10709,8339,67287,13205,11134,27552,15396,48287,14423,9545,18155,6164,19665,6002,3679,7211,2772,4636,1394,1020,1357,865,596,221,112,202,61,433,158,59,160,56
,,Branca,71043,13426,10515,28240,18863,13270,1696,1690,4964,4921,29478,4744,4013,12170,8550,18162,4368,3231,7310,3252,7437,1949,1147,2888,1453,1820,421,315,573,511,207,67,19,101,19,189,79,24,65,21
,,Preta,14784,4977,2920,4996,1891,1865,371,340,737,417,5628,1628,1008,2084,907,4927,2007,1041,1528,351,1811,735,399,536,141,435,177,124,79,55,66,27,9,14,16,5,-,-,5,-
,,Amarela,483,71,69,267,76,92,3,-,72,17,198,47,25,77,50,83,-,27,56,-,89,9,8,63,9,21,12,9,-,-,-,-,-,-,-,-,-,-,-,-
,,Parda,82897,21416,16225,32267,12988,12021,2107,2015,4925,2975,31952,6787,6065,13221,5879,25080,8029,5230,9261,2560,10314,3298,2126,3722,1169,2344,773,567,705,299,323,126,84,87,26,239,79,35,90,35
,,Indígena,158,61,59,20,18,57,21,15,12,8,32,-,22,-,9,36,19,17,-,-,13,10,-,3,-,16,11,5,-,-,-,-,-,-,-,-,-,-,-,-
,65 anos ou mais,Total,5531,3434,603,875,619,1007,521,76,187,223,1856,1055,221,375,204,1561,1092,153,189,127,623,491,73,53,6,269,138,32,41,59,46,17,17,11,-,22,18,4,-,-
,,Branca,2782,1663,277,460,382,630,304,57,150,120,828,475,63,135,155,751,520,65,91,75,315,234,32,44,6,114,35,12,41,26,30,12,17,-,-,18,15,4,-,-
,,Preta,390,283,67,37,3,20,12,2,6,-,196,129,50,17,-,106,88,4,10,3,46,46,-,-,-,11,-,11,-,-,-,-,-,-,-,-,-,-,-,-
,,Amarela,22,8,-,5,8,8,-,-,-,8,-,-,-,-,-,8,2,-,5,-,-,-,-,-,-,6,6,-,-,-,-,-,-,-,-,-,-,-,-,-
,,Parda,2315,1466,259,362,227,350,205,18,32,95,832,451,108,224,49,683,478,83,73,50,252,202,41,10,-,139,96,10,-,33,16,5,-,11,-,3,3,-,-,-
,,Indígena,23,13,-,10,-,-,-,-,-,-,-,-,-,-,-,13,3,-,10,-,10,10,-,-,-,-,-,-,-,-,-,-,-,-,-,-,-,-,-,-
Rio Verde,Total,Total,263706,64573,46460,101347,51326,32424,5375,4849,12421,9779,92464,17851,13796,37471,23346,84123,23253,16875,32564,11431,37048,11631,7772,13114,4531,13151,4873,2319,4360,1599,1500,623,290,340,247,681,253,150,222,56
,,Branca,96875,18963,14045,36117,27749,13883,1717,1797,5015,5355,36800,5576,4347,13962,12915,27831,6439,4533,10920,5939,11962,3200,2244,4282,2235,4602,1458,792,1389,962,494,146,99,108,140,293,103,70,94,26
,,Preta,25925,8471,5238,9314,2902,2628,655,404,997,572,7760,2027,1549,3007,1177,8836,3095,1939,3191,611,4572,1782,960,1511,319,1639,729,253,511,146,211,102,46,43,20,56,39,12,-,5
,,Amarela,594,46,77,272,200,76,-,16,19,41,200,9,30,85,76,182,13,11,87,71,98,14,10,67,7,14,-,-,14,-,10,10,-,-,-,-,-,-,-,-
,,Parda,140085,37023,27049,55557,20456,15814,2993,2626,6385,3811,47627,10218,7841,20400,9169,47183,13668,10391,18324,4799,20381,6635,4545,7232,1970,6895,2685,1274,2445,490,785,365,145,189,87,331,111,67,128,25
,,Indígena,227,70,50,88,19,23,10,7,6,-,76,20,30,18,9,92,38,1,42,11,34,-,12,22,-,2,1,-,1,-,-,-,-,-,-,-,-,-,-,-
,10 a 17 anos,Total,6105,1628,4018,459,-,936,231,660,44,-,2413,600,1563,250,-,2059,518,1401,140,-,544,235,287,21,-,111,41,67,3,-,10,-,10,-,-,3,3,-,-,-
,,Branca,2132,532,1396,204,-,386,82,282,21,-,982,212,610,160,-,614,162,430,23,-,121,64,58,-,-,19,13,6,-,-,-,-,-,-,-,-,-,-,-,-
,,Preta,507,184,295,27,-,89,24,60,4,-,193,65,115,13,-,149,58,81,10,-,77,37,39,-,-,-,-,-,-,-,-,-,-,-,-,-,-,-,-,-
,,Amarela,4,-,4,-,-,4,-,4,-,-,-,-,-,-,-,-,-,-,-,-,-,-,-,-,-,-,-,-,-,-,-,-,-,-,-,-,-,-,-,-
,,Parda,3461,912,2322,227,-,458,125,314,19,-,1238,323,838,77,-,1295,298,891,106,-,346,134,190,21,-,92,28,61,3,-,10,-,10,-,-,3,3,-,-,-
,,Indígena,-,-,-,-,-,-,-,-,-,-,-,-,-,-,-,-,-,-,-,-,-,-,-,-,-,-,-,-,-,-,-,-,-,-,-,-,-,-,-,-
,18 a 64 anos,Total,250998,58967,41689,99869,50472,30592,4699,4089,12215,9590,88012,16106,12040,36864,23003,80206,21490,15255,32182,11280,35528,10822,7362,12959,4386,12494,4464,2180,4276,1574,1381,527,267,340,247,662,234,150,222,56
,,Branca,91581,16837,12267,35305,27172,13038,1445,1450,4910,5233,34890,4920,3680,13589,12701,26478,5816,4021,10793,5848,11290,2923,2093,4166,2108,4266,1261,744,1324,937,448,113,87,108,140,283,93,70,94,26
,,Preta,24772,7789,4837,9254,2891,2480,571,344,993,572,7370,1846,1382,2975,1167,8505,2888,1834,3172,611,4378,1647,901,1511,319,1560,664,243,507,146,202,93,46,43,20,56,39,12,-,5
,,Amarela,552,43,73,237,200,70,-,12,16,41,200,9,30,85,76,153,10,11,61,71,98,14,10,67,7,7,-,-,7,-,10,10,-,-,-,-,-,-,-,-
,,Parda,133872,34229,24468,54985,20190,14987,2672,2282,6289,3744,45476,9311,6918,20197,9049,44978,12737,9388,18113,4739,19728,6239,4345,7194,1951,6659,2539,1193,2437,490,721,311,135,189,87,323,103,67,128,25
,,Indígena,221,70,44,88,19,17,10,1,6,-,76,20,30,18,9,92,38,1,42,11,34,-,12,22,-,2,1,-,1,-,-,-,-,-,-,-,-,-,-,-
,65 anos ou mais,Total,6604,3977,754,1020,853,896,445,100,163,189,2039,1145,193,358,344,1858,1246,219,243,151,976,574,124,133,145,546,368,71,81,25,109,97,12,-,-,15,15,-,-,-
,,Branca,3162,1594,382,608,578,459,189,65,84,122,928,445,56,214,214,738,462,82,104,91,551,214,94,117,126,316,184,42,65,25,45,33,12,-,-,10,10,-,-,-
,,Preta,646,498,106,32,10,60,60,-,-,-,198,116,52,19,10,182,149,24,9,-,118,98,20,-,-,79,65,10,4,-,9,9,-,-,-,-,-,-,-,-
,,Amarela,38,3,-,35,-,2,-,-,2,-,-,-,-,-,-,29,3,-,26,-,-,-,-,-,-,7,-,-,7,-,-,-,-,-,-,-,-,-,-,-
,,Parda,2752,1883,259,345,266,369,196,29,77,67,913,583,85,125,120,909,632,112,104,60,307,262,10,17,19,144,119,20,5,-,54,54,-,-,-,5,5,-,-,-
,,Indígena,6,-,6,-,-,6,-,6,-,-,-,-,-,-,-,-,-,-,-,-,-,-,-,-,-,-,-,-,-,-,-,-,-,-,-,-,-,-,-,-
São Luís de Montes Belos - Iporá,Total,Total,107135,28026,19403,39906,19801,21025,3505,3423,8399,5698,39175,8877,6987,15379,7933,30203,9736,5810,10395,4262,11890,4121,2294,4185,1291,3153,1184,560,983,424,481,182,78,198,22,436,168,84,135,49
,,Branca,39521,8990,6492,14955,9085,9122,1193,1435,3576,2918,14283,2946,2138,5878,3321,10309,2996,1875,3538,1900,4081,1241,765,1422,653,1116,375,170,358,212,172,77,25,69,-,160,70,21,58,11
,,Preta,8603,3187,1661,2794,961,1338,361,290,481,206,2989,946,607,983,453,2546,1042,476,795,233,1250,569,214,417,50,295,170,26,80,19,64,36,13,13,1,59,32,12,15,-
,,Amarela,165,30,28,53,54,39,4,4,22,9,72,18,24,11,19,47,9,-,11,26,7,-,-,7,-,-,-,-,-,-,-,-,-,-,-,-,-,-,-,-
,,Parda,58664,15779,11163,22026,9696,10490,1940,1691,4293,2565,21785,4965,4185,8500,4135,17221,5662,3441,6014,2103,6542,2306,1310,2338,588,1732,639,363,537,193,245,69,39,116,21,217,66,51,62,38
,,Indígena,182,39,59,79,5,36,7,3,27,-,47,2,33,7,5,81,26,18,37,-,9,5,4,-,-,9,-,1,8,-,-,-,-,-,-,-,-,-,-,-
,10 a 17 anos,Total,2714,711,1838,164,-,750,208,513,29,-,1150,260,820,70,-,685,215,417,53,-,107,17,80,10,-,21,12,6,3,-,-,-,-,-,-,-,-,-,-,-
,,Branca,931,197,655,78,-,325,71,232,22,-,355,48,283,24,-,186,50,117,19,-,48,16,22,10,-,15,12,-,3,-,-,-,-,-,-,-,-,-,-,-
,,Preta,225,66,146,14,-,44,5,39,-,-,138,41,93,4,-,43,20,14,9,-,-,-,-,-,-,-,-,-,-,-,-,-,-,-,-,-,-,-,-,-
,,Amarela,3,-,3,-,-,-,-,-,-,-,3,-,3,-,-,-,-,-,-,-,-,-,-,-,-,-,-,-,-,-,-,-,-,-,-,-,-,-,-,-
,,Parda,1544,448,1023,72,-,381,132,243,7,-,642,171,430,41,-,455,145,286,24,-,59,1,58,-,-,6,-,6,-,-,-,-,-,-,-,-,-,-,-,-
,,Indígena,11,-,11,-,-,-,-,-,-,-,11,-,11,-,-,-,-,-,-,-,-,-,-,-,-,-,-,-,-,-,-,-,-,-,-,-,-,-,-,-
,18 a 64 anos,Total,101160,25428,17201,39149,19383,19634,3021,2836,8211,5565,37014,8080,6097,15117,7720,28515,8846,5258,10204,4207,11373,3838,2131,4119,1285,2984,1069,554,947,412,473,175,78,198,22,432,168,84,131,49
,,Branca,37201,8075,5625,14617,8885,8487,1027,1159,3468,2833,13547,2704,1819,5785,3239,9713,2696,1687,3462,1868,3839,1117,684,1387,651,1039,320,170,337,212,164,69,25,69,-,156,70,21,54,11
,,Preta,8158,2984,1500,2733,941,1262,330,251,474,206,2788,866,514,972,437,2409,972,452,752,233,1225,553,210,417,45,289,164,26,80,19,64,36,13,13,1,59,32,12,15,-
,,Amarela,147,30,23,43,51,34,4,2,22,6,60,18,21,2,19,47,9,-,11,26,7,-,-,7,-,-,-,-,-,-,-,-,-,-,-,-,-,-,-,-
,,Parda,55486,14299,10005,21681,9501,9815,1654,1421,4220,2521,20582,4491,3721,8351,4019,16270,5142,3101,5946,2081,6294,2164,1234,2308,588,1646,586,357,522,182,245,69,39,116,21,217,66,51,62,38
,,Indígena,167,39,49,74,5,36,7,3,27,-,37,2,23,7,5,76,26,18,32,-,9,5,4,-,-,9,-,1,8,-,-,-,-,-,-,-,-,-,-,-
,65 anos ou mais,Total,3261,1887,363,593,419,642,276,74,159,133,1012,537,70,192,213,1004,675,135,139,55,409,266,82,56,6,148,103,-,33,12,7,7,-,-,-,4,-,-,4,-
,,Branca,1389,718,212,259,200,311,95,44,86,85,381,194,37,69,81,410,250,71,57,32,194,108,60,25,2,62,44,-,18,-,7,7,-,-,-,4,-,-,4,-
,,Preta,219,137,15,47,20,32,26,-,7,-,62,39,-,6,16,94,50,10,34,-,26,17,5,-,4,6,6,-,-,-,-,-,-,-,-,-,-,-,-,-
,,Amarela,15,-,2,9,3,6,-,2,-,3,9,-,-,9,-,-,-,-,-,-,-,-,-,-,-,-,-,-,-,-,-,-,-,-,-,-,-,-,-,-
,,Parda,1634,1032,135,273,195,293,155,27,66,45,560,304,33,108,116,495,375,54,44,22,189,141,18,30,-,80,53,-,15,12,-,-,-,-,-,-,-,-,-,-
,,Indígena,4,-,-,4,-,-,-,-,-,-,-,-,-,-,-,4,-,-,4,-,-,-,-,-,-,-,-,-,-,-,-,-,-,-,-,-,-,-,-,-
Porangatu - Uruaçu,Total,Total,185799,46536,30489,73909,34865,33962,5315,4205,14334,10108,67299,13885,10864,27896,14654,49035,15859,9171,18218,5787,22818,7317,3734,8883,2884,8812,2745,1810,3294,963,1397,502,236,512,147,831,322,155,190,164
,,Branca,57158,11825,7974,23275,14085,11870,1461,1245,4846,4319,21358,3617,2826,9072,5843,14130,3905,2367,5581,2278,6289,1832,897,2441,1119,2363,713,425,811,415,316,70,72,154,21,209,54,53,62,41
,,Preta,18991,6325,3517,6725,2424,2518,556,402,1011,549,6266,1755,996,2462,1052,5542,2183,1305,1666,389,3000,1229,446,1007,319,1143,383,239,449,73,165,61,31,63,10,167,76,37,22,32
,,Amarela,351,91,65,124,71,38,6,5,3,24,148,38,22,55,34,84,16,11,53,4,19,6,12,-,-,48,20,15,12,-,-,-,-,-,-,-,-,-,-,-
,,Parda,108908,28127,18841,43710,18231,19455,3274,2531,8448,5202,39419,8435,7011,16286,7687,29164,9699,5436,10916,3114,13457,4231,2371,5410,1446,5249,1621,1131,2022,475,899,355,133,295,116,454,192,65,106,91
,,Indígena,390,168,91,76,55,80,19,23,25,13,108,40,8,22,38,115,56,52,3,4,53,20,8,26,-,9,9,-,-,-,16,16,-,-,-,-,-,-,-,-
,10 a 17 anos,Total,4479,1200,2907,372,-,933,223,597,113,-,2020,522,1365,133,-,1160,356,682,122,-,281,86,190,5,-,52,8,44,-,-,5,-,5,-,-,-,-,-,-,-
,,Branca,1208,273,849,86,-,236,34,182,19,-,581,139,399,43,-,277,67,186,24,-,83,24,58,-,-,24,5,19,-,-,5,-,5,-,-,-,-,-,-,-
,,Preta,362,87,246,29,-,67,14,33,20,-,95,15,71,9,-,172,40,132,-,-,28,18,9,-,-,-,-,-,-,-,-,-,-,-,-,-,-,-,-,-
,,Amarela,4,4,-,-,-,-,-,-,-,-,4,4,-,-,-,-,-,-,-,-,-,-,-,-,-,-,-,-,-,-,-,-,-,-,-,-,-,-,-,-
,,Parda,2905,836,1812,257,-,630,174,381,75,-,1340,364,895,81,-,711,249,364,97,-,170,43,123,5,-,27,2,25,-,-,-,-,-,-,-,-,-,-,-,-
,,Indígena,-,-,-,-,-,-,-,-,-,-,-,-,-,-,-,-,-,-,-,-,-,-,-,-,-,-,-,-,-,-,-,-,-,-,-,-,-,-,-,-
,18 a 64 anos,Total,176647,42277,27115,72865,34390,32264,4726,3507,14103,9929,63859,12503,9426,27473,14456,46443,14482,8304,17934,5723,21959,6758,3487,8844,2870,8508,2543,1735,3270,960,1350,484,219,505,142,794,297,155,190,152
,,Branca,54261,10657,6875,22902,13827,11345,1312,1020,4779,4235,20283,3259,2390,8895,5738,13288,3518,2055,5491,2224,6009,1636,827,2433,1113,2268,657,385,811,415,282,64,55,147,15,207,54,53,62,38
,,Preta,18104,5833,3214,6649,2408,2431,539,369,981,543,6008,1619,920,2425,1044,5208,2009,1147,1666,386,2860,1122,421,998,319,1118,368,229,449,73,156,52,31,63,10,164,73,37,22,32
,,Amarela,338,87,65,115,71,38,6,5,3,24,135,34,22,46,34,84,16,11,53,4,19,6,12,-,-,48,20,15,12,-,-,-,-,-,-,-,-,-,-,-
,,Parda,103554,25532,16870,43123,18029,18370,2851,2090,8315,5114,37324,7551,6086,16085,7602,27749,8882,5041,10721,3106,13018,3974,2219,5388,1438,5065,1489,1106,1998,472,896,352,133,295,116,423,170,65,106,82
,,Indígena,390,168,91,76,55,80,19,23,25,13,108,40,8,22,38,115,56,52,3,4,53,20,8,26,-,9,9,-,-,-,16,16,-,-,-,-,-,-,-,-
,65 anos ou mais,Total,4674,3059,467,672,475,765,367,102,118,178,1420,860,72,290,198,1432,1021,184,163,64,578,473,57,34,14,253,195,31,24,3,42,18,12,7,5,37,25,-,-,12
,,Branca,1690,895,250,287,258,290,115,42,48,85,495,219,37,134,105,565,319,127,65,54,197,171,11,8,6,71,50,21,-,-,30,5,12,7,5,3,-,-,-,3
,,Preta,526,405,58,47,16,20,3,-,11,6,162,121,6,27,8,163,134,27,-,2,113,88,16,8,-,25,15,10,-,-,9,9,-,-,-,3,3,-,-,-
,,Amarela,9,-,-,9,-,-,-,-,-,-,9,-,-,9,-,-,-,-,-,-,-,-,-,-,-,-,-,-,-,-,-,-,-,-,-,-,-,-,-,-
,,Parda,2449,1759,159,330,202,456,249,60,58,88,754,520,30,120,85,705,568,31,97,8,269,213,29,18,8,157,130,-,24,3,3,3,-,-,-,31,22,-,-,9
,,Indígena,-,-,-,-,-,-,-,-,-,-,-,-,-,-,-,-,-,-,-,-,-,-,-,-,-,-,-,-,-,-,-,-,-,-,-,-,-,-,-,-
Luziânia - Águas Lindas de Goiás,Total,Total,547669,128897,96767,237310,84695,37091,6076,5423,16071,9521,94636,17113,14398,41645,21480,129292,32879,24375,53623,18414,129391,31301,23400,56824,17866,139630,35706,25470,63012,15442,12032,4017,2612,4354,1049,1539,500,339,426,272
,,Branca,141496,27922,23030,61611,28932,10715,1453,1372,4664,3226,26243,3600,3673,11478,7492,33811,6987,5834,14499,6491,32272,6639,5359,14171,6102,34172,7963,5883,15346,4980,2760,772,634,1019,335,459,169,62,172,56
,,Preta,84788,23107,15155,35329,11198,4981,992,751,1982,1257,13167,3204,2014,5573,2376,19880,6135,3430,7811,2504,20792,5413,4089,8794,2496,22929,6188,4148,10327,2267,2111,857,535,582,136,263,63,61,63,76
,,Amarela,1176,209,114,518,335,99,-,-,70,29,177,-,13,51,113,242,61,24,99,57,285,60,17,154,54,370,88,60,144,78,-,-,-,-,-,-,-,-,-,-
,,Parda,319088,77213,58243,139523,44109,21252,3623,3276,9356,4996,54932,10293,8657,24514,11468,75137,19650,15059,31090,9338,75737,19059,13861,33642,9175,81814,21266,15356,37089,8102,7126,2364,1432,2753,578,796,269,195,191,140
,,Indígena,1122,446,225,329,122,44,8,23,-,13,118,17,42,28,32,222,47,28,124,23,306,129,74,63,39,345,201,23,106,15,35,24,11,-,-,21,-,21,-,-
,10 a 17 anos,Total,9132,2402,6251,478,-,1124,268,813,43,-,2541,582,1810,149,-,2752,774,1807,171,-,1384,420,943,21,-,1158,294,791,72,-,67,2,55,10,-,33,-,20,13,-
,,Branca,2240,516,1525,200,-,327,83,225,18,-,634,142,439,53,-,635,128,449,57,-,307,89,217,2,-,274,56,171,47,-,33,-,23,10,-,13,-,-,13,-
,,Preta,1203,329,814,59,-,118,13,101,4,-,296,81,189,26,-,364,126,212,26,-,208,58,150,-,-,185,44,138,3,-,10,-,10,-,-,15,-,15,-,-
,,Amarela,24,-,24,-,-,-,-,-,-,-,-,-,-,-,-,14,-,14,-,-,-,-,-,-,-,10,-,10,-,-,-,-,-,-,-,-,-,-,-,-
,,Parda,5622,1528,3875,219,-,675,168,486,21,-,1609,359,1180,70,-,1739,520,1132,88,-,869,274,576,19,-,666,182,462,22,-,24,2,21,-,-,5,-,5,-,-
,,Indígena,43,30,13,-,-,3,3,-,-,-,2,-,2,-,-,1,-,1,-,-,-,-,-,-,-,23,12,10,-,-,-,-,-,-,-,-,-,-,-,-
,18 a 64 anos,Total,530370,121635,89435,235377,83923,35158,5410,4495,15854,9398,90719,15788,12436,41194,21300,124409,30792,22291,53068,18259,126384,29900,22230,56566,17688,136592,34215,24432,62608,15337,11800,3924,2505,4331,1040,1478,492,320,413,253
,,Branca,136400,26039,21062,60811,28488,10084,1233,1111,4591,3148,25045,3227,3153,11264,7400,32435,6577,5232,14235,6391,31343,6211,5067,14072,5992,33334,7538,5628,15233,4935,2699,770,598,1004,326,436,169,62,160,46
,,Preta,82403,21910,14221,35104,11168,4738,904,623,1955,1257,12707,3007,1808,5516,2376,19279,5819,3214,7743,2503,20378,5197,3913,8782,2486,22373,5885,3965,10275,2248,2062,826,525,574,136,249,63,47,63,76
,,Amarela,1099,209,90,491,308,99,-,-,70,29,167,-,13,51,103,212,61,11,99,41,268,60,17,137,54,350,88,50,134,78,-,-,-,-,-,-,-,-,-,-
,,Parda,309418,73077,53863,138642,43837,20209,3268,2752,9239,4951,52694,9547,7422,24335,11390,72269,18295,13806,30868,9300,74090,18303,13159,33512,9116,80213,20516,14775,36860,8061,7005,2304,1371,2753,578,773,261,190,191,130
,,Indígena,1049,400,199,329,122,27,4,10,-,13,106,6,40,28,32,215,41,27,124,23,306,129,74,63,39,323,189,13,106,15,35,24,11,-,-,21,-,21,-,-
,65 anos ou mais,Total,8168,4860,1081,1455,771,810,398,114,173,124,1377,743,152,302,180,2130,1313,278,383,156,1623,981,226,237,178,1879,1197,246,332,105,165,91,52,13,9,28,8,-,-,20
,,Branca,2856,1368,444,601,444,305,137,35,55,78,565,232,80,161,92,741,282,152,207,100,622,339,75,98,110,564,369,83,66,45,28,2,13,5,9,10,-,-,-,10
,,Preta,1182,868,120,165,29,125,74,27,23,-,164,115,17,32,-,238,190,5,42,1,207,159,26,12,10,370,259,45,48,19,39,31,-,8,-,-,-,-,-,-
,,Amarela,53,-,-,27,26,-,-,-,-,-,10,-,-,-,10,16,-,-,-,16,17,-,-,17,-,10,-,-,10,-,-,-,-,-,-,-,-,-,-,-
,,Parda,4047,2608,505,662,272,367,187,38,96,46,628,386,55,110,78,1128,835,121,134,39,778,483,125,111,59,935,568,118,207,41,98,58,40,-,-,17,8,-,-,9
,,Indígena,30,16,14,-,-,14,-,14,-,-,10,10,-,-,-,6,6,-,-,-,-,-,-,-,-,-,-,-,-,-,-,-,-,-,-,-,-,-,-,-
Distrito Federal,Total,Total,1157926,143877,130769,439559,443720,57817,7302,7181,21159,22175,195156,17162,16277,60367,101350,346039,35580,33385,119395,157680,366393,48578,43591,154311,119913,168010,30531,27231,74701,35548,8849,2004,1239,4087,1519,1677,437,248,435,557
,,Branca,443825,37122,35824,141308,229571,22519,2294,2195,7130,10900,90436,4554,4636,22119,59126,146287,9434,9355,40697,86801,127113,13017,11784,47012,55299,48240,6805,6887,20715,13832,2374,390,295,1103,586,730,48,93,201,389
,,Preta,146044,26020,20448,59036,40539,6842,1132,676,2775,2259,20318,3029,2422,7420,7447,38786,6019,5047,15122,12598,49433,9098,7063,20805,12467,27492,6048,4713,11759,4973,1506,368,241,666,231,229,99,59,49,21
,,Amarela,4810,301,226,1226,3058,279,33,-,77,169,1055,20,-,190,846,1649,64,103,439,1043,1261,79,123,255,804,371,86,-,148,138,21,-,-,21,-,-,-,-,-,-
,,Parda,561027,79863,73993,237104,170068,28018,3843,4263,11116,8796,83047,9517,9153,30479,33898,158643,19849,18844,62882,57068,187827,26171,24537,85977,51142,91608,17504,15585,41931,16589,4916,1230,704,2296,685,718,290,96,185,148
,,Indígena,2220,572,278,885,485,159,-,46,62,50,300,42,66,159,32,674,215,35,254,170,758,212,83,262,200,298,88,46,148,16,32,15,-,-,16,-,-,-,-,-
,10 a 17 anos,Total,13671,2807,10187,676,-,929,250,677,2,-,2489,578,1742,169,-,3685,675,2794,216,-,4284,897,3138,248,-,1968,286,1641,41,-,23,23,-,-,-,46,-,46,-,-
,,Branca,4290,816,3269,204,-,267,123,143,2,-,872,163,591,118,-,1195,153,1018,23,-,1329,291,998,41,-,582,66,497,19,-,-,-,-,-,-,-,-,-,-,-
,,Preta,1672,366,1239,67,-,65,21,45,-,-,250,100,150,-,-,465,93,372,-,-,671,105,499,67,-,164,47,116,-,-,-,-,-,-,-,24,-,24,-,-
,,Amarela,21,-,-,21,-,-,-,-,-,-,-,-,-,-,-,21,-,-,21,-,-,-,-,-,-,-,-,-,-,-,-,-,-,-,-,-,-,-,-,-
,,Parda,7667,1624,5659,384,-,596,107,489,-,-,1368,316,1002,50,-,2004,428,1404,172,-,2263,502,1621,140,-,1222,173,1028,22,-,23,23,-,-,-,22,-,22,-,-
,,Indígena,21,-,21,-,-,-,-,-,-,-,-,-,-,-,-,-,-,-,-,-,21,-,21,-,-,-,-,-,-,-,-,-,-,-,-,-,-,-,-,-
,18 a 64 anos,Total,1113833,131678,117440,431221,433493,55071,6309,6322,20583,21857,187120,15376,14103,59011,98629,332603,32548,29775,116898,153382,354788,45129,39578,152027,118054,161797,28389,25010,73404,34994,8406,1835,1128,4004,1440,1441,316,201,420,504
,,Branca,424249,32695,31327,137545,222681,21421,1873,2001,6850,10697,86300,3873,3888,21450,57089,139440,8132,7934,39465,83909,122698,11907,10429,46119,54243,45987,6098,6193,20172,13524,2233,326,295,1083,529,662,48,93,185,336
,,Preta,141343,24230,18933,58218,39962,6630,1028,623,2731,2249,19647,2731,2255,7359,7302,37510,5688,4579,14858,12385,47762,8484,6454,20501,12322,26769,5668,4553,11613,4935,1485,347,241,666,231,162,57,35,49,21
,,Amarela,4585,281,186,1101,3016,258,33,-,56,169,970,20,-,147,804,1608,64,83,419,1043,1224,79,104,236,804,371,86,-,148,138,21,-,-,21,-,-,-,-,-,-
,,Parda,541550,73954,66757,233491,167349,26603,3376,3651,10884,8692,79922,8710,7894,29915,33402,153392,18471,17144,61902,55875,182401,24460,22548,84909,50484,88389,16467,14218,41324,16381,4636,1146,593,2234,663,618,211,73,185,148
,,Indígena,2106,519,237,866,485,159,-,46,62,50,280,42,66,140,32,653,194,35,254,170,703,198,42,262,200,280,69,46,148,16,32,15,-,-,16,-,-,-,-,-
,65 anos ou mais,Total,30423,9392,3142,7662,10227,1817,742,182,574,318,5547,1207,432,1187,2720,9752,2357,816,2281,4299,7321,2551,875,2036,1859,4245,1856,580,1255,553,420,147,111,83,79,190,121,-,15,53
,,Branca,15286,3611,1228,3558,6889,830,299,51,277,203,3264,518,158,550,2038,5652,1149,403,1209,2892,3086,820,358,852,1057,1670,641,197,524,308,142,64,-,21,57,69,-,-,15,53
,,Preta,3028,1424,276,751,577,147,84,8,44,11,421,198,18,61,145,811,237,96,264,213,1000,508,110,236,145,559,332,44,146,37,21,21,-,-,-,43,43,-,-,-
,,Amarela,205,20,39,104,42,21,-,-,21,-,85,-,-,43,42,21,-,21,-,-,38,-,19,19,-,-,-,-,-,-,-,-,-,-,-,-,-,-,-,-
,,Parda,11810,4284,1578,3229,2719,819,360,123,232,104,1757,491,257,514,496,3247,950,296,808,1194,3164,1209,367,929,658,1997,863,340,586,208,258,62,111,62,22,78,78,-,-,-
,,Indígena,93,54,21,19,-,-,-,-,-,-,19,-,-,19,-,21,21,-,-,-,35,14,21,-,-,19,19,-,-,-,-,-,-,-,-,-,-,-,-,-
Fonte: IBGE - Censo Demográfico,,,,,,,,,,,,,,,,,,,,,,,,,,,,,,,,,,,,,,,,,,
